,Code,Contig,LeftTelomere,RightTelomere,Length,maxNumLeftTR10kb,maxNumRightTR10kb
1,achine,ctg_1,FALSE,FALSE,33693968,0,5
2,achine,ctg_101032,FALSE,FALSE,26557253,0,1
3,achine,ctg_108803,FALSE,FALSE,8526119,4,2
4,achine,ctg_111240,FALSE,TRUE,8149471,3,1291
5,achine,ctg_113650,TRUE,FALSE,5749796,1300,2
6,achine,ctg_115421,FALSE,FALSE,1440101,3,6
7,achine,ctg_115863,FALSE,FALSE,25742636,2,0
8,achine,ctg_123334,TRUE,FALSE,60072958,1373,0
9,achine,ctg_140945,FALSE,FALSE,13984106,3,1
10,achine,ctg_144900,FALSE,FALSE,11069315,9,2
11,achine,ctg_148177,FALSE,FALSE,23038992,1,2
12,achine,ctg_155171,FALSE,FALSE,11628064,5,0
13,achine,ctg_158565,FALSE,FALSE,15655194,2,0
14,achine,ctg_163283,TRUE,FALSE,26326462,1428,2
15,achine,ctg_170891,TRUE,FALSE,35734046,1428,0
16,achine,ctg_17409,TRUE,FALSE,12104523,1428,1
17,achine,ctg_181358,FALSE,TRUE,32536947,8,996
18,achine,ctg_190796,FALSE,FALSE,10140197,2,0
19,achine,ctg_193864,FALSE,FALSE,8016832,5,6
20,achine,ctg_196132,FALSE,TRUE,35903688,2,1387
21,achine,ctg_206679,FALSE,FALSE,80342180,0,0
22,achine,ctg_20910,FALSE,TRUE,32982814,1,131
23,achine,ctg_230464,TRUE,FALSE,25225021,1313,4
24,achine,ctg_237924,FALSE,FALSE,17820475,1,0
25,achine,ctg_243204,FALSE,FALSE,15438515,2,2
26,achine,ctg_247680,FALSE,FALSE,55168572,0,1
27,achine,ctg_263708,FALSE,FALSE,22041466,5,4
28,achine,ctg_270142,FALSE,FALSE,5748424,2,9
29,achine,ctg_271803,FALSE,FALSE,12200996,0,4
30,achine,ctg_275353,TRUE,FALSE,45048304,1425,5
31,achine,ctg_288726,FALSE,FALSE,25417547,3,4
32,achine,ctg_296150,FALSE,FALSE,3139500,1,3
33,achine,ctg_297118,FALSE,TRUE,13343066,2,1417
34,achine,ctg_301304,FALSE,FALSE,24825896,2,2
35,achine,ctg_30489,TRUE,FALSE,27105833,1326,1
36,achine,ctg_308658,FALSE,TRUE,2272732,5,1428
37,achine,ctg_309310,TRUE,TRUE,1565434,20,17
38,achine,ctg_309835,FALSE,FALSE,6846488,8,2
39,achine,ctg_311832,FALSE,FALSE,15351305,0,4
40,achine,ctg_316335,FALSE,FALSE,1290594,2,2
41,achine,ctg_316948,FALSE,TRUE,101950220,4,1215
42,achine,ctg_346843,FALSE,FALSE,3326956,0,2
43,achine,ctg_347771,FALSE,FALSE,1644942,0,3
44,achine,ctg_348223,FALSE,FALSE,1012065,0,0
45,achine,ctg_348753,FALSE,FALSE,4374092,2,5
46,achine,ctg_350085,TRUE,FALSE,3345191,1242,2
47,achine,ctg_351138,FALSE,FALSE,7163489,2,3
48,achine,ctg_353344,FALSE,FALSE,2114117,3,0
49,achine,ctg_354607,TRUE,FALSE,3831114,1293,2
50,achine,ctg_355803,FALSE,FALSE,4595610,5,1
51,achine,ctg_357224,FALSE,TRUE,1741854,0,1210
52,achine,ctg_357919,FALSE,FALSE,1910612,2,3
53,achine,ctg_358619,FALSE,FALSE,1254173,1,0
54,achine,ctg_360714,FALSE,FALSE,35409480,0,0
55,achine,ctg_38299,FALSE,FALSE,30032966,2,0
56,achine,ctg_46983,FALSE,FALSE,2927415,4,4
57,achine,ctg_47851,FALSE,FALSE,26513593,0,4
58,achine,ctg_55600,FALSE,FALSE,10759566,1,2
59,achine,ctg_58796,FALSE,TRUE,47131829,4,261
60,achine,ctg_72661,TRUE,TRUE,41703944,1425,1304
61,achine,ctg_84863,TRUE,FALSE,16911367,1428,3
62,achine,ctg_89772,FALSE,TRUE,10213788,2,1073
63,achine,ctg_92803,FALSE,FALSE,27829814,0,9
64,achine,ctg_9758,FALSE,FALSE,25971198,0,1
65,agerar,alt-scaf_100,FALSE,FALSE,21386831,1,0
66,agerar,alt-scaf_108,FALSE,FALSE,17340484,2,3
67,agerar,alt-scaf_113,FALSE,TRUE,14543190,1,455
68,agerar,alt-scaf_118,FALSE,FALSE,12462161,0,2
69,agerar,alt-scaf_120,FALSE,TRUE,10341797,2,954
70,agerar,alt-scaf_122,FALSE,FALSE,9220767,2,5
71,agerar,alt-scaf_131,FALSE,TRUE,6762115,4,372
72,agerar,alt-scaf_133,FALSE,TRUE,5996058,0,317
73,agerar,alt-scaf_138,FALSE,FALSE,5013977,0,6
74,agerar,alt-scaf_141,FALSE,FALSE,3418489,4,6
75,agerar,alt-scaf_19,TRUE,FALSE,52476112,1001,1
76,agerar,alt-scaf_23,TRUE,FALSE,47099893,232,5
77,agerar,alt-scaf_24,FALSE,FALSE,47073627,5,5
78,agerar,alt-scaf_43,FALSE,TRUE,40200682,2,609
79,agerar,alt-scaf_54,FALSE,FALSE,37813768,3,0
80,agerar,alt-scaf_64,TRUE,FALSE,35285302,1425,4
81,agerar,alt-scaf_66,FALSE,FALSE,35017673,6,4
82,agerar,alt-scaf_80,TRUE,FALSE,31210945,203,2
83,agerar,alt-scaf_82,TRUE,FALSE,30771115,1402,2
84,agerar,alt-scaf_87,FALSE,FALSE,27320029,1,3
85,agerar,alt-scaf_99,FALSE,FALSE,21510411,1,3
86,agerar,scaf_1,TRUE,TRUE,113468769,1426,209
87,agerar,scaf_10,TRUE,FALSE,57266643,682,0
88,agerar,scaf_101,TRUE,FALSE,20331582,567,6
89,agerar,scaf_102,TRUE,FALSE,19883458,291,3
90,agerar,scaf_103,FALSE,FALSE,19689117,3,2
91,agerar,scaf_104,FALSE,FALSE,18659412,2,4
92,agerar,scaf_105,FALSE,TRUE,18599824,3,1267
93,agerar,scaf_106,FALSE,FALSE,17852035,3,5
94,agerar,scaf_107,FALSE,FALSE,17363813,1,3
95,agerar,scaf_109,TRUE,FALSE,16685093,1359,3
96,agerar,scaf_11,FALSE,FALSE,57140133,2,1
97,agerar,scaf_110,FALSE,FALSE,16492746,0,2
98,agerar,scaf_111,FALSE,FALSE,15818148,2,2
99,agerar,scaf_112,TRUE,FALSE,14671745,644,0
100,agerar,scaf_114,FALSE,FALSE,14167669,2,2
101,agerar,scaf_115,TRUE,FALSE,13797939,12,2
102,agerar,scaf_116,TRUE,FALSE,13195337,235,3
103,agerar,scaf_117,FALSE,FALSE,13031541,2,0
104,agerar,scaf_119,FALSE,FALSE,11911267,0,2
105,agerar,scaf_12,TRUE,FALSE,57064993,798,0
106,agerar,scaf_121,FALSE,FALSE,10006277,5,0
107,agerar,scaf_123,FALSE,TRUE,8042453,1,220
108,agerar,scaf_124,FALSE,FALSE,7995980,1,0
109,agerar,scaf_125,TRUE,FALSE,7706329,98,0
110,agerar,scaf_126,FALSE,FALSE,7684850,2,2
111,agerar,scaf_127,FALSE,TRUE,7102914,2,14
112,agerar,scaf_128,FALSE,FALSE,7053504,6,3
113,agerar,scaf_129,FALSE,TRUE,7032060,2,376
114,agerar,scaf_13,TRUE,FALSE,57059839,1326,2
115,agerar,scaf_130,FALSE,FALSE,6848034,3,6
116,agerar,scaf_132,FALSE,FALSE,6198246,4,3
117,agerar,scaf_134,FALSE,FALSE,5646135,4,1
118,agerar,scaf_135,FALSE,FALSE,5288728,0,3
119,agerar,scaf_136,FALSE,FALSE,5242403,1,2
120,agerar,scaf_137,FALSE,FALSE,5152399,0,0
121,agerar,scaf_139,TRUE,FALSE,4973078,1345,1
122,agerar,scaf_14,FALSE,TRUE,57018130,0,872
123,agerar,scaf_140,FALSE,FALSE,3500000,5,2
124,agerar,scaf_142,FALSE,FALSE,3296251,0,4
125,agerar,scaf_143,FALSE,FALSE,3069501,0,6
126,agerar,scaf_144,FALSE,FALSE,2864264,4,6
127,agerar,scaf_145,FALSE,TRUE,2787314,8,1204
128,agerar,scaf_146,FALSE,FALSE,2729585,5,1
129,agerar,scaf_147,FALSE,FALSE,2422345,2,3
130,agerar,scaf_148,FALSE,FALSE,2191659,2,1
131,agerar,scaf_149,FALSE,FALSE,2168610,1,0
132,agerar,scaf_15,TRUE,FALSE,56719066,1323,0
133,agerar,scaf_150,FALSE,FALSE,1911292,2,3
134,agerar,scaf_151,FALSE,FALSE,1741519,0,5
135,agerar,scaf_152,FALSE,FALSE,1301338,3,3
136,agerar,scaf_153,FALSE,FALSE,1267957,2,3
137,agerar,scaf_154,FALSE,FALSE,1253690,8,2
138,agerar,scaf_155,FALSE,FALSE,1199985,0,4
139,agerar,scaf_156,FALSE,FALSE,1062656,4,3
140,agerar,scaf_16,TRUE,FALSE,55359036,1088,0
141,agerar,scaf_17,FALSE,FALSE,54202157,8,3
142,agerar,scaf_18,TRUE,FALSE,53440951,1285,0
143,agerar,scaf_2,FALSE,TRUE,83909340,0,1290
144,agerar,scaf_20,TRUE,FALSE,50515254,1092,0
145,agerar,scaf_21,FALSE,TRUE,49873391,0,1259
146,agerar,scaf_22,FALSE,TRUE,48617878,0,369
147,agerar,scaf_25,FALSE,FALSE,45892820,0,7
148,agerar,scaf_26,TRUE,FALSE,45824879,12,4
149,agerar,scaf_27,FALSE,FALSE,44906247,0,0
150,agerar,scaf_28,FALSE,FALSE,44885202,1,0
151,agerar,scaf_29,FALSE,FALSE,43950072,0,0
152,agerar,scaf_3,FALSE,TRUE,69290365,1,1426
153,agerar,scaf_30,TRUE,FALSE,43847084,926,1
154,agerar,scaf_31,FALSE,TRUE,43598921,2,746
155,agerar,scaf_32,FALSE,FALSE,43456321,7,0
156,agerar,scaf_33,FALSE,TRUE,42700065,2,349
157,agerar,scaf_34,FALSE,FALSE,42432119,2,4
158,agerar,scaf_35,TRUE,FALSE,42171264,15,1
159,agerar,scaf_36,TRUE,FALSE,42001883,551,3
160,agerar,scaf_37,FALSE,FALSE,41687941,0,0
161,agerar,scaf_38,FALSE,TRUE,41175118,0,841
162,agerar,scaf_39,FALSE,TRUE,40931596,0,1273
163,agerar,scaf_4,FALSE,TRUE,59935037,4,503
164,agerar,scaf_40,FALSE,FALSE,40720760,0,1
165,agerar,scaf_41,FALSE,TRUE,40428173,0,13
166,agerar,scaf_42,FALSE,TRUE,40235728,0,1423
167,agerar,scaf_44,TRUE,FALSE,40039076,1167,0
168,agerar,scaf_45,FALSE,TRUE,39857934,1,1336
169,agerar,scaf_46,FALSE,TRUE,39729766,0,66
170,agerar,scaf_47,FALSE,FALSE,39470420,8,0
171,agerar,scaf_48,TRUE,FALSE,39103247,706,0
172,agerar,scaf_49,FALSE,TRUE,39101846,1,1349
173,agerar,scaf_5,TRUE,FALSE,59899411,722,0
174,agerar,scaf_50,FALSE,FALSE,38144331,0,0
175,agerar,scaf_51,TRUE,FALSE,38053416,591,2
176,agerar,scaf_52,FALSE,TRUE,37984353,1,541
177,agerar,scaf_53,FALSE,FALSE,37977892,0,0
178,agerar,scaf_55,FALSE,TRUE,37740594,0,466
179,agerar,scaf_56,TRUE,TRUE,37658790,1004,966
180,agerar,scaf_57,FALSE,TRUE,37557947,0,1050
181,agerar,scaf_58,FALSE,TRUE,36364342,4,577
182,agerar,scaf_59,FALSE,FALSE,36236326,4,0
183,agerar,scaf_6,TRUE,FALSE,58708918,864,0
184,agerar,scaf_60,FALSE,FALSE,35960792,0,0
185,agerar,scaf_61,TRUE,FALSE,35938707,908,0
186,agerar,scaf_62,FALSE,FALSE,35707261,0,0
187,agerar,scaf_63,FALSE,TRUE,35669412,2,1204
188,agerar,scaf_65,TRUE,FALSE,35032310,387,4
189,agerar,scaf_67,FALSE,FALSE,34913261,0,0
190,agerar,scaf_68,FALSE,FALSE,34897514,0,5
191,agerar,scaf_69,FALSE,TRUE,34324003,4,1424
192,agerar,scaf_7,TRUE,FALSE,57798594,501,9
193,agerar,scaf_70,FALSE,TRUE,33982794,0,1233
194,agerar,scaf_71,FALSE,TRUE,33895042,3,1428
195,agerar,scaf_72,FALSE,FALSE,33810545,2,8
196,agerar,scaf_73,FALSE,FALSE,33708612,8,3
197,agerar,scaf_74,FALSE,FALSE,33557566,3,0
198,agerar,scaf_75,FALSE,FALSE,33442357,1,3
199,agerar,scaf_76,TRUE,FALSE,33323795,1128,0
200,agerar,scaf_77,FALSE,FALSE,33244370,0,0
201,agerar,scaf_78,FALSE,TRUE,32352121,0,128
202,agerar,scaf_79,TRUE,FALSE,31226315,1166,4
203,agerar,scaf_8,TRUE,FALSE,57787262,980,1
204,agerar,scaf_81,FALSE,FALSE,31092266,0,4
205,agerar,scaf_83,FALSE,FALSE,30492396,0,1
206,agerar,scaf_84,FALSE,TRUE,30275494,0,38
207,agerar,scaf_85,FALSE,FALSE,29842371,1,3
208,agerar,scaf_86,FALSE,FALSE,28849702,1,2
209,agerar,scaf_88,FALSE,TRUE,26341039,1,602
210,agerar,scaf_89,FALSE,FALSE,25710835,2,0
211,agerar,scaf_9,TRUE,FALSE,57588433,70,0
212,agerar,scaf_90,FALSE,TRUE,24885245,3,512
213,agerar,scaf_91,FALSE,FALSE,24634911,2,1
214,agerar,scaf_92,FALSE,FALSE,24519920,2,0
215,agerar,scaf_93,FALSE,TRUE,24183573,0,974
216,agerar,scaf_94,FALSE,TRUE,24126044,0,1427
217,agerar,scaf_95,FALSE,FALSE,23463016,7,1
218,agerar,scaf_96,FALSE,FALSE,22805224,2,4
219,agerar,scaf_97,FALSE,FALSE,22439999,3,6
220,agerar,scaf_98,FALSE,FALSE,22209193,3,6
221,agerjg,Hap1_Chr01A,TRUE,TRUE,127564313,1400,1419
222,agerjg,Hap1_Chr01B,TRUE,TRUE,114036888,1405,1384
223,agerjg,Hap1_Chr01C,TRUE,TRUE,123137632,1395,1150
224,agerjg,Hap1_Chr02A,TRUE,TRUE,109780246,1420,1426
225,agerjg,Hap1_Chr02B,TRUE,TRUE,102935658,1314,1413
226,agerjg,Hap1_Chr02C,TRUE,TRUE,105297139,1421,1016
227,agerjg,Hap1_Chr03A,TRUE,TRUE,104212327,1421,1427
228,agerjg,Hap1_Chr03B,TRUE,TRUE,95240404,1420,1427
229,agerjg,Hap1_Chr03C,TRUE,TRUE,97823840,1348,1425
230,agerjg,Hap1_Chr04A,TRUE,FALSE,91048146,1407,0
231,agerjg,Hap1_Chr04B,TRUE,TRUE,86607276,1416,1412
232,agerjg,Hap1_Chr04C,TRUE,TRUE,86817112,801,1044
233,agerjg,Hap1_Chr05A,TRUE,TRUE,114981707,1420,1283
234,agerjg,Hap1_Chr05B,FALSE,TRUE,84209539,0,1384
235,agerjg,Hap1_Chr05C,TRUE,FALSE,86790841,1426,0
236,agerjg,Hap1_Chr06A,FALSE,TRUE,80375568,1,1425
237,agerjg,Hap1_Chr06B,TRUE,TRUE,70467837,1427,1428
238,agerjg,Hap1_Chr06C,TRUE,TRUE,80717112,822,1255
239,agerjg,Hap1_Chr07A,TRUE,FALSE,80352812,1408,0
240,agerjg,Hap1_Chr07B,TRUE,FALSE,72344194,1426,0
241,agerjg,Hap1_Chr07C,FALSE,TRUE,71417464,0,1051
242,agerjg,Hap1_Chr08A,TRUE,FALSE,73053173,1373,0
243,agerjg,Hap1_Chr08B,TRUE,TRUE,69694612,226,1423
244,agerjg,Hap1_Chr08C,TRUE,TRUE,72157534,721,1074
245,agerjg,Hap1_Chr09A,TRUE,TRUE,79296962,1426,1419
246,agerjg,Hap1_Chr09B,TRUE,FALSE,72758033,1412,0
247,agerjg,Hap1_Chr09C,TRUE,FALSE,76752060,1421,0
248,agerjg,Hap1_Chr10A,FALSE,TRUE,84241402,0,1427
249,agerjg,Hap1_Chr10B,TRUE,TRUE,74851217,1413,1427
250,agerjg,Hap1_Chr10C,TRUE,TRUE,78192389,1416,1427
251,agerjg,Hap2_Chr01A,TRUE,TRUE,126871268,1427,1423
252,agerjg,Hap2_Chr01B,TRUE,FALSE,111559053,1428,3
253,agerjg,Hap2_Chr01C,TRUE,TRUE,119476808,1427,1332
254,agerjg,Hap2_Chr02A,TRUE,TRUE,107771578,1427,297
255,agerjg,Hap2_Chr02B,TRUE,TRUE,100826841,1412,1416
256,agerjg,Hap2_Chr02C,TRUE,TRUE,102323743,945,1315
257,agerjg,Hap2_Chr03A,TRUE,TRUE,99431105,1428,1426
258,agerjg,Hap2_Chr03B,TRUE,TRUE,91750310,1426,1427
259,agerjg,Hap2_Chr03C,TRUE,TRUE,97509175,1419,259
260,agerjg,Hap2_Chr04A,TRUE,FALSE,89560990,1427,0
261,agerjg,Hap2_Chr04B,TRUE,FALSE,86416827,1427,0
262,agerjg,Hap2_Chr04C,TRUE,TRUE,86460820,1410,1409
263,agerjg,Hap2_Chr05A,TRUE,TRUE,109055712,1420,1000
264,agerjg,Hap2_Chr05B,FALSE,TRUE,82005751,3,685
265,agerjg,Hap2_Chr05C,TRUE,FALSE,79199941,1427,0
266,agerjg,Hap2_Chr06A,FALSE,TRUE,80195656,0,804
267,agerjg,Hap2_Chr06B,TRUE,TRUE,68310699,1425,1427
268,agerjg,Hap2_Chr06C,TRUE,FALSE,79695335,1413,0
269,agerjg,Hap2_Chr07A,TRUE,TRUE,75479490,1405,1349
270,agerjg,Hap2_Chr07B,TRUE,FALSE,66816415,1427,0
271,agerjg,Hap2_Chr07C,FALSE,FALSE,71397217,0,0
272,agerjg,Hap2_Chr08A,TRUE,FALSE,71861866,660,0
273,agerjg,Hap2_Chr08B,TRUE,TRUE,68777724,252,766
274,agerjg,Hap2_Chr08C,TRUE,FALSE,64995618,1418,0
275,agerjg,Hap2_Chr09A,TRUE,FALSE,76627585,1426,0
276,agerjg,Hap2_Chr09B,TRUE,FALSE,71513462,1426,0
277,agerjg,Hap2_Chr09C,FALSE,FALSE,74711686,4,0
278,agerjg,Hap2_Chr10A,TRUE,TRUE,82980561,1427,1426
279,agerjg,Hap2_Chr10B,TRUE,TRUE,69564323,10,359
280,agerjg,Hap2_Chr10C,FALSE,TRUE,73599969,1,1415
281,agerjg,Hap2_scaffold_31,TRUE,FALSE,999764,1421,1
282,atenui,ctg_1,FALSE,TRUE,3930467,1,1202
283,atenui,ctg_100718,FALSE,FALSE,1558764,4,2
284,atenui,ctg_101193,FALSE,FALSE,1290854,4,1
285,atenui,ctg_101478,FALSE,FALSE,5509424,4,1
286,atenui,ctg_102682,FALSE,FALSE,2607178,5,4
287,atenui,ctg_103228,FALSE,FALSE,1005217,3,0
288,atenui,ctg_103443,FALSE,TRUE,3644749,3,30
289,atenui,ctg_104318,FALSE,FALSE,3868019,0,6
290,atenui,ctg_105132,FALSE,FALSE,1058345,2,6
291,atenui,ctg_105543,FALSE,FALSE,2990560,2,5
292,atenui,ctg_106149,FALSE,FALSE,1517990,6,3
293,atenui,ctg_106444,TRUE,FALSE,2072860,1385,2
294,atenui,ctg_107172,FALSE,FALSE,5191863,0,0
295,atenui,ctg_108326,FALSE,FALSE,1784477,8,2
296,atenui,ctg_108699,FALSE,FALSE,1578267,2,2
297,atenui,ctg_109058,FALSE,FALSE,1374432,3,4
298,atenui,ctg_109434,FALSE,FALSE,1043312,4,0
299,atenui,ctg_109634,FALSE,FALSE,1395242,9,1
300,atenui,ctg_109928,FALSE,FALSE,5304505,4,3
301,atenui,ctg_111083,FALSE,FALSE,1357184,3,4
302,atenui,ctg_111356,FALSE,FALSE,2353384,6,1
303,atenui,ctg_111832,FALSE,FALSE,1891037,2,7
304,atenui,ctg_112316,FALSE,FALSE,2577786,3,4
305,atenui,ctg_112854,FALSE,FALSE,5518537,3,5
306,atenui,ctg_114233,FALSE,FALSE,4314955,3,2
307,atenui,ctg_11464,FALSE,FALSE,1427207,7,2
308,atenui,ctg_115177,FALSE,FALSE,1399028,4,2
309,atenui,ctg_115513,TRUE,FALSE,1438346,12,6
310,atenui,ctg_1156,FALSE,FALSE,1286075,8,2
311,atenui,ctg_115806,FALSE,FALSE,1155608,5,3
312,atenui,ctg_116151,FALSE,TRUE,2162079,4,733
313,atenui,ctg_116680,FALSE,FALSE,4158121,3,3
314,atenui,ctg_117711,FALSE,FALSE,1309139,3,9
315,atenui,ctg_117982,FALSE,FALSE,1022304,4,1
316,atenui,ctg_118734,FALSE,FALSE,2773389,2,4
317,atenui,ctg_119321,FALSE,FALSE,1328054,1,6
318,atenui,ctg_11955,FALSE,FALSE,1182430,7,9
319,atenui,ctg_119880,FALSE,FALSE,2298901,4,5
320,atenui,ctg_120338,FALSE,FALSE,1707508,1,9
321,atenui,ctg_120676,FALSE,FALSE,1966130,3,7
322,atenui,ctg_121070,FALSE,FALSE,1175612,6,3
323,atenui,ctg_121663,FALSE,FALSE,4714047,3,5
324,atenui,ctg_12196,FALSE,FALSE,2578601,2,2
325,atenui,ctg_122876,FALSE,FALSE,4375453,5,1
326,atenui,ctg_123971,FALSE,FALSE,4027631,2,4
327,atenui,ctg_124837,FALSE,FALSE,997442,9,0
328,atenui,ctg_125051,FALSE,FALSE,1186433,2,2
329,atenui,ctg_125284,FALSE,FALSE,2311140,4,5
330,atenui,ctg_125796,TRUE,FALSE,1589440,10,1
331,atenui,ctg_126163,TRUE,FALSE,4237633,536,3
332,atenui,ctg_127024,FALSE,FALSE,3929626,3,4
333,atenui,ctg_12750,FALSE,FALSE,1324985,3,5
334,atenui,ctg_127833,FALSE,FALSE,5854791,3,3
335,atenui,ctg_129062,FALSE,FALSE,1685920,3,5
336,atenui,ctg_129461,FALSE,FALSE,1252313,2,9
337,atenui,ctg_129728,FALSE,FALSE,1219385,3,8
338,atenui,ctg_129982,FALSE,FALSE,1374284,8,3
339,atenui,ctg_13028,FALSE,FALSE,2122113,5,2
340,atenui,ctg_130514,FALSE,FALSE,5535014,1,2
341,atenui,ctg_131852,FALSE,FALSE,2135400,9,6
342,atenui,ctg_132295,FALSE,FALSE,1087102,1,1
343,atenui,ctg_132497,FALSE,FALSE,3275701,4,2
344,atenui,ctg_133191,FALSE,FALSE,1111917,2,3
345,atenui,ctg_133423,FALSE,FALSE,1252363,4,2
346,atenui,ctg_133711,TRUE,FALSE,3053761,11,3
347,atenui,ctg_134557,FALSE,FALSE,2952309,2,3
348,atenui,ctg_13499,FALSE,FALSE,1727599,4,3
349,atenui,ctg_135221,FALSE,FALSE,1385270,9,1
350,atenui,ctg_135872,FALSE,FALSE,1785044,4,5
351,atenui,ctg_136238,FALSE,FALSE,3310127,8,1
352,atenui,ctg_136952,FALSE,FALSE,2182854,1,4
353,atenui,ctg_137605,FALSE,TRUE,1606005,8,10
354,atenui,ctg_138259,FALSE,FALSE,1062275,4,1
355,atenui,ctg_138471,FALSE,FALSE,2520127,7,8
356,atenui,ctg_13879,FALSE,FALSE,2869964,4,9
357,atenui,ctg_139216,TRUE,FALSE,1262383,11,1
358,atenui,ctg_139696,TRUE,FALSE,1237299,494,6
359,atenui,ctg_139932,FALSE,TRUE,2887438,3,955
360,atenui,ctg_140541,FALSE,FALSE,1352016,3,3
361,atenui,ctg_140798,FALSE,FALSE,1873581,6,3
362,atenui,ctg_141209,FALSE,FALSE,3252997,2,2
363,atenui,ctg_141870,FALSE,FALSE,4002300,4,1
364,atenui,ctg_1423,FALSE,FALSE,6965195,4,3
365,atenui,ctg_143233,FALSE,FALSE,8649749,3,6
366,atenui,ctg_144991,FALSE,FALSE,1724997,7,3
367,atenui,ctg_145682,FALSE,FALSE,2259292,6,4
368,atenui,ctg_14611,FALSE,FALSE,1915829,2,3
369,atenui,ctg_146165,FALSE,FALSE,5417780,7,5
370,atenui,ctg_147300,TRUE,FALSE,2558543,11,3
371,atenui,ctg_147813,FALSE,FALSE,1675776,7,3
372,atenui,ctg_148188,FALSE,TRUE,2367804,5,10
373,atenui,ctg_148667,FALSE,FALSE,1643249,3,1
374,atenui,ctg_149028,FALSE,FALSE,1394037,3,2
375,atenui,ctg_149456,FALSE,FALSE,1064051,6,7
376,atenui,ctg_149668,FALSE,FALSE,1912180,2,1
377,atenui,ctg_150072,FALSE,FALSE,2555319,3,3
378,atenui,ctg_150664,FALSE,FALSE,4022420,6,5
379,atenui,ctg_15068,FALSE,FALSE,4320987,7,1
380,atenui,ctg_151522,FALSE,FALSE,2849447,9,2
381,atenui,ctg_152122,FALSE,FALSE,1636599,4,1
382,atenui,ctg_152592,FALSE,FALSE,1758380,3,7
383,atenui,ctg_153087,FALSE,FALSE,2613869,6,4
384,atenui,ctg_153697,FALSE,FALSE,4453347,3,4
385,atenui,ctg_154613,FALSE,FALSE,3793298,3,3
386,atenui,ctg_155627,FALSE,FALSE,1149437,4,1
387,atenui,ctg_155963,FALSE,FALSE,1804255,2,3
388,atenui,ctg_156339,FALSE,FALSE,1023365,4,6
389,atenui,ctg_156538,FALSE,FALSE,1426412,2,6
390,atenui,ctg_157118,FALSE,FALSE,1994314,4,4
391,atenui,ctg_157513,FALSE,FALSE,1832085,3,3
392,atenui,ctg_157896,FALSE,FALSE,1083858,1,7
393,atenui,ctg_158120,FALSE,FALSE,1668305,5,2
394,atenui,ctg_158483,FALSE,FALSE,2787289,4,2
395,atenui,ctg_159554,FALSE,FALSE,2192612,3,2
396,atenui,ctg_16012,TRUE,FALSE,3193121,10,8
397,atenui,ctg_160167,TRUE,FALSE,1741667,14,2
398,atenui,ctg_160932,FALSE,FALSE,4253026,2,5
399,atenui,ctg_161836,FALSE,FALSE,4205537,2,0
400,atenui,ctg_162882,FALSE,FALSE,1009663,4,0
401,atenui,ctg_163299,FALSE,FALSE,1575855,3,4
402,atenui,ctg_163623,FALSE,FALSE,2407319,7,4
403,atenui,ctg_164296,FALSE,FALSE,1418987,7,4
404,atenui,ctg_164783,FALSE,FALSE,2729861,7,2
405,atenui,ctg_165347,FALSE,FALSE,1807599,2,1
406,atenui,ctg_165740,FALSE,FALSE,2172235,7,8
407,atenui,ctg_166328,FALSE,FALSE,3014503,4,8
408,atenui,ctg_167077,FALSE,FALSE,1226562,4,2
409,atenui,ctg_167326,FALSE,FALSE,1350034,7,9
410,atenui,ctg_16734,FALSE,FALSE,2243390,2,2
411,atenui,ctg_168015,FALSE,TRUE,1119418,3,12
412,atenui,ctg_168247,TRUE,TRUE,3607378,1427,10
413,atenui,ctg_169011,FALSE,FALSE,2495886,7,2
414,atenui,ctg_169771,FALSE,FALSE,2611615,4,2
415,atenui,ctg_170331,FALSE,FALSE,1211291,2,0
416,atenui,ctg_170730,FALSE,FALSE,2095354,7,4
417,atenui,ctg_171201,FALSE,FALSE,1198896,6,3
418,atenui,ctg_171554,TRUE,FALSE,1720202,11,6
419,atenui,ctg_172306,FALSE,FALSE,1306188,3,6
420,atenui,ctg_172667,FALSE,FALSE,1020949,2,5
421,atenui,ctg_172857,FALSE,TRUE,2948245,8,10
422,atenui,ctg_173470,TRUE,FALSE,1626419,879,3
423,atenui,ctg_174258,FALSE,FALSE,4297460,4,4
424,atenui,ctg_17437,FALSE,FALSE,1763107,3,3
425,atenui,ctg_175123,FALSE,FALSE,1177629,4,0
426,atenui,ctg_175673,FALSE,FALSE,3257376,6,2
427,atenui,ctg_176392,FALSE,FALSE,1661808,5,0
428,atenui,ctg_176821,FALSE,FALSE,1009624,3,7
429,atenui,ctg_177127,FALSE,FALSE,2730604,3,0
430,atenui,ctg_177847,FALSE,FALSE,6753156,3,2
431,atenui,ctg_17814,FALSE,FALSE,2380282,3,2
432,atenui,ctg_179678,FALSE,FALSE,3148494,1,2
433,atenui,ctg_180365,FALSE,FALSE,1258479,4,7
434,atenui,ctg_181167,FALSE,FALSE,1136973,1,0
435,atenui,ctg_181743,FALSE,FALSE,2267326,9,4
436,atenui,ctg_182226,FALSE,FALSE,2458629,3,2
437,atenui,ctg_18302,FALSE,FALSE,2907435,8,2
438,atenui,ctg_183074,FALSE,FALSE,1428300,1,2
439,atenui,ctg_183515,FALSE,FALSE,3237104,6,4
440,atenui,ctg_184359,FALSE,FALSE,2446381,5,4
441,atenui,ctg_185105,FALSE,FALSE,1163460,3,1
442,atenui,ctg_185468,FALSE,FALSE,1356690,4,8
443,atenui,ctg_185760,FALSE,FALSE,2539981,7,3
444,atenui,ctg_186493,FALSE,FALSE,5252120,8,2
445,atenui,ctg_187648,FALSE,FALSE,1594419,3,3
446,atenui,ctg_188045,FALSE,FALSE,1202433,2,3
447,atenui,ctg_188447,FALSE,FALSE,2397382,6,4
448,atenui,ctg_189078,FALSE,FALSE,1062222,7,5
449,atenui,ctg_18916,FALSE,FALSE,2343129,4,3
450,atenui,ctg_189308,FALSE,TRUE,1756328,8,14
451,atenui,ctg_189670,FALSE,FALSE,1515729,1,6
452,atenui,ctg_190003,FALSE,FALSE,2219923,4,2
453,atenui,ctg_190581,FALSE,FALSE,1449240,3,2
454,atenui,ctg_190927,FALSE,FALSE,1260606,4,3
455,atenui,ctg_191196,FALSE,FALSE,1394794,5,2
456,atenui,ctg_191644,FALSE,FALSE,2404202,3,2
457,atenui,ctg_192309,FALSE,FALSE,6935130,9,5
458,atenui,ctg_193850,FALSE,FALSE,2400901,4,2
459,atenui,ctg_194569,FALSE,FALSE,1162798,2,2
460,atenui,ctg_194820,FALSE,FALSE,1415054,3,1
461,atenui,ctg_195139,FALSE,FALSE,1445822,4,4
462,atenui,ctg_195751,FALSE,FALSE,1083516,1,3
463,atenui,ctg_196182,FALSE,FALSE,1127458,5,2
464,atenui,ctg_196424,FALSE,FALSE,1956953,1,3
465,atenui,ctg_196847,FALSE,FALSE,2040939,6,3
466,atenui,ctg_19723,FALSE,FALSE,2293740,2,4
467,atenui,ctg_197267,FALSE,FALSE,1219318,3,6
468,atenui,ctg_197534,FALSE,FALSE,2919605,3,1
469,atenui,ctg_198151,FALSE,FALSE,1266911,3,3
470,atenui,ctg_198657,FALSE,FALSE,3669686,3,4
471,atenui,ctg_199571,TRUE,TRUE,2577630,11,706
472,atenui,ctg_200090,FALSE,FALSE,3268154,5,0
473,atenui,ctg_201038,FALSE,FALSE,4494383,6,4
474,atenui,ctg_201946,FALSE,FALSE,1067528,1,6
475,atenui,ctg_202199,FALSE,FALSE,2306623,6,3
476,atenui,ctg_20244,FALSE,FALSE,2220673,0,0
477,atenui,ctg_202841,FALSE,FALSE,2926772,3,1
478,atenui,ctg_203520,FALSE,FALSE,2111237,4,4
479,atenui,ctg_204002,FALSE,FALSE,1120982,2,2
480,atenui,ctg_204611,FALSE,FALSE,1960973,5,2
481,atenui,ctg_205038,FALSE,FALSE,2239851,3,1
482,atenui,ctg_205609,FALSE,FALSE,1444222,3,3
483,atenui,ctg_205917,FALSE,FALSE,1376379,3,8
484,atenui,ctg_206399,FALSE,FALSE,1757310,8,9
485,atenui,ctg_206891,FALSE,TRUE,2542774,2,1350
486,atenui,ctg_20709,FALSE,FALSE,1440893,5,5
487,atenui,ctg_207597,FALSE,FALSE,1079283,2,2
488,atenui,ctg_207822,FALSE,FALSE,1221070,6,4
489,atenui,ctg_208284,FALSE,TRUE,3158768,1,1250
490,atenui,ctg_208985,FALSE,FALSE,1351066,6,2
491,atenui,ctg_209340,FALSE,FALSE,1534269,3,3
492,atenui,ctg_210148,FALSE,FALSE,2075037,5,1
493,atenui,ctg_210610,TRUE,FALSE,1239987,562,7
494,atenui,ctg_210862,FALSE,FALSE,1550874,4,5
495,atenui,ctg_21090,FALSE,FALSE,1164481,5,5
496,atenui,ctg_211240,FALSE,FALSE,1893026,5,2
497,atenui,ctg_212241,FALSE,FALSE,1702052,2,6
498,atenui,ctg_212689,FALSE,FALSE,1387521,2,3
499,atenui,ctg_213093,FALSE,FALSE,3054535,3,4
500,atenui,ctg_213957,FALSE,FALSE,1105034,8,2
501,atenui,ctg_214338,FALSE,FALSE,2450739,2,2
502,atenui,ctg_21470,FALSE,TRUE,1155999,3,12
503,atenui,ctg_215372,FALSE,FALSE,1838009,6,8
504,atenui,ctg_215751,FALSE,FALSE,2428448,2,2
505,atenui,ctg_216367,FALSE,FALSE,1783177,7,3
506,atenui,ctg_216857,FALSE,FALSE,1645709,5,6
507,atenui,ctg_21709,FALSE,FALSE,2188189,1,4
508,atenui,ctg_217204,FALSE,FALSE,1727969,2,6
509,atenui,ctg_217875,FALSE,FALSE,2954507,4,2
510,atenui,ctg_218496,FALSE,FALSE,1564754,7,2
511,atenui,ctg_219185,FALSE,FALSE,2905069,6,3
512,atenui,ctg_219777,FALSE,FALSE,2043960,2,1
513,atenui,ctg_220184,TRUE,FALSE,1202966,11,2
514,atenui,ctg_220409,FALSE,FALSE,1572017,5,4
515,atenui,ctg_220738,FALSE,FALSE,1918941,2,8
516,atenui,ctg_221288,FALSE,FALSE,3199880,5,3
517,atenui,ctg_22160,FALSE,TRUE,1075259,5,11
518,atenui,ctg_221924,FALSE,FALSE,1913919,9,7
519,atenui,ctg_222334,FALSE,FALSE,1254560,3,1
520,atenui,ctg_222576,FALSE,FALSE,2145903,3,2
521,atenui,ctg_223030,FALSE,FALSE,1479068,1,5
522,atenui,ctg_223759,FALSE,FALSE,1146369,3,8
523,atenui,ctg_22398,FALSE,FALSE,2601254,2,2
524,atenui,ctg_224414,FALSE,FALSE,1244781,2,6
525,atenui,ctg_224793,FALSE,FALSE,2176512,3,1
526,atenui,ctg_225239,FALSE,FALSE,4090401,1,6
527,atenui,ctg_226087,FALSE,FALSE,1318416,6,3
528,atenui,ctg_226410,FALSE,FALSE,1055647,3,5
529,atenui,ctg_227069,FALSE,FALSE,1449957,8,7
530,atenui,ctg_227375,FALSE,FALSE,1772146,3,5
531,atenui,ctg_227908,FALSE,FALSE,4181212,2,7
532,atenui,ctg_229067,FALSE,FALSE,1826466,4,2
533,atenui,ctg_22916,FALSE,FALSE,2953304,8,7
534,atenui,ctg_229484,FALSE,FALSE,1161564,4,6
535,atenui,ctg_229739,FALSE,FALSE,2486761,4,8
536,atenui,ctg_230750,FALSE,FALSE,2692023,1,4
537,atenui,ctg_231298,FALSE,FALSE,2724769,5,5
538,atenui,ctg_231893,FALSE,FALSE,1582040,9,1
539,atenui,ctg_232699,FALSE,FALSE,2639097,3,8
540,atenui,ctg_233237,FALSE,FALSE,2531049,2,6
541,atenui,ctg_233783,FALSE,FALSE,1717277,2,3
542,atenui,ctg_234127,FALSE,FALSE,1197649,4,6
543,atenui,ctg_234382,FALSE,FALSE,1375519,4,3
544,atenui,ctg_234670,FALSE,FALSE,1068268,5,1
545,atenui,ctg_234914,TRUE,FALSE,2886444,10,7
546,atenui,ctg_23553,FALSE,FALSE,1108965,6,4
547,atenui,ctg_235691,FALSE,FALSE,1130234,3,2
548,atenui,ctg_235930,FALSE,FALSE,1301136,9,0
549,atenui,ctg_236287,FALSE,FALSE,1097572,3,1
550,atenui,ctg_236909,FALSE,TRUE,1548565,4,11
551,atenui,ctg_237267,FALSE,FALSE,1336961,4,1
552,atenui,ctg_237625,FALSE,FALSE,1023251,5,1
553,atenui,ctg_237947,FALSE,FALSE,1917221,4,0
554,atenui,ctg_23882,FALSE,FALSE,1353833,4,4
555,atenui,ctg_239230,FALSE,FALSE,1082571,2,7
556,atenui,ctg_239699,FALSE,FALSE,1204247,5,1
557,atenui,ctg_239941,FALSE,FALSE,1423753,2,2
558,atenui,ctg_240259,FALSE,FALSE,1013395,4,1
559,atenui,ctg_240463,FALSE,FALSE,1265944,5,1
560,atenui,ctg_240697,FALSE,FALSE,4325795,4,0
561,atenui,ctg_24139,FALSE,FALSE,1060862,2,4
562,atenui,ctg_242208,FALSE,FALSE,2285702,6,3
563,atenui,ctg_242665,FALSE,FALSE,1805536,6,3
564,atenui,ctg_243046,FALSE,FALSE,1880140,5,6
565,atenui,ctg_243883,FALSE,FALSE,1061450,9,8
566,atenui,ctg_244319,FALSE,FALSE,3005969,4,5
567,atenui,ctg_24528,FALSE,FALSE,1614429,2,4
568,atenui,ctg_245344,FALSE,FALSE,1447845,4,3
569,atenui,ctg_246235,FALSE,FALSE,1164266,3,3
570,atenui,ctg_246742,FALSE,TRUE,1002687,3,359
571,atenui,ctg_247232,FALSE,TRUE,1079793,2,10
572,atenui,ctg_247528,FALSE,FALSE,1606689,3,4
573,atenui,ctg_247862,FALSE,TRUE,2852266,6,10
574,atenui,ctg_248876,FALSE,FALSE,1139357,2,6
575,atenui,ctg_249121,FALSE,FALSE,1492093,3,2
576,atenui,ctg_24936,FALSE,FALSE,1449840,2,3
577,atenui,ctg_249597,FALSE,FALSE,2069576,5,5
578,atenui,ctg_250031,FALSE,FALSE,1396960,2,5
579,atenui,ctg_250780,FALSE,FALSE,1259256,4,1
580,atenui,ctg_251282,FALSE,FALSE,1808754,2,5
581,atenui,ctg_251674,FALSE,FALSE,1771504,4,4
582,atenui,ctg_25227,FALSE,FALSE,1978551,3,2
583,atenui,ctg_252523,FALSE,FALSE,2021705,3,2
584,atenui,ctg_253136,FALSE,FALSE,1657935,5,5
585,atenui,ctg_253544,FALSE,FALSE,4090114,4,3
586,atenui,ctg_254381,FALSE,FALSE,1236724,7,5
587,atenui,ctg_254628,FALSE,FALSE,3397365,7,2
588,atenui,ctg_255762,FALSE,FALSE,1792520,3,6
589,atenui,ctg_256162,FALSE,FALSE,1824467,4,1
590,atenui,ctg_25625,FALSE,TRUE,1490193,2,487
591,atenui,ctg_256571,FALSE,FALSE,1191534,7,7
592,atenui,ctg_256889,FALSE,FALSE,1010046,2,1
593,atenui,ctg_257105,FALSE,FALSE,1541645,0,3
594,atenui,ctg_257533,FALSE,FALSE,1348084,4,2
595,atenui,ctg_258175,FALSE,FALSE,1722049,4,4
596,atenui,ctg_258550,FALSE,FALSE,1372345,4,1
597,atenui,ctg_258857,FALSE,FALSE,1570233,1,8
598,atenui,ctg_25923,FALSE,FALSE,3553941,5,0
599,atenui,ctg_259868,TRUE,FALSE,1483496,11,3
600,atenui,ctg_260390,FALSE,FALSE,1322535,2,1
601,atenui,ctg_261440,FALSE,FALSE,1502390,3,2
602,atenui,ctg_261886,FALSE,FALSE,1174830,6,4
603,atenui,ctg_262146,FALSE,FALSE,1613376,2,3
604,atenui,ctg_262447,FALSE,FALSE,1250991,3,1
605,atenui,ctg_262702,FALSE,FALSE,1300763,3,1
606,atenui,ctg_263415,FALSE,FALSE,1366038,6,2
607,atenui,ctg_263723,FALSE,FALSE,1085543,5,3
608,atenui,ctg_263956,FALSE,FALSE,1427583,1,1
609,atenui,ctg_264710,FALSE,FALSE,1391206,3,5
610,atenui,ctg_264998,FALSE,FALSE,1661317,6,2
611,atenui,ctg_265349,FALSE,TRUE,1174299,6,555
612,atenui,ctg_265744,FALSE,FALSE,1108801,2,2
613,atenui,ctg_266235,FALSE,FALSE,1440968,5,6
614,atenui,ctg_266644,FALSE,FALSE,5932184,3,4
615,atenui,ctg_26701,FALSE,FALSE,6130206,3,8
616,atenui,ctg_267883,TRUE,TRUE,2226065,14,753
617,atenui,ctg_268720,FALSE,FALSE,2295769,4,6
618,atenui,ctg_269187,FALSE,FALSE,1856821,3,6
619,atenui,ctg_269870,FALSE,FALSE,5295368,4,3
620,atenui,ctg_271008,FALSE,FALSE,1782811,2,4
621,atenui,ctg_271653,TRUE,FALSE,1422156,1122,2
622,atenui,ctg_271968,FALSE,FALSE,1227327,9,9
623,atenui,ctg_272384,FALSE,FALSE,1556859,3,5
624,atenui,ctg_272922,FALSE,FALSE,1245077,3,3
625,atenui,ctg_273165,FALSE,FALSE,1006495,4,2
626,atenui,ctg_273389,FALSE,FALSE,2437645,2,8
627,atenui,ctg_274160,FALSE,FALSE,1493703,3,2
628,atenui,ctg_274675,FALSE,TRUE,1194214,3,10
629,atenui,ctg_274947,FALSE,FALSE,2401695,3,3
630,atenui,ctg_276480,FALSE,FALSE,1130744,5,4
631,atenui,ctg_276846,TRUE,FALSE,1007225,11,2
632,atenui,ctg_277485,FALSE,FALSE,1077619,5,6
633,atenui,ctg_278337,FALSE,FALSE,1092132,4,8
634,atenui,ctg_278568,FALSE,FALSE,1121810,1,4
635,atenui,ctg_279243,FALSE,FALSE,1437342,3,5
636,atenui,ctg_279555,FALSE,FALSE,1189587,4,4
637,atenui,ctg_27964,FALSE,FALSE,2945297,8,2
638,atenui,ctg_280385,FALSE,FALSE,1217406,2,7
639,atenui,ctg_280631,FALSE,FALSE,2114966,4,3
640,atenui,ctg_281479,FALSE,FALSE,1278268,6,4
641,atenui,ctg_281745,FALSE,FALSE,1147438,2,5
642,atenui,ctg_281979,FALSE,FALSE,4209675,3,1
643,atenui,ctg_283038,TRUE,FALSE,1128843,16,6
644,atenui,ctg_283286,FALSE,FALSE,1668221,0,3
645,atenui,ctg_283719,FALSE,TRUE,2611938,6,259
646,atenui,ctg_284384,FALSE,FALSE,1077901,7,1
647,atenui,ctg_284798,FALSE,FALSE,1591081,4,5
648,atenui,ctg_285306,FALSE,FALSE,1526026,8,0
649,atenui,ctg_285625,FALSE,FALSE,1346854,1,6
650,atenui,ctg_286268,FALSE,FALSE,1699128,6,5
651,atenui,ctg_28630,TRUE,FALSE,2453519,10,3
652,atenui,ctg_287158,FALSE,FALSE,1592957,6,3
653,atenui,ctg_287722,FALSE,FALSE,1218859,3,5
654,atenui,ctg_287961,FALSE,FALSE,1029834,9,8
655,atenui,ctg_288663,FALSE,FALSE,1485269,4,1
656,atenui,ctg_289122,FALSE,FALSE,1019904,2,1
657,atenui,ctg_289666,TRUE,FALSE,2018794,15,2
658,atenui,ctg_290232,FALSE,FALSE,1448644,7,2
659,atenui,ctg_2906,FALSE,FALSE,1132941,8,2
660,atenui,ctg_290810,FALSE,FALSE,1832588,6,2
661,atenui,ctg_291307,FALSE,FALSE,1798729,4,2
662,atenui,ctg_29147,FALSE,FALSE,1426079,3,2
663,atenui,ctg_292366,FALSE,FALSE,2479448,1,5
664,atenui,ctg_293052,FALSE,FALSE,1031753,2,1
665,atenui,ctg_293357,FALSE,FALSE,1405578,1,5
666,atenui,ctg_293819,FALSE,FALSE,1009388,4,1
667,atenui,ctg_294084,TRUE,FALSE,1549485,1332,9
668,atenui,ctg_29452,FALSE,FALSE,1017986,4,2
669,atenui,ctg_295389,FALSE,FALSE,1863594,3,3
670,atenui,ctg_295989,FALSE,FALSE,1586583,4,0
671,atenui,ctg_296325,FALSE,FALSE,1375047,1,4
672,atenui,ctg_296715,FALSE,FALSE,1111283,4,3
673,atenui,ctg_297325,FALSE,FALSE,1370900,5,0
674,atenui,ctg_297609,FALSE,FALSE,1908806,1,1
675,atenui,ctg_298144,FALSE,FALSE,1955656,2,4
676,atenui,ctg_29839,FALSE,FALSE,3448976,6,5
677,atenui,ctg_299012,FALSE,FALSE,1202661,2,4
678,atenui,ctg_299268,FALSE,FALSE,1669151,2,5
679,atenui,ctg_300126,FALSE,FALSE,1310760,4,3
680,atenui,ctg_300814,FALSE,FALSE,1664682,7,2
681,atenui,ctg_301165,FALSE,FALSE,1814159,3,7
682,atenui,ctg_301900,FALSE,FALSE,1051562,3,6
683,atenui,ctg_302194,FALSE,FALSE,1022965,6,0
684,atenui,ctg_302585,FALSE,TRUE,1448483,3,1206
685,atenui,ctg_302877,FALSE,FALSE,2373526,2,5
686,atenui,ctg_303562,FALSE,FALSE,1028952,8,2
687,atenui,ctg_303831,FALSE,FALSE,1147586,1,3
688,atenui,ctg_304222,FALSE,FALSE,1946309,2,4
689,atenui,ctg_304620,FALSE,FALSE,1262524,3,3
690,atenui,ctg_304914,FALSE,FALSE,1946113,0,3
691,atenui,ctg_30549,FALSE,FALSE,1259176,5,7
692,atenui,ctg_307045,FALSE,TRUE,1852768,3,1413
693,atenui,ctg_307411,FALSE,FALSE,1135887,2,2
694,atenui,ctg_30791,FALSE,FALSE,1253400,3,3
695,atenui,ctg_308624,FALSE,FALSE,1959809,3,7
696,atenui,ctg_309653,FALSE,FALSE,2729443,3,2
697,atenui,ctg_310464,TRUE,TRUE,1077837,18,10
698,atenui,ctg_310974,FALSE,FALSE,1101585,3,3
699,atenui,ctg_311376,FALSE,FALSE,1730956,2,1
700,atenui,ctg_311885,TRUE,FALSE,1220118,1426,9
701,atenui,ctg_31220,FALSE,FALSE,1152692,2,0
702,atenui,ctg_312697,FALSE,FALSE,4580773,5,5
703,atenui,ctg_314013,TRUE,FALSE,2071959,11,8
704,atenui,ctg_31470,TRUE,FALSE,1803895,14,1
705,atenui,ctg_314909,FALSE,FALSE,1067629,1,2
706,atenui,ctg_316180,TRUE,FALSE,1939332,11,5
707,atenui,ctg_3168,FALSE,FALSE,2164307,3,4
708,atenui,ctg_316857,FALSE,TRUE,2147419,7,14
709,atenui,ctg_317331,FALSE,FALSE,1394542,2,7
710,atenui,ctg_31839,FALSE,FALSE,3554486,7,2
711,atenui,ctg_320905,FALSE,FALSE,1173086,3,2
712,atenui,ctg_321332,FALSE,FALSE,1632499,6,1
713,atenui,ctg_321782,FALSE,FALSE,1277517,3,0
714,atenui,ctg_322822,TRUE,FALSE,1254107,996,6
715,atenui,ctg_323153,FALSE,FALSE,1336795,1,8
716,atenui,ctg_323985,FALSE,TRUE,1202648,1,291
717,atenui,ctg_325420,FALSE,TRUE,1118767,2,988
718,atenui,ctg_326256,FALSE,FALSE,2311242,6,2
719,atenui,ctg_32668,FALSE,FALSE,3277811,4,2
720,atenui,ctg_327972,FALSE,FALSE,1038737,2,4
721,atenui,ctg_328245,TRUE,FALSE,1370290,79,3
722,atenui,ctg_328774,FALSE,FALSE,1139534,4,4
723,atenui,ctg_329486,FALSE,TRUE,1167460,5,1065
724,atenui,ctg_330681,FALSE,FALSE,3234113,4,1
725,atenui,ctg_331760,FALSE,FALSE,1418109,7,7
726,atenui,ctg_332868,FALSE,FALSE,2963280,3,3
727,atenui,ctg_333529,FALSE,FALSE,3009231,9,7
728,atenui,ctg_33402,FALSE,FALSE,3767265,8,6
729,atenui,ctg_334412,FALSE,FALSE,1026634,1,4
730,atenui,ctg_336151,FALSE,FALSE,1144730,2,0
731,atenui,ctg_338233,FALSE,FALSE,1470768,7,6
732,atenui,ctg_339012,FALSE,FALSE,1424984,2,0
733,atenui,ctg_340389,FALSE,TRUE,1848989,1,1283
734,atenui,ctg_34204,FALSE,FALSE,1533608,1,5
735,atenui,ctg_342081,FALSE,FALSE,3369303,5,5
736,atenui,ctg_343174,FALSE,FALSE,1376035,3,3
737,atenui,ctg_344494,FALSE,FALSE,1327642,4,5
738,atenui,ctg_34556,FALSE,FALSE,1479890,2,3
739,atenui,ctg_345989,FALSE,FALSE,1461241,1,3
740,atenui,ctg_346709,FALSE,TRUE,1455665,1,10
741,atenui,ctg_347080,FALSE,FALSE,1720167,2,3
742,atenui,ctg_347675,FALSE,FALSE,2005104,2,5
743,atenui,ctg_348475,FALSE,FALSE,1018605,4,2
744,atenui,ctg_34857,FALSE,FALSE,1510431,4,1
745,atenui,ctg_350182,FALSE,FALSE,1014494,1,1
746,atenui,ctg_351041,FALSE,FALSE,1058969,5,7
747,atenui,ctg_352447,FALSE,FALSE,1981479,7,8
748,atenui,ctg_354113,FALSE,FALSE,1039769,4,2
749,atenui,ctg_35454,FALSE,FALSE,1247752,5,9
750,atenui,ctg_354596,FALSE,FALSE,1376558,7,3
751,atenui,ctg_35778,FALSE,FALSE,1232206,5,8
752,atenui,ctg_360334,FALSE,TRUE,1884193,7,549
753,atenui,ctg_36039,TRUE,FALSE,2106168,80,3
754,atenui,ctg_3614,FALSE,FALSE,2503526,0,4
755,atenui,ctg_362008,FALSE,FALSE,1145420,2,3
756,atenui,ctg_362637,FALSE,FALSE,1296735,1,7
757,atenui,ctg_36499,FALSE,FALSE,2454868,1,4
758,atenui,ctg_365041,TRUE,FALSE,1148385,151,1
759,atenui,ctg_367904,FALSE,FALSE,1026492,1,7
760,atenui,ctg_368754,FALSE,FALSE,1654061,2,2
761,atenui,ctg_370390,FALSE,FALSE,2426355,2,7
762,atenui,ctg_37162,FALSE,FALSE,2851392,1,2
763,atenui,ctg_37825,FALSE,FALSE,1535587,4,3
764,atenui,ctg_38311,FALSE,FALSE,2074931,0,4
765,atenui,ctg_38763,FALSE,FALSE,4198158,2,1
766,atenui,ctg_39660,FALSE,FALSE,2278712,4,2
767,atenui,ctg_399935,FALSE,FALSE,998913,3,1
768,atenui,ctg_40198,FALSE,FALSE,1672637,2,3
769,atenui,ctg_40541,FALSE,FALSE,2546959,6,2
770,atenui,ctg_41063,FALSE,FALSE,1249598,3,6
771,atenui,ctg_41315,FALSE,FALSE,9442000,5,0
772,atenui,ctg_43692,FALSE,FALSE,3714250,3,4
773,atenui,ctg_44490,FALSE,FALSE,1806894,3,2
774,atenui,ctg_4452,FALSE,FALSE,4121748,2,9
775,atenui,ctg_44965,FALSE,FALSE,3265319,5,3
776,atenui,ctg_45681,FALSE,FALSE,1273992,4,2
777,atenui,ctg_45954,FALSE,FALSE,1947625,7,1
778,atenui,ctg_46859,FALSE,FALSE,4271436,4,3
779,atenui,ctg_47810,FALSE,FALSE,12659383,2,4
780,atenui,ctg_51122,FALSE,FALSE,2079795,3,7
781,atenui,ctg_51730,FALSE,FALSE,4163739,8,1
782,atenui,ctg_52579,TRUE,FALSE,1914345,13,0
783,atenui,ctg_53023,FALSE,FALSE,2075478,5,1
784,atenui,ctg_5311,FALSE,FALSE,1036239,0,7
785,atenui,ctg_53498,FALSE,FALSE,3413614,2,2
786,atenui,ctg_54888,FALSE,FALSE,1704592,3,3
787,atenui,ctg_55343,FALSE,FALSE,2206075,5,4
788,atenui,ctg_5542,FALSE,FALSE,3228784,2,3
789,atenui,ctg_56006,FALSE,FALSE,1045737,3,0
790,atenui,ctg_56220,FALSE,FALSE,3743501,4,0
791,atenui,ctg_57171,FALSE,FALSE,1622054,1,5
792,atenui,ctg_57560,FALSE,FALSE,2351226,1,1
793,atenui,ctg_58027,FALSE,FALSE,1861189,6,7
794,atenui,ctg_58466,FALSE,FALSE,1052249,4,1
795,atenui,ctg_58691,FALSE,FALSE,2002854,8,4
796,atenui,ctg_59111,TRUE,FALSE,3192736,1024,9
797,atenui,ctg_59908,FALSE,FALSE,1378038,6,2
798,atenui,ctg_60184,FALSE,FALSE,2330866,7,7
799,atenui,ctg_60808,FALSE,FALSE,1292891,4,7
800,atenui,ctg_61073,FALSE,FALSE,2709137,0,1
801,atenui,ctg_61668,FALSE,FALSE,1423625,1,1
802,atenui,ctg_61976,FALSE,FALSE,9376443,6,5
803,atenui,ctg_6201,FALSE,TRUE,1166383,1,11
804,atenui,ctg_64203,FALSE,FALSE,3570302,3,2
805,atenui,ctg_6443,FALSE,FALSE,998083,3,5
806,atenui,ctg_64992,FALSE,FALSE,1260862,2,3
807,atenui,ctg_65322,TRUE,FALSE,1220430,11,9
808,atenui,ctg_65797,FALSE,FALSE,2046769,5,3
809,atenui,ctg_66216,FALSE,FALSE,2912327,5,3
810,atenui,ctg_6641,FALSE,FALSE,1304123,6,5
811,atenui,ctg_66820,FALSE,FALSE,2087885,3,1
812,atenui,ctg_67228,FALSE,FALSE,1066766,6,7
813,atenui,ctg_67442,FALSE,FALSE,9174518,6,5
814,atenui,ctg_6878,FALSE,FALSE,1732233,2,1
815,atenui,ctg_69457,FALSE,FALSE,1976363,3,3
816,atenui,ctg_69863,FALSE,FALSE,1401647,7,3
817,atenui,ctg_70181,FALSE,FALSE,2062632,0,2
818,atenui,ctg_70589,FALSE,TRUE,1482542,2,11
819,atenui,ctg_70894,FALSE,FALSE,4022996,2,4
820,atenui,ctg_71844,FALSE,FALSE,1137430,3,6
821,atenui,ctg_72080,FALSE,FALSE,4185556,3,3
822,atenui,ctg_7233,FALSE,FALSE,2983953,4,4
823,atenui,ctg_73103,FALSE,FALSE,1219392,3,4
824,atenui,ctg_73366,FALSE,FALSE,1036836,7,3
825,atenui,ctg_73583,FALSE,FALSE,992079,3,2
826,atenui,ctg_73797,FALSE,FALSE,2324775,7,1
827,atenui,ctg_74298,FALSE,FALSE,2487321,2,4
828,atenui,ctg_74832,FALSE,FALSE,1267610,4,3
829,atenui,ctg_75139,FALSE,TRUE,1132789,2,394
830,atenui,ctg_75361,FALSE,TRUE,1934023,1,14
831,atenui,ctg_75784,FALSE,FALSE,7407951,7,4
832,atenui,ctg_77607,FALSE,FALSE,1494699,3,4
833,atenui,ctg_78236,TRUE,FALSE,1004510,10,1
834,atenui,ctg_78503,FALSE,FALSE,3451765,5,3
835,atenui,ctg_7874,FALSE,FALSE,2202780,7,5
836,atenui,ctg_79568,FALSE,FALSE,3157638,5,4
837,atenui,ctg_80259,FALSE,FALSE,2706429,4,2
838,atenui,ctg_80813,FALSE,FALSE,1064642,2,3
839,atenui,ctg_81189,FALSE,FALSE,1828573,1,4
840,atenui,ctg_81597,FALSE,FALSE,1063026,3,5
841,atenui,ctg_81820,FALSE,FALSE,7249868,7,2
842,atenui,ctg_83374,FALSE,FALSE,1333238,8,1
843,atenui,ctg_8341,FALSE,FALSE,2022629,3,5
844,atenui,ctg_83789,FALSE,FALSE,1289065,8,2
845,atenui,ctg_84048,FALSE,FALSE,1158907,1,1
846,atenui,ctg_84431,FALSE,FALSE,1091750,2,2
847,atenui,ctg_84959,FALSE,FALSE,1456202,6,2
848,atenui,ctg_85255,FALSE,FALSE,2144644,2,8
849,atenui,ctg_85704,FALSE,FALSE,1722178,7,3
850,atenui,ctg_86194,FALSE,FALSE,1331263,3,4
851,atenui,ctg_86698,FALSE,FALSE,4298548,2,4
852,atenui,ctg_87626,FALSE,TRUE,2248699,4,13
853,atenui,ctg_88084,FALSE,FALSE,2273564,2,1
854,atenui,ctg_8841,FALSE,FALSE,2491801,2,6
855,atenui,ctg_88641,FALSE,FALSE,1433274,6,1
856,atenui,ctg_88990,FALSE,FALSE,4083556,5,7
857,atenui,ctg_89961,FALSE,FALSE,1052618,5,4
858,atenui,ctg_90265,FALSE,TRUE,1634036,3,14
859,atenui,ctg_90682,FALSE,FALSE,1031632,6,4
860,atenui,ctg_91119,FALSE,TRUE,1935952,4,10
861,atenui,ctg_91501,FALSE,FALSE,3085787,5,7
862,atenui,ctg_92331,FALSE,FALSE,1697544,5,1
863,atenui,ctg_92776,FALSE,FALSE,2157879,6,1
864,atenui,ctg_93245,FALSE,TRUE,1088062,3,10
865,atenui,ctg_9351,FALSE,FALSE,1026449,3,3
866,atenui,ctg_93625,FALSE,FALSE,1462296,5,2
867,atenui,ctg_93990,FALSE,FALSE,3502089,5,5
868,atenui,ctg_94982,FALSE,FALSE,3494210,0,9
869,atenui,ctg_9560,FALSE,TRUE,1882033,3,10
870,atenui,ctg_95716,FALSE,FALSE,1479924,5,5
871,atenui,ctg_96191,FALSE,FALSE,1654161,6,6
872,atenui,ctg_96530,FALSE,FALSE,1995917,3,2
873,atenui,ctg_97121,FALSE,FALSE,4043966,6,1
874,atenui,ctg_98105,FALSE,FALSE,1582448,8,4
875,atenui,ctg_98440,FALSE,FALSE,3915613,7,2
876,atenui,ctg_99276,FALSE,FALSE,3050935,2,4
877,atenui,ctg_9944,FALSE,FALSE,5553548,4,9
878,atenui,ctg_99910,FALSE,FALSE,3750419,3,5
879,avirgi,chr1,TRUE,TRUE,114651283,176,184
880,avirgi,chr10,TRUE,FALSE,70492179,392,0
881,avirgi,chr2,TRUE,TRUE,114050178,974,1426
882,avirgi,chr3,TRUE,TRUE,107299325,1428,351
883,avirgi,chr4,TRUE,TRUE,94395911,1271,800
884,avirgi,chr5,TRUE,TRUE,91038762,1383,1152
885,avirgi,chr6,TRUE,TRUE,81545656,505,1267
886,avirgi,chr7,TRUE,TRUE,79391436,552,565
887,avirgi,chr8,TRUE,TRUE,78334362,888,680
888,avirgi,chr9,TRUE,TRUE,72611426,753,208
889,bdista,1,TRUE,TRUE,75071545,40,48
890,bdista,2,FALSE,TRUE,59130575,5,35
891,bdista,3,TRUE,TRUE,59640145,23,74
892,bdista,4,TRUE,FALSE,48594894,20,4
893,bdista,5,FALSE,FALSE,28630136,0,4
894,blagur,alt-scaf_100,FALSE,FALSE,1074308,0,1
895,blagur,alt-scaf_12,FALSE,FALSE,64356212,8,0
896,blagur,alt-scaf_17,TRUE,TRUE,57102155,444,1125
897,blagur,alt-scaf_25,FALSE,FALSE,44067195,2,1
898,blagur,alt-scaf_36,TRUE,FALSE,36357245,664,0
899,blagur,alt-scaf_57,TRUE,TRUE,24958668,1245,19
900,blagur,alt-scaf_86,FALSE,TRUE,20074346,4,30
901,blagur,alt-scaf_90,FALSE,FALSE,18546037,0,5
902,blagur,alt-scaf_96,TRUE,FALSE,4457416,1310,5
903,blagur,scaf_1,TRUE,TRUE,87074309,550,1306
904,blagur,scaf_10,FALSE,TRUE,64780962,2,481
905,blagur,scaf_11,TRUE,FALSE,64700695,1176,4
906,blagur,scaf_13,TRUE,TRUE,63764569,1059,1253
907,blagur,scaf_14,TRUE,FALSE,61683382,1239,6
908,blagur,scaf_15,FALSE,TRUE,61051547,1,1390
909,blagur,scaf_16,TRUE,TRUE,58029735,1373,1376
910,blagur,scaf_18,TRUE,TRUE,55533637,985,12
911,blagur,scaf_19,FALSE,TRUE,53741915,5,524
912,blagur,scaf_2,TRUE,TRUE,85602332,927,299
913,blagur,scaf_20,FALSE,FALSE,52239394,3,0
914,blagur,scaf_21,TRUE,TRUE,52123286,1023,365
915,blagur,scaf_22,TRUE,TRUE,51410610,1395,754
916,blagur,scaf_23,TRUE,FALSE,50211637,1346,2
917,blagur,scaf_24,FALSE,TRUE,44408896,5,1425
918,blagur,scaf_26,TRUE,TRUE,42061420,601,13
919,blagur,scaf_27,TRUE,FALSE,41684342,1045,3
920,blagur,scaf_28,TRUE,TRUE,41481297,1264,465
921,blagur,scaf_29,TRUE,FALSE,40307261,1310,4
922,blagur,scaf_3,TRUE,TRUE,80564845,1290,475
923,blagur,scaf_30,TRUE,FALSE,40135666,1309,8
924,blagur,scaf_31,TRUE,FALSE,39796960,23,0
925,blagur,scaf_32,FALSE,FALSE,39024897,4,4
926,blagur,scaf_33,TRUE,FALSE,38965166,1320,2
927,blagur,scaf_34,TRUE,TRUE,37962436,12,61
928,blagur,scaf_35,FALSE,TRUE,36764865,0,1193
929,blagur,scaf_37,TRUE,FALSE,35043472,1251,0
930,blagur,scaf_38,TRUE,FALSE,33004891,579,8
931,blagur,scaf_39,FALSE,TRUE,32293819,0,510
932,blagur,scaf_4,TRUE,FALSE,77146866,1266,0
933,blagur,scaf_40,FALSE,FALSE,30409037,0,3
934,blagur,scaf_41,FALSE,FALSE,30381762,0,0
935,blagur,scaf_42,FALSE,FALSE,30329044,1,2
936,blagur,scaf_43,TRUE,TRUE,29905876,15,1065
937,blagur,scaf_44,FALSE,TRUE,29752074,0,11
938,blagur,scaf_45,FALSE,TRUE,29155187,7,1107
939,blagur,scaf_46,FALSE,FALSE,28609182,5,0
940,blagur,scaf_47,TRUE,TRUE,28218879,10,61
941,blagur,scaf_48,FALSE,TRUE,27252859,5,416
942,blagur,scaf_49,TRUE,FALSE,26792189,1223,0
943,blagur,scaf_5,TRUE,TRUE,73482457,794,1317
944,blagur,scaf_50,TRUE,FALSE,26709516,1112,0
945,blagur,scaf_51,FALSE,FALSE,26402662,0,8
946,blagur,scaf_52,TRUE,FALSE,26153317,1242,1
947,blagur,scaf_53,FALSE,TRUE,25902333,0,94
948,blagur,scaf_54,TRUE,TRUE,25406763,900,22
949,blagur,scaf_55,FALSE,TRUE,25256129,4,30
950,blagur,scaf_56,FALSE,FALSE,24962528,5,9
951,blagur,scaf_58,FALSE,FALSE,24813559,9,5
952,blagur,scaf_59,TRUE,TRUE,24743044,1274,10
953,blagur,scaf_6,TRUE,TRUE,69951391,617,1271
954,blagur,scaf_60,FALSE,FALSE,24669264,6,2
955,blagur,scaf_61,TRUE,FALSE,24508602,29,7
956,blagur,scaf_62,FALSE,TRUE,24468792,0,1127
957,blagur,scaf_63,FALSE,FALSE,24343658,0,3
958,blagur,scaf_64,FALSE,TRUE,23979365,9,51
959,blagur,scaf_65,FALSE,FALSE,23930371,4,8
960,blagur,scaf_66,FALSE,TRUE,23877467,0,1364
961,blagur,scaf_67,TRUE,TRUE,23695078,14,599
962,blagur,scaf_68,FALSE,TRUE,23311039,7,874
963,blagur,scaf_69,FALSE,TRUE,23305356,4,256
964,blagur,scaf_7,TRUE,FALSE,67653146,55,2
965,blagur,scaf_70,TRUE,FALSE,23152538,1239,5
966,blagur,scaf_71,FALSE,TRUE,23000391,4,379
967,blagur,scaf_72,TRUE,FALSE,22768159,52,0
968,blagur,scaf_73,TRUE,FALSE,22563856,1128,5
969,blagur,scaf_74,FALSE,TRUE,22240925,2,1243
970,blagur,scaf_75,TRUE,FALSE,22220719,1073,0
971,blagur,scaf_76,TRUE,FALSE,22038219,1319,0
972,blagur,scaf_77,FALSE,TRUE,21991174,8,540
973,blagur,scaf_78,TRUE,FALSE,21718550,1253,0
974,blagur,scaf_79,TRUE,FALSE,21705259,1042,6
975,blagur,scaf_8,TRUE,TRUE,67340711,535,873
976,blagur,scaf_80,FALSE,TRUE,21681582,8,877
977,blagur,scaf_81,FALSE,TRUE,21580304,6,1349
978,blagur,scaf_82,FALSE,FALSE,21490558,1,0
979,blagur,scaf_83,FALSE,FALSE,21344110,7,0
980,blagur,scaf_84,FALSE,FALSE,20893264,0,0
981,blagur,scaf_85,TRUE,FALSE,20455382,519,1
982,blagur,scaf_87,TRUE,TRUE,19454684,437,13
983,blagur,scaf_88,TRUE,FALSE,18929409,1426,4
984,blagur,scaf_89,FALSE,TRUE,18683819,6,1354
985,blagur,scaf_9,TRUE,TRUE,65101842,1383,16
986,blagur,scaf_91,FALSE,FALSE,17343844,2,2
987,blagur,scaf_92,FALSE,TRUE,16988069,5,781
988,blagur,scaf_93,TRUE,FALSE,14998140,12,0
989,blagur,scaf_94,FALSE,TRUE,14605246,0,620
990,blagur,scaf_95,TRUE,FALSE,6247159,28,0
991,blagur,scaf_97,FALSE,FALSE,2525251,0,1
992,blagur,scaf_98,FALSE,TRUE,2001352,5,1368
993,blagur,scaf_99,TRUE,FALSE,1699221,1215,2
994,ccitra,ctg_1,FALSE,FALSE,10489967,4,4
995,ccitra,ctg_100129,FALSE,FALSE,6893673,3,4
996,ccitra,ctg_101878,FALSE,FALSE,10290572,4,1
997,ccitra,ctg_104532,FALSE,FALSE,5283941,0,3
998,ccitra,ctg_105849,FALSE,FALSE,11158471,4,3
999,ccitra,ctg_108680,TRUE,FALSE,13864064,15,1
1000,ccitra,ctg_112101,FALSE,FALSE,11156214,2,2
1001,ccitra,ctg_114821,TRUE,FALSE,2716764,1223,0
1002,ccitra,ctg_115529,FALSE,FALSE,9025951,3,1
1003,ccitra,ctg_117793,FALSE,FALSE,2359456,3,5
1004,ccitra,ctg_118368,FALSE,FALSE,8275033,3,0
1005,ccitra,ctg_120479,FALSE,FALSE,14951498,3,7
1006,ccitra,ctg_12160,FALSE,FALSE,15999473,6,4
1007,ccitra,ctg_124212,FALSE,FALSE,8813694,3,4
1008,ccitra,ctg_126435,FALSE,FALSE,13375404,2,4
1009,ccitra,ctg_129928,FALSE,FALSE,9700288,3,0
1010,ccitra,ctg_132374,FALSE,FALSE,10399901,4,3
1011,ccitra,ctg_135019,FALSE,FALSE,11833596,4,2
1012,ccitra,ctg_137949,FALSE,FALSE,8835904,1,1
1013,ccitra,ctg_140097,TRUE,FALSE,8065052,405,4
1014,ccitra,ctg_142082,FALSE,FALSE,2250597,2,2
1015,ccitra,ctg_142631,FALSE,FALSE,7932847,3,2
1016,ccitra,ctg_144619,FALSE,FALSE,7662001,2,1
1017,ccitra,ctg_146415,FALSE,FALSE,12644583,3,2
1018,ccitra,ctg_149575,FALSE,FALSE,3495286,2,3
1019,ccitra,ctg_150455,TRUE,FALSE,7616798,594,2
1020,ccitra,ctg_152296,FALSE,FALSE,3207461,4,3
1021,ccitra,ctg_153141,FALSE,FALSE,5037019,4,2
1022,ccitra,ctg_154409,FALSE,TRUE,9965281,4,323
1023,ccitra,ctg_156866,FALSE,FALSE,2854595,3,4
1024,ccitra,ctg_157588,FALSE,FALSE,6443669,3,3
1025,ccitra,ctg_159197,FALSE,FALSE,1963261,3,3
1026,ccitra,ctg_159661,FALSE,FALSE,15870245,0,2
1027,ccitra,ctg_16151,FALSE,FALSE,8564122,4,1
1028,ccitra,ctg_163792,FALSE,FALSE,2158476,5,2
1029,ccitra,ctg_164334,FALSE,FALSE,6224876,3,2
1030,ccitra,ctg_165828,FALSE,FALSE,13953558,6,2
1031,ccitra,ctg_169291,FALSE,FALSE,9223580,2,1
1032,ccitra,ctg_171644,FALSE,FALSE,6168094,4,1
1033,ccitra,ctg_173292,FALSE,FALSE,7659918,3,3
1034,ccitra,ctg_175135,FALSE,FALSE,5703772,3,3
1035,ccitra,ctg_176534,FALSE,FALSE,3765351,3,2
1036,ccitra,ctg_177477,FALSE,FALSE,6381680,5,2
1037,ccitra,ctg_179094,FALSE,FALSE,6065905,1,3
1038,ccitra,ctg_180610,TRUE,FALSE,3401148,1426,2
1039,ccitra,ctg_181669,FALSE,FALSE,7106113,4,1
1040,ccitra,ctg_18295,FALSE,FALSE,4210545,1,5
1041,ccitra,ctg_183342,TRUE,FALSE,3285312,640,5
1042,ccitra,ctg_184172,FALSE,FALSE,11058029,4,6
1043,ccitra,ctg_186850,FALSE,FALSE,2890176,3,5
1044,ccitra,ctg_187580,FALSE,FALSE,7520434,1,3
1045,ccitra,ctg_189387,FALSE,FALSE,4029688,6,2
1046,ccitra,ctg_190367,TRUE,FALSE,21400904,15,1
1047,ccitra,ctg_19302,FALSE,FALSE,8512029,3,1
1048,ccitra,ctg_195638,FALSE,FALSE,5608533,1,4
1049,ccitra,ctg_197018,FALSE,FALSE,1126783,1,3
1050,ccitra,ctg_197324,FALSE,FALSE,3791080,4,6
1051,ccitra,ctg_198278,FALSE,FALSE,2533604,3,0
1052,ccitra,ctg_198872,FALSE,FALSE,8523172,1,0
1053,ccitra,ctg_201013,TRUE,FALSE,2513585,1088,5
1054,ccitra,ctg_201648,FALSE,FALSE,3249648,2,1
1055,ccitra,ctg_202420,FALSE,FALSE,2968381,1,2
1056,ccitra,ctg_203165,FALSE,FALSE,3918893,5,2
1057,ccitra,ctg_204137,FALSE,FALSE,13363504,3,3
1058,ccitra,ctg_207623,FALSE,FALSE,11475211,3,4
1059,ccitra,ctg_210435,FALSE,TRUE,1310148,2,327
1060,ccitra,ctg_210727,FALSE,FALSE,4481946,3,0
1061,ccitra,ctg_211806,FALSE,FALSE,2659221,3,4
1062,ccitra,ctg_212463,FALSE,FALSE,6939550,5,8
1063,ccitra,ctg_21404,FALSE,FALSE,10304074,1,1
1064,ccitra,ctg_214195,FALSE,FALSE,6226311,3,3
1065,ccitra,ctg_215692,FALSE,FALSE,2760002,3,1
1066,ccitra,ctg_216367,FALSE,FALSE,5242300,2,2
1067,ccitra,ctg_217662,FALSE,FALSE,12019077,1,0
1068,ccitra,ctg_220708,FALSE,FALSE,3884531,6,3
1069,ccitra,ctg_221632,FALSE,FALSE,20897965,2,4
1070,ccitra,ctg_226857,FALSE,FALSE,1875099,1,2
1071,ccitra,ctg_227342,FALSE,FALSE,2292583,7,3
1072,ccitra,ctg_227904,FALSE,FALSE,2841857,3,1
1073,ccitra,ctg_228745,FALSE,FALSE,3074553,1,9
1074,ccitra,ctg_229499,FALSE,FALSE,6911772,4,1
1075,ccitra,ctg_231259,FALSE,FALSE,4871173,2,1
1076,ccitra,ctg_232524,FALSE,FALSE,10165749,3,2
1077,ccitra,ctg_235035,FALSE,FALSE,4983880,1,3
1078,ccitra,ctg_236269,FALSE,FALSE,17001614,1,0
1079,ccitra,ctg_23929,FALSE,FALSE,10654581,2,0
1080,ccitra,ctg_240495,FALSE,FALSE,4977225,2,2
1081,ccitra,ctg_241746,FALSE,FALSE,7188457,4,5
1082,ccitra,ctg_243534,FALSE,FALSE,11453551,0,2
1083,ccitra,ctg_246409,FALSE,FALSE,3593091,1,4
1084,ccitra,ctg_247311,FALSE,FALSE,9414979,3,3
1085,ccitra,ctg_249898,FALSE,FALSE,2282770,3,4
1086,ccitra,ctg_250444,FALSE,FALSE,4121623,5,2
1087,ccitra,ctg_251459,FALSE,FALSE,8936703,2,2
1088,ccitra,ctg_253648,FALSE,FALSE,3448036,6,3
1089,ccitra,ctg_254544,FALSE,FALSE,6212813,3,0
1090,ccitra,ctg_256112,FALSE,FALSE,2398561,5,7
1091,ccitra,ctg_257211,FALSE,FALSE,6083795,3,2
1092,ccitra,ctg_258744,FALSE,FALSE,3498749,3,3
1093,ccitra,ctg_259629,FALSE,FALSE,3238242,3,3
1094,ccitra,ctg_260412,TRUE,FALSE,6232897,12,2
1095,ccitra,ctg_261951,FALSE,FALSE,2768601,3,2
1096,ccitra,ctg_262593,FALSE,FALSE,6347552,7,3
1097,ccitra,ctg_2636,FALSE,FALSE,5723165,4,2
1098,ccitra,ctg_264255,FALSE,FALSE,11799007,4,2
1099,ccitra,ctg_26546,FALSE,FALSE,7635860,2,3
1100,ccitra,ctg_267176,FALSE,FALSE,6482233,2,1
1101,ccitra,ctg_268811,FALSE,FALSE,2218490,1,3
1102,ccitra,ctg_269364,FALSE,FALSE,5626053,4,2
1103,ccitra,ctg_270772,FALSE,FALSE,16658299,0,3
1104,ccitra,ctg_274903,FALSE,FALSE,13803418,3,1
1105,ccitra,ctg_278347,FALSE,FALSE,6615290,0,1
1106,ccitra,ctg_279981,FALSE,FALSE,2399287,3,2
1107,ccitra,ctg_280573,FALSE,FALSE,2638471,9,2
1108,ccitra,ctg_281199,FALSE,FALSE,4027307,2,2
1109,ccitra,ctg_282218,FALSE,FALSE,5285226,3,3
1110,ccitra,ctg_283525,FALSE,FALSE,1314212,3,0
1111,ccitra,ctg_283811,FALSE,FALSE,4106348,3,1
1112,ccitra,ctg_28421,FALSE,FALSE,17233986,3,3
1113,ccitra,ctg_284824,FALSE,FALSE,14968377,1,4
1114,ccitra,ctg_288560,FALSE,TRUE,11518294,1,942
1115,ccitra,ctg_291373,FALSE,FALSE,2382940,6,1
1116,ccitra,ctg_291963,FALSE,FALSE,4421532,3,2
1117,ccitra,ctg_293031,FALSE,TRUE,2139378,0,1233
1118,ccitra,ctg_293597,FALSE,FALSE,27477476,0,4
1119,ccitra,ctg_300308,FALSE,FALSE,6377044,2,4
1120,ccitra,ctg_301950,FALSE,FALSE,11861553,3,1
1121,ccitra,ctg_304985,FALSE,FALSE,13176123,2,2
1122,ccitra,ctg_308201,FALSE,FALSE,2021272,3,0
1123,ccitra,ctg_308692,TRUE,FALSE,3347957,17,3
1124,ccitra,ctg_309532,FALSE,TRUE,6705324,1,190
1125,ccitra,ctg_311484,FALSE,FALSE,4861639,4,0
1126,ccitra,ctg_312727,FALSE,FALSE,1244148,4,1
1127,ccitra,ctg_313038,FALSE,TRUE,10744224,3,259
1128,ccitra,ctg_315939,FALSE,FALSE,2155666,1,3
1129,ccitra,ctg_316474,FALSE,FALSE,6437519,2,2
1130,ccitra,ctg_318045,FALSE,FALSE,10362341,4,3
1131,ccitra,ctg_320547,FALSE,FALSE,10511691,4,3
1132,ccitra,ctg_323179,FALSE,FALSE,5253039,3,3
1133,ccitra,ctg_324440,FALSE,FALSE,20283512,4,3
1134,ccitra,ctg_32717,FALSE,FALSE,5102564,4,1
1135,ccitra,ctg_329483,FALSE,FALSE,2432798,5,3
1136,ccitra,ctg_330083,FALSE,FALSE,3298899,4,3
1137,ccitra,ctg_330888,FALSE,FALSE,4596448,4,1
1138,ccitra,ctg_332012,FALSE,FALSE,4246113,3,6
1139,ccitra,ctg_333067,FALSE,FALSE,7198710,2,7
1140,ccitra,ctg_334858,FALSE,FALSE,4444283,2,4
1141,ccitra,ctg_335977,FALSE,FALSE,5066868,1,3
1142,ccitra,ctg_337270,FALSE,FALSE,5594138,2,0
1143,ccitra,ctg_338692,FALSE,FALSE,3235420,5,2
1144,ccitra,ctg_339483,FALSE,FALSE,4454020,2,0
1145,ccitra,ctg_33962,FALSE,FALSE,5291723,3,2
1146,ccitra,ctg_340567,FALSE,FALSE,6638078,4,1
1147,ccitra,ctg_342234,FALSE,FALSE,5720397,3,1
1148,ccitra,ctg_343672,FALSE,FALSE,2292195,4,4
1149,ccitra,ctg_344250,FALSE,FALSE,2677021,3,2
1150,ccitra,ctg_344884,FALSE,FALSE,4241429,2,2
1151,ccitra,ctg_345895,FALSE,FALSE,8806423,1,3
1152,ccitra,ctg_348090,TRUE,FALSE,7634598,796,3
1153,ccitra,ctg_349953,FALSE,FALSE,2300633,4,0
1154,ccitra,ctg_350537,FALSE,FALSE,2313936,1,2
1155,ccitra,ctg_351233,FALSE,FALSE,12165888,1,4
1156,ccitra,ctg_35300,FALSE,FALSE,5980578,6,3
1157,ccitra,ctg_354234,FALSE,FALSE,1174711,3,2
1158,ccitra,ctg_354546,FALSE,FALSE,4076759,3,1
1159,ccitra,ctg_355614,FALSE,FALSE,3669933,1,1
1160,ccitra,ctg_356632,FALSE,FALSE,1719818,2,5
1161,ccitra,ctg_357038,FALSE,FALSE,14057197,1,1
1162,ccitra,ctg_360520,FALSE,FALSE,2296315,3,2
1163,ccitra,ctg_361088,FALSE,FALSE,9427570,2,5
1164,ccitra,ctg_363678,FALSE,FALSE,7800614,0,3
1165,ccitra,ctg_365597,FALSE,FALSE,5191984,5,1
1166,ccitra,ctg_366915,FALSE,FALSE,7740358,0,0
1167,ccitra,ctg_36753,FALSE,FALSE,13967770,4,0
1168,ccitra,ctg_368841,FALSE,FALSE,1704795,5,0
1169,ccitra,ctg_369215,FALSE,FALSE,2430311,3,5
1170,ccitra,ctg_369794,FALSE,FALSE,5762820,1,0
1171,ccitra,ctg_371261,FALSE,FALSE,3954979,2,1
1172,ccitra,ctg_372290,FALSE,FALSE,1601637,1,1
1173,ccitra,ctg_372692,FALSE,FALSE,5989254,3,2
1174,ccitra,ctg_374155,FALSE,FALSE,2772987,3,4
1175,ccitra,ctg_374830,FALSE,FALSE,4595873,2,9
1176,ccitra,ctg_375950,FALSE,FALSE,1504920,2,3
1177,ccitra,ctg_376325,FALSE,FALSE,2674341,4,4
1178,ccitra,ctg_377018,FALSE,FALSE,2257688,2,1
1179,ccitra,ctg_377545,FALSE,FALSE,11352389,2,3
1180,ccitra,ctg_380453,FALSE,FALSE,8001341,3,1
1181,ccitra,ctg_382400,FALSE,FALSE,4346740,1,2
1182,ccitra,ctg_383487,FALSE,FALSE,5163068,2,2
1183,ccitra,ctg_384760,FALSE,FALSE,1819403,1,2
1184,ccitra,ctg_385196,FALSE,FALSE,6202344,7,0
1185,ccitra,ctg_386748,FALSE,FALSE,1031558,3,4
1186,ccitra,ctg_386977,FALSE,FALSE,1860762,4,2
1187,ccitra,ctg_387419,FALSE,FALSE,3483735,3,0
1188,ccitra,ctg_388319,FALSE,FALSE,6993683,3,3
1189,ccitra,ctg_390066,FALSE,FALSE,1214107,5,4
1190,ccitra,ctg_390361,FALSE,FALSE,4960205,3,1
1191,ccitra,ctg_391581,FALSE,FALSE,3251719,6,5
1192,ccitra,ctg_392385,FALSE,FALSE,1206912,1,4
1193,ccitra,ctg_392671,FALSE,FALSE,5001385,3,4
1194,ccitra,ctg_394077,FALSE,FALSE,2736900,1,7
1195,ccitra,ctg_394819,FALSE,FALSE,2579629,8,2
1196,ccitra,ctg_395456,FALSE,FALSE,1683739,2,1
1197,ccitra,ctg_395854,FALSE,FALSE,2634811,3,1
1198,ccitra,ctg_396527,FALSE,FALSE,3807049,4,0
1199,ccitra,ctg_397449,FALSE,FALSE,5835872,1,2
1200,ccitra,ctg_398951,FALSE,TRUE,5664571,3,880
1201,ccitra,ctg_400382,FALSE,FALSE,3873274,2,4
1202,ccitra,ctg_401340,FALSE,FALSE,9440555,0,2
1203,ccitra,ctg_40181,FALSE,FALSE,5151959,1,0
1204,ccitra,ctg_403675,FALSE,FALSE,4400727,1,2
1205,ccitra,ctg_4038,FALSE,FALSE,2685625,4,5
1206,ccitra,ctg_404759,FALSE,FALSE,1352725,2,1
1207,ccitra,ctg_405106,FALSE,FALSE,5350061,7,3
1208,ccitra,ctg_406462,FALSE,FALSE,1455435,1,2
1209,ccitra,ctg_406821,FALSE,FALSE,3493512,3,3
1210,ccitra,ctg_407691,FALSE,FALSE,9371340,2,4
1211,ccitra,ctg_410077,FALSE,FALSE,5387776,1,3
1212,ccitra,ctg_411437,FALSE,FALSE,3789207,1,1
1213,ccitra,ctg_412341,FALSE,FALSE,3843751,2,4
1214,ccitra,ctg_413294,FALSE,FALSE,2825563,3,2
1215,ccitra,ctg_413978,TRUE,FALSE,7396937,1103,1
1216,ccitra,ctg_41473,FALSE,FALSE,8783950,2,0
1217,ccitra,ctg_415779,FALSE,FALSE,1380069,2,0
1218,ccitra,ctg_416107,FALSE,FALSE,4165515,5,1
1219,ccitra,ctg_417146,FALSE,FALSE,2178953,4,3
1220,ccitra,ctg_417677,FALSE,FALSE,5029674,8,5
1221,ccitra,ctg_418990,FALSE,FALSE,5682143,4,2
1222,ccitra,ctg_420391,TRUE,FALSE,1435853,1425,2
1223,ccitra,ctg_420769,FALSE,FALSE,2231489,1,3
1224,ccitra,ctg_421280,FALSE,FALSE,1355327,2,3
1225,ccitra,ctg_421607,FALSE,FALSE,2005931,2,2
1226,ccitra,ctg_422101,FALSE,FALSE,1626613,2,3
1227,ccitra,ctg_422486,FALSE,FALSE,2177187,5,3
1228,ccitra,ctg_423026,FALSE,FALSE,2473379,2,4
1229,ccitra,ctg_423646,FALSE,FALSE,8653288,4,5
1230,ccitra,ctg_426184,FALSE,FALSE,2285837,4,2
1231,ccitra,ctg_426773,FALSE,FALSE,1450004,4,3
1232,ccitra,ctg_427326,FALSE,FALSE,13524441,0,4
1233,ccitra,ctg_430622,FALSE,FALSE,2991481,4,4
1234,ccitra,ctg_431399,FALSE,FALSE,6742226,3,1
1235,ccitra,ctg_433078,FALSE,FALSE,1120373,1,1
1236,ccitra,ctg_433356,FALSE,FALSE,1161141,0,5
1237,ccitra,ctg_433648,FALSE,FALSE,3050782,7,1
1238,ccitra,ctg_434415,FALSE,TRUE,4688511,2,1427
1239,ccitra,ctg_435560,FALSE,FALSE,1069212,1,3
1240,ccitra,ctg_435828,FALSE,FALSE,4950166,4,2
1241,ccitra,ctg_43683,FALSE,FALSE,7200425,4,0
1242,ccitra,ctg_437081,FALSE,FALSE,15872743,2,1
1243,ccitra,ctg_441060,FALSE,FALSE,4769211,1,2
1244,ccitra,ctg_442497,FALSE,FALSE,3358095,3,4
1245,ccitra,ctg_443306,FALSE,TRUE,3236486,4,926
1246,ccitra,ctg_444066,FALSE,FALSE,3318028,2,2
1247,ccitra,ctg_444867,FALSE,FALSE,1166150,3,3
1248,ccitra,ctg_445165,FALSE,FALSE,7015935,4,4
1249,ccitra,ctg_446936,FALSE,FALSE,1739089,1,1
1250,ccitra,ctg_447590,FALSE,FALSE,1515059,1,2
1251,ccitra,ctg_447994,FALSE,FALSE,4272527,1,3
1252,ccitra,ctg_449020,FALSE,FALSE,4574284,2,2
1253,ccitra,ctg_450152,FALSE,FALSE,3294177,4,4
1254,ccitra,ctg_450901,FALSE,FALSE,8990796,1,3
1255,ccitra,ctg_453189,FALSE,FALSE,2513015,2,2
1256,ccitra,ctg_45374,FALSE,FALSE,11958347,2,0
1257,ccitra,ctg_453827,FALSE,FALSE,4918836,3,1
1258,ccitra,ctg_455040,FALSE,FALSE,5788783,6,0
1259,ccitra,ctg_456472,FALSE,FALSE,2593986,1,2
1260,ccitra,ctg_457130,FALSE,FALSE,9378135,2,4
1261,ccitra,ctg_459474,FALSE,FALSE,5091524,2,3
1262,ccitra,ctg_460896,FALSE,FALSE,5004455,6,4
1263,ccitra,ctg_462127,FALSE,FALSE,4308330,2,3
1264,ccitra,ctg_463355,FALSE,FALSE,3859986,5,0
1265,ccitra,ctg_464347,FALSE,FALSE,4030568,5,2
1266,ccitra,ctg_465377,FALSE,FALSE,4326538,3,3
1267,ccitra,ctg_466610,FALSE,FALSE,6308627,0,1
1268,ccitra,ctg_468186,FALSE,FALSE,7846366,4,2
1269,ccitra,ctg_470145,TRUE,FALSE,2562833,1428,5
1270,ccitra,ctg_470772,FALSE,FALSE,4641064,3,2
1271,ccitra,ctg_4716,FALSE,FALSE,2728107,3,0
1272,ccitra,ctg_471920,FALSE,FALSE,3975303,4,3
1273,ccitra,ctg_472891,FALSE,FALSE,1960158,2,3
1274,ccitra,ctg_473362,TRUE,FALSE,2707973,583,2
1275,ccitra,ctg_474054,FALSE,FALSE,3785188,1,3
1276,ccitra,ctg_474986,FALSE,FALSE,2638977,3,4
1277,ccitra,ctg_475627,FALSE,FALSE,2450053,0,1
1278,ccitra,ctg_476242,FALSE,FALSE,1675721,3,1
1279,ccitra,ctg_476630,FALSE,FALSE,1494608,3,5
1280,ccitra,ctg_477046,FALSE,FALSE,15813027,2,0
1281,ccitra,ctg_480973,FALSE,FALSE,2475987,3,2
1282,ccitra,ctg_481596,FALSE,FALSE,3731012,4,3
1283,ccitra,ctg_482505,FALSE,FALSE,5023156,2,3
1284,ccitra,ctg_483724,TRUE,FALSE,6432737,1169,4
1285,ccitra,ctg_48378,FALSE,FALSE,10764203,2,3
1286,ccitra,ctg_485304,FALSE,FALSE,2251760,2,3
1287,ccitra,ctg_485832,FALSE,FALSE,2292566,2,8
1288,ccitra,ctg_486426,FALSE,FALSE,1877198,5,3
1289,ccitra,ctg_486854,FALSE,FALSE,1573730,3,5
1290,ccitra,ctg_487376,FALSE,FALSE,1946468,2,5
1291,ccitra,ctg_487823,FALSE,FALSE,3934168,7,0
1292,ccitra,ctg_488782,FALSE,TRUE,3588616,4,446
1293,ccitra,ctg_489632,FALSE,FALSE,1440777,2,2
1294,ccitra,ctg_490192,FALSE,FALSE,1157249,0,1
1295,ccitra,ctg_490473,FALSE,TRUE,2722704,3,10
1296,ccitra,ctg_491156,FALSE,FALSE,1970688,2,1
1297,ccitra,ctg_491651,FALSE,FALSE,1170780,4,3
1298,ccitra,ctg_491945,FALSE,FALSE,1332561,3,2
1299,ccitra,ctg_492261,FALSE,FALSE,4742169,4,5
1300,ccitra,ctg_493418,FALSE,FALSE,3745707,5,3
1301,ccitra,ctg_494354,FALSE,FALSE,4951608,6,0
1302,ccitra,ctg_495917,FALSE,FALSE,8499858,1,6
1303,ccitra,ctg_498064,FALSE,FALSE,1039995,2,0
1304,ccitra,ctg_498319,FALSE,FALSE,4485866,0,0
1305,ccitra,ctg_499466,FALSE,FALSE,1620752,2,8
1306,ccitra,ctg_499872,FALSE,FALSE,2352672,4,3
1307,ccitra,ctg_500447,FALSE,FALSE,4328762,8,1
1308,ccitra,ctg_501652,FALSE,FALSE,4938334,0,4
1309,ccitra,ctg_502911,FALSE,FALSE,1037729,2,4
1310,ccitra,ctg_503153,FALSE,FALSE,2361981,3,4
1311,ccitra,ctg_503725,FALSE,FALSE,2468894,2,4
1312,ccitra,ctg_504323,FALSE,FALSE,1091423,2,1
1313,ccitra,ctg_504616,FALSE,FALSE,1079476,1,0
1314,ccitra,ctg_504851,FALSE,FALSE,7426056,2,1
1315,ccitra,ctg_506584,FALSE,FALSE,1444790,4,4
1316,ccitra,ctg_506910,TRUE,FALSE,1771366,189,3
1317,ccitra,ctg_507613,FALSE,FALSE,1227346,2,2
1318,ccitra,ctg_508162,FALSE,FALSE,1474583,2,4
1319,ccitra,ctg_508556,FALSE,FALSE,1666705,2,2
1320,ccitra,ctg_508969,TRUE,FALSE,8158485,16,2
1321,ccitra,ctg_51046,FALSE,FALSE,2853165,1,2
1322,ccitra,ctg_510973,FALSE,FALSE,2675603,3,4
1323,ccitra,ctg_511831,FALSE,FALSE,2463565,3,2
1324,ccitra,ctg_512676,FALSE,FALSE,1293219,3,3
1325,ccitra,ctg_513125,FALSE,FALSE,6728564,1,2
1326,ccitra,ctg_514805,FALSE,FALSE,1990828,2,1
1327,ccitra,ctg_515278,FALSE,FALSE,5031828,1,3
1328,ccitra,ctg_516620,TRUE,FALSE,3529188,1345,2
1329,ccitra,ctg_51742,FALSE,FALSE,9534730,3,2
1330,ccitra,ctg_517623,FALSE,FALSE,1325430,9,2
1331,ccitra,ctg_517936,FALSE,FALSE,1040815,3,5
1332,ccitra,ctg_518203,FALSE,FALSE,1112945,2,1
1333,ccitra,ctg_518460,FALSE,FALSE,2542038,2,2
1334,ccitra,ctg_519124,FALSE,FALSE,1295507,3,3
1335,ccitra,ctg_519461,FALSE,FALSE,6635073,0,2
1336,ccitra,ctg_521295,FALSE,FALSE,1569887,6,2
1337,ccitra,ctg_521672,FALSE,FALSE,1552819,2,2
1338,ccitra,ctg_522189,FALSE,FALSE,1644864,3,1
1339,ccitra,ctg_522575,FALSE,FALSE,2838720,1,3
1340,ccitra,ctg_523267,FALSE,FALSE,2513068,0,1
1341,ccitra,ctg_524046,FALSE,FALSE,1453519,2,1
1342,ccitra,ctg_524405,FALSE,FALSE,1869480,1,3
1343,ccitra,ctg_524845,FALSE,FALSE,2432098,4,5
1344,ccitra,ctg_525468,FALSE,FALSE,12676057,2,0
1345,ccitra,ctg_528629,FALSE,FALSE,3868764,3,1
1346,ccitra,ctg_529906,FALSE,FALSE,1560653,2,2
1347,ccitra,ctg_530513,FALSE,FALSE,1437226,3,1
1348,ccitra,ctg_530860,FALSE,FALSE,8194300,4,0
1349,ccitra,ctg_532914,FALSE,FALSE,3254957,1,4
1350,ccitra,ctg_533742,FALSE,FALSE,3133222,6,3
1351,ccitra,ctg_534566,FALSE,FALSE,2224026,1,3
1352,ccitra,ctg_535116,FALSE,FALSE,3641314,4,2
1353,ccitra,ctg_536022,FALSE,FALSE,2358577,6,5
1354,ccitra,ctg_536584,FALSE,FALSE,3460816,2,2
1355,ccitra,ctg_537436,FALSE,FALSE,1543772,2,2
1356,ccitra,ctg_537942,FALSE,TRUE,1551785,2,1427
1357,ccitra,ctg_538837,FALSE,FALSE,1219525,4,2
1358,ccitra,ctg_5393,FALSE,FALSE,4660792,2,1
1359,ccitra,ctg_539302,FALSE,FALSE,2079203,2,2
1360,ccitra,ctg_540730,FALSE,FALSE,2274716,2,2
1361,ccitra,ctg_541300,FALSE,FALSE,1337288,3,0
1362,ccitra,ctg_54156,TRUE,FALSE,11051108,530,3
1363,ccitra,ctg_541619,FALSE,FALSE,2159165,3,3
1364,ccitra,ctg_542196,FALSE,FALSE,3624055,2,3
1365,ccitra,ctg_543446,FALSE,FALSE,3160433,7,5
1366,ccitra,ctg_544225,FALSE,FALSE,1264643,3,2
1367,ccitra,ctg_544532,FALSE,FALSE,1169416,1,8
1368,ccitra,ctg_544838,FALSE,FALSE,2502484,1,1
1369,ccitra,ctg_545481,FALSE,FALSE,1230150,4,1
1370,ccitra,ctg_545739,FALSE,FALSE,2222147,1,1
1371,ccitra,ctg_546439,TRUE,FALSE,2043199,15,4
1372,ccitra,ctg_546922,FALSE,FALSE,1075806,2,3
1373,ccitra,ctg_547200,FALSE,FALSE,1310495,2,0
1374,ccitra,ctg_547541,FALSE,FALSE,1685852,3,7
1375,ccitra,ctg_547947,FALSE,FALSE,2471812,2,2
1376,ccitra,ctg_548544,FALSE,FALSE,1623436,4,2
1377,ccitra,ctg_548929,FALSE,FALSE,1839897,2,1
1378,ccitra,ctg_549366,TRUE,FALSE,2857018,1427,2
1379,ccitra,ctg_550365,FALSE,FALSE,3447050,2,1
1380,ccitra,ctg_551441,FALSE,FALSE,1875230,4,1
1381,ccitra,ctg_552124,FALSE,FALSE,2040865,3,1
1382,ccitra,ctg_552764,FALSE,TRUE,1446088,2,1378
1383,ccitra,ctg_553183,TRUE,FALSE,1253184,344,1
1384,ccitra,ctg_553636,FALSE,FALSE,1675227,2,2
1385,ccitra,ctg_554281,FALSE,FALSE,1164385,1,2
1386,ccitra,ctg_554571,FALSE,FALSE,2278137,3,2
1387,ccitra,ctg_555134,FALSE,FALSE,1067563,5,2
1388,ccitra,ctg_555426,FALSE,FALSE,3547750,1,4
1389,ccitra,ctg_556471,FALSE,FALSE,3354653,0,1
1390,ccitra,ctg_557253,FALSE,FALSE,1892094,5,1
1391,ccitra,ctg_557673,FALSE,FALSE,1244018,5,4
1392,ccitra,ctg_557975,FALSE,FALSE,1741388,1,0
1393,ccitra,ctg_558412,FALSE,TRUE,1841606,4,16
1394,ccitra,ctg_559009,FALSE,FALSE,2651761,4,2
1395,ccitra,ctg_559668,TRUE,FALSE,1328878,15,2
1396,ccitra,ctg_560349,FALSE,FALSE,1126457,3,4
1397,ccitra,ctg_560652,FALSE,FALSE,1600040,2,1
1398,ccitra,ctg_561044,FALSE,FALSE,1952908,2,0
1399,ccitra,ctg_561734,FALSE,FALSE,2832323,2,0
1400,ccitra,ctg_562818,FALSE,FALSE,1126242,3,2
1401,ccitra,ctg_563154,FALSE,FALSE,2592495,3,6
1402,ccitra,ctg_564037,TRUE,TRUE,1504901,324,12
1403,ccitra,ctg_564563,FALSE,FALSE,1040126,6,1
1404,ccitra,ctg_565990,FALSE,FALSE,4089544,4,0
1405,ccitra,ctg_567187,FALSE,FALSE,2152561,3,4
1406,ccitra,ctg_567963,FALSE,FALSE,3169725,3,5
1407,ccitra,ctg_56814,FALSE,FALSE,16342252,3,0
1408,ccitra,ctg_568947,FALSE,FALSE,1063399,2,1
1409,ccitra,ctg_570243,FALSE,FALSE,1373992,2,2
1410,ccitra,ctg_571262,FALSE,FALSE,1331501,4,5
1411,ccitra,ctg_572447,FALSE,FALSE,1093216,0,2
1412,ccitra,ctg_574473,FALSE,FALSE,1370278,2,3
1413,ccitra,ctg_575146,FALSE,FALSE,3107650,0,1
1414,ccitra,ctg_60823,FALSE,FALSE,1172269,2,3
1415,ccitra,ctg_61135,FALSE,FALSE,16099198,3,2
1416,ccitra,ctg_65146,FALSE,FALSE,4934379,2,0
1417,ccitra,ctg_6541,FALSE,FALSE,4655664,7,5
1418,ccitra,ctg_66322,FALSE,FALSE,3808410,4,3
1419,ccitra,ctg_67274,FALSE,FALSE,2943209,1,6
1420,ccitra,ctg_68012,FALSE,FALSE,7693261,2,0
1421,ccitra,ctg_69965,TRUE,FALSE,5649034,748,1
1422,ccitra,ctg_71306,FALSE,FALSE,9889361,2,0
1423,ccitra,ctg_73678,FALSE,FALSE,1873923,1,5
1424,ccitra,ctg_74167,FALSE,FALSE,3829457,2,3
1425,ccitra,ctg_75106,FALSE,FALSE,4136443,3,0
1426,ccitra,ctg_76129,FALSE,FALSE,2602933,4,1
1427,ccitra,ctg_76752,FALSE,FALSE,6634071,2,3
1428,ccitra,ctg_7744,FALSE,FALSE,2385088,3,4
1429,ccitra,ctg_78359,FALSE,FALSE,9074328,1,1
1430,ccitra,ctg_80585,FALSE,TRUE,6498346,1,166
1431,ccitra,ctg_82146,FALSE,FALSE,1160312,5,1
1432,ccitra,ctg_82431,FALSE,FALSE,4887103,2,3
1433,ccitra,ctg_8336,FALSE,FALSE,1952626,2,2
1434,ccitra,ctg_83654,FALSE,FALSE,7199330,1,2
1435,ccitra,ctg_85479,FALSE,FALSE,3003345,1,4
1436,ccitra,ctg_86179,FALSE,FALSE,4523121,2,5
1437,ccitra,ctg_87347,FALSE,FALSE,7538537,2,1
1438,ccitra,ctg_8799,FALSE,FALSE,13403130,0,1
1439,ccitra,ctg_89188,FALSE,FALSE,5652888,0,3
1440,ccitra,ctg_90625,FALSE,FALSE,4428879,2,3
1441,ccitra,ctg_91725,FALSE,FALSE,1241063,1,1
1442,ccitra,ctg_92208,FALSE,FALSE,1212308,2,3
1443,ccitra,ctg_92523,TRUE,FALSE,13428732,21,3
1444,ccitra,ctg_95810,FALSE,FALSE,6680120,5,3
1445,ccitra,ctg_97442,FALSE,FALSE,10897203,2,4
1446,crefra,scaf_1,FALSE,TRUE,52264339,1,953
1447,crefra,scaf_10,FALSE,FALSE,38286705,0,0
1448,crefra,scaf_11,TRUE,FALSE,38230410,1315,0
1449,crefra,scaf_12,FALSE,FALSE,34451704,1,0
1450,crefra,scaf_13,FALSE,TRUE,34074382,0,757
1451,crefra,scaf_14,FALSE,FALSE,33457186,4,1
1452,crefra,scaf_15,FALSE,FALSE,31973436,2,2
1453,crefra,scaf_16,FALSE,FALSE,31509299,2,3
1454,crefra,scaf_17,FALSE,FALSE,29894046,3,0
1455,crefra,scaf_18,TRUE,FALSE,27066536,1407,0
1456,crefra,scaf_19,FALSE,TRUE,26662570,4,1079
1457,crefra,scaf_2,FALSE,FALSE,51663996,3,3
1458,crefra,scaf_20,FALSE,FALSE,20645366,0,0
1459,crefra,scaf_21,TRUE,TRUE,8013529,52,1258
1460,crefra,scaf_22,FALSE,TRUE,4146868,3,911
1461,crefra,scaf_23,FALSE,FALSE,2870703,0,0
1462,crefra,scaf_24,TRUE,FALSE,2060503,1331,0
1463,crefra,scaf_25,FALSE,FALSE,1365309,4,3
1464,crefra,scaf_26,FALSE,FALSE,991062,2,3
1465,crefra,scaf_3,FALSE,TRUE,49700854,2,1426
1466,crefra,scaf_4,FALSE,FALSE,48709855,2,0
1467,crefra,scaf_5,TRUE,FALSE,47908162,1383,0
1468,crefra,scaf_6,TRUE,FALSE,44025338,1253,0
1469,crefra,scaf_7,FALSE,FALSE,43675957,0,0
1470,crefra,scaf_8,TRUE,FALSE,42627349,52,0
1471,crefra,scaf_9,FALSE,TRUE,39625605,0,1318
1472,cserru,alt-scaf_12,FALSE,FALSE,45781106,2,5
1473,cserru,alt-scaf_14,FALSE,FALSE,34947243,4,2
1474,cserru,alt-scaf_16,FALSE,FALSE,34690148,0,1
1475,cserru,alt-scaf_17,FALSE,FALSE,33977413,5,1
1476,cserru,alt-scaf_18,FALSE,FALSE,29689963,3,1
1477,cserru,alt-scaf_19,FALSE,FALSE,26382401,5,2
1478,cserru,alt-scaf_2,FALSE,FALSE,75127433,2,1
1479,cserru,alt-scaf_21,FALSE,FALSE,24175275,5,4
1480,cserru,alt-scaf_22,FALSE,FALSE,23580969,3,3
1481,cserru,alt-scaf_23,FALSE,TRUE,23179571,1,1391
1482,cserru,alt-scaf_24,FALSE,FALSE,23065582,3,2
1483,cserru,alt-scaf_26,FALSE,FALSE,18323660,2,3
1484,cserru,alt-scaf_27,FALSE,FALSE,16501247,2,6
1485,cserru,alt-scaf_28,FALSE,FALSE,14000140,3,3
1486,cserru,alt-scaf_4,FALSE,FALSE,69302531,1,4
1487,cserru,alt-scaf_8,FALSE,FALSE,50709730,5,3
1488,cserru,scaf_1,FALSE,TRUE,77818675,3,1228
1489,cserru,scaf_10,FALSE,TRUE,47214623,6,641
1490,cserru,scaf_11,FALSE,TRUE,47157659,4,532
1491,cserru,scaf_13,FALSE,FALSE,35114312,4,2
1492,cserru,scaf_15,FALSE,FALSE,34860913,3,1
1493,cserru,scaf_20,FALSE,TRUE,25526534,5,928
1494,cserru,scaf_25,FALSE,FALSE,18456911,1,2
1495,cserru,scaf_29,FALSE,FALSE,1054420,2,2
1496,cserru,scaf_3,FALSE,FALSE,70130003,7,3
1497,cserru,scaf_5,FALSE,FALSE,61222846,3,3
1498,cserru,scaf_6,TRUE,FALSE,53625606,1428,4
1499,cserru,scaf_7,FALSE,FALSE,51581111,2,4
1500,cserru,scaf_9,FALSE,FALSE,50121718,1,2
1501,eophiu,Hic_asm_0,FALSE,TRUE,86051941,9,48
1502,eophiu,Hic_asm_1,FALSE,FALSE,97333449,6,2
1503,eophiu,Hic_asm_2,FALSE,TRUE,110364709,5,51
1504,eophiu,Hic_asm_3,FALSE,FALSE,114806598,4,9
1505,eophiu,Hic_asm_4,FALSE,FALSE,106363105,7,5
1506,eophiu,Hic_asm_5,FALSE,TRUE,72060952,3,12
1507,eophiu,Hic_asm_6,FALSE,FALSE,65489550,8,4
1508,eophiu,Hic_asm_7,TRUE,FALSE,82208441,10,5
1509,eophiu,Hic_asm_8,TRUE,FALSE,68685498,13,7
1510,eophiu,SS_168_F_3,FALSE,FALSE,4325000,0,2
1511,eophiu,SS_23_F_5,FALSE,FALSE,1350000,3,0
1512,eophiu,SS_316,FALSE,TRUE,1316896,7,10
1513,eophiu,SS_364_F_3,FALSE,FALSE,1180000,0,1
1514,eophiu,SS_5,FALSE,FALSE,1790961,3,3
1515,etrips,scaf_1,FALSE,TRUE,188587593,2,53
1516,etrips,scaf_10,TRUE,FALSE,116762851,11,2
1517,etrips,scaf_100,FALSE,FALSE,4462274,3,3
1518,etrips,scaf_101,FALSE,FALSE,4431039,2,3
1519,etrips,scaf_102,FALSE,FALSE,4340766,0,0
1520,etrips,scaf_103,TRUE,FALSE,4281879,13,6
1521,etrips,scaf_104,FALSE,FALSE,4274696,1,4
1522,etrips,scaf_105,FALSE,FALSE,4259461,2,1
1523,etrips,scaf_106,FALSE,FALSE,3979005,5,2
1524,etrips,scaf_107,TRUE,FALSE,3884056,1139,2
1525,etrips,scaf_108,FALSE,TRUE,3741221,1,1332
1526,etrips,scaf_109,FALSE,FALSE,3739709,1,4
1527,etrips,scaf_11,FALSE,FALSE,116091292,3,6
1528,etrips,scaf_110,FALSE,FALSE,3577923,5,3
1529,etrips,scaf_111,TRUE,FALSE,3567059,11,5
1530,etrips,scaf_112,TRUE,FALSE,3369116,20,0
1531,etrips,scaf_113,FALSE,FALSE,3354686,1,3
1532,etrips,scaf_114,FALSE,FALSE,3346124,4,2
1533,etrips,scaf_115,FALSE,FALSE,3039717,3,5
1534,etrips,scaf_116,FALSE,FALSE,3007388,4,4
1535,etrips,scaf_117,TRUE,FALSE,3007084,27,4
1536,etrips,scaf_118,FALSE,FALSE,2962646,3,1
1537,etrips,scaf_119,FALSE,FALSE,2884074,1,3
1538,etrips,scaf_12,TRUE,FALSE,115982002,11,3
1539,etrips,scaf_120,FALSE,FALSE,2768874,7,3
1540,etrips,scaf_121,FALSE,FALSE,2752851,5,2
1541,etrips,scaf_122,FALSE,FALSE,2739619,5,8
1542,etrips,scaf_123,FALSE,TRUE,2736468,2,24
1543,etrips,scaf_124,FALSE,FALSE,2689576,7,5
1544,etrips,scaf_125,FALSE,FALSE,2660434,5,2
1545,etrips,scaf_126,FALSE,FALSE,2615221,3,4
1546,etrips,scaf_127,TRUE,TRUE,2609269,45,25
1547,etrips,scaf_128,FALSE,FALSE,2539831,5,1
1548,etrips,scaf_129,FALSE,FALSE,2472598,2,2
1549,etrips,scaf_13,FALSE,FALSE,108159183,0,3
1550,etrips,scaf_130,TRUE,FALSE,2385994,34,5
1551,etrips,scaf_131,FALSE,FALSE,2290757,1,7
1552,etrips,scaf_132,FALSE,FALSE,2272601,4,1
1553,etrips,scaf_133,FALSE,FALSE,2257540,4,4
1554,etrips,scaf_134,FALSE,FALSE,2248190,7,3
1555,etrips,scaf_135,FALSE,FALSE,2231674,2,1
1556,etrips,scaf_136,FALSE,FALSE,2217761,6,4
1557,etrips,scaf_137,FALSE,FALSE,2147719,4,2
1558,etrips,scaf_138,FALSE,FALSE,2072184,2,4
1559,etrips,scaf_139,FALSE,FALSE,2037151,6,3
1560,etrips,scaf_14,FALSE,FALSE,107980464,3,3
1561,etrips,scaf_140,FALSE,FALSE,1988326,0,2
1562,etrips,scaf_141,FALSE,FALSE,1972996,7,2
1563,etrips,scaf_142,FALSE,FALSE,1833621,5,5
1564,etrips,scaf_143,FALSE,FALSE,1807894,6,2
1565,etrips,scaf_144,TRUE,FALSE,1807366,1234,1
1566,etrips,scaf_145,FALSE,FALSE,1738251,3,9
1567,etrips,scaf_146,FALSE,FALSE,1730883,4,5
1568,etrips,scaf_147,TRUE,TRUE,1723740,101,104
1569,etrips,scaf_148,FALSE,FALSE,1715292,3,2
1570,etrips,scaf_149,FALSE,FALSE,1706247,5,3
1571,etrips,scaf_15,TRUE,FALSE,96548556,1294,5
1572,etrips,scaf_150,FALSE,FALSE,1665492,3,6
1573,etrips,scaf_151,FALSE,FALSE,1647534,4,4
1574,etrips,scaf_152,FALSE,FALSE,1621316,2,7
1575,etrips,scaf_153,FALSE,FALSE,1579266,1,0
1576,etrips,scaf_154,FALSE,FALSE,1497972,1,2
1577,etrips,scaf_155,FALSE,FALSE,1479554,2,2
1578,etrips,scaf_156,FALSE,TRUE,1450971,5,50
1579,etrips,scaf_157,FALSE,FALSE,1389630,5,7
1580,etrips,scaf_158,TRUE,FALSE,1354811,987,8
1581,etrips,scaf_159,TRUE,FALSE,1297419,25,2
1582,etrips,scaf_16,TRUE,FALSE,93167427,1315,1
1583,etrips,scaf_160,FALSE,TRUE,1215742,5,19
1584,etrips,scaf_161,FALSE,FALSE,1154791,6,3
1585,etrips,scaf_162,FALSE,FALSE,1109511,2,4
1586,etrips,scaf_163,FALSE,FALSE,1089212,4,6
1587,etrips,scaf_164,FALSE,FALSE,1079997,8,2
1588,etrips,scaf_165,TRUE,FALSE,1066044,19,5
1589,etrips,scaf_166,FALSE,FALSE,1044076,6,6
1590,etrips,scaf_167,FALSE,FALSE,1017358,3,5
1591,etrips,scaf_168,FALSE,FALSE,1013737,4,3
1592,etrips,scaf_17,FALSE,FALSE,89448921,2,3
1593,etrips,scaf_18,FALSE,TRUE,87062224,6,25
1594,etrips,scaf_19,TRUE,FALSE,83734639,392,0
1595,etrips,scaf_2,TRUE,FALSE,188313916,1080,2
1596,etrips,scaf_20,FALSE,FALSE,76098852,2,6
1597,etrips,scaf_21,TRUE,TRUE,74080323,1101,36
1598,etrips,scaf_22,FALSE,TRUE,73965378,3,264
1599,etrips,scaf_23,TRUE,FALSE,73892541,248,1
1600,etrips,scaf_24,TRUE,FALSE,65615199,44,8
1601,etrips,scaf_25,TRUE,FALSE,63047968,22,3
1602,etrips,scaf_26,FALSE,FALSE,59240498,0,1
1603,etrips,scaf_27,TRUE,FALSE,58346365,18,3
1604,etrips,scaf_28,TRUE,TRUE,58335464,119,16
1605,etrips,scaf_29,TRUE,FALSE,58057713,20,2
1606,etrips,scaf_3,FALSE,TRUE,181489617,7,1246
1607,etrips,scaf_30,FALSE,FALSE,57858373,2,3
1608,etrips,scaf_31,TRUE,TRUE,56428606,17,23
1609,etrips,scaf_32,FALSE,FALSE,50325054,0,4
1610,etrips,scaf_33,FALSE,FALSE,49607516,4,7
1611,etrips,scaf_34,FALSE,FALSE,48668137,5,5
1612,etrips,scaf_35,TRUE,FALSE,40988162,1185,9
1613,etrips,scaf_36,FALSE,FALSE,40005985,4,2
1614,etrips,scaf_37,FALSE,TRUE,38770956,1,35
1615,etrips,scaf_38,FALSE,FALSE,35937761,2,1
1616,etrips,scaf_39,FALSE,FALSE,35894721,1,2
1617,etrips,scaf_4,TRUE,FALSE,161629851,35,7
1618,etrips,scaf_40,TRUE,FALSE,35449643,50,2
1619,etrips,scaf_41,FALSE,FALSE,34940154,0,2
1620,etrips,scaf_42,FALSE,FALSE,34189804,0,2
1621,etrips,scaf_43,FALSE,TRUE,33324397,5,20
1622,etrips,scaf_44,TRUE,FALSE,31987712,567,5
1623,etrips,scaf_45,TRUE,FALSE,30716914,654,1
1624,etrips,scaf_46,TRUE,FALSE,29083283,24,3
1625,etrips,scaf_47,FALSE,TRUE,26285196,1,141
1626,etrips,scaf_48,TRUE,FALSE,22763953,28,7
1627,etrips,scaf_49,FALSE,FALSE,21474732,0,2
1628,etrips,scaf_5,FALSE,TRUE,153137031,6,34
1629,etrips,scaf_50,FALSE,FALSE,18194108,6,5
1630,etrips,scaf_51,TRUE,FALSE,17768920,26,0
1631,etrips,scaf_52,FALSE,FALSE,16535834,2,2
1632,etrips,scaf_53,FALSE,FALSE,15931183,0,1
1633,etrips,scaf_54,FALSE,FALSE,15745376,3,3
1634,etrips,scaf_55,FALSE,FALSE,15469630,3,6
1635,etrips,scaf_56,TRUE,TRUE,15453024,29,57
1636,etrips,scaf_57,TRUE,FALSE,15043690,23,2
1637,etrips,scaf_58,FALSE,FALSE,15002075,2,1
1638,etrips,scaf_59,FALSE,FALSE,14018798,4,2
1639,etrips,scaf_6,FALSE,TRUE,142132347,9,31
1640,etrips,scaf_60,TRUE,TRUE,13958359,15,25
1641,etrips,scaf_61,FALSE,FALSE,12444704,6,1
1642,etrips,scaf_62,TRUE,FALSE,12392610,56,3
1643,etrips,scaf_63,FALSE,FALSE,11968412,2,5
1644,etrips,scaf_64,FALSE,FALSE,11129485,1,2
1645,etrips,scaf_65,TRUE,TRUE,10492716,88,84
1646,etrips,scaf_66,FALSE,FALSE,9908921,4,2
1647,etrips,scaf_67,TRUE,FALSE,9584335,48,3
1648,etrips,scaf_68,TRUE,FALSE,9351141,88,0
1649,etrips,scaf_69,FALSE,FALSE,9117099,4,5
1650,etrips,scaf_7,TRUE,TRUE,138617906,1268,31
1651,etrips,scaf_70,FALSE,FALSE,8993998,5,2
1652,etrips,scaf_71,FALSE,FALSE,8871615,4,3
1653,etrips,scaf_72,FALSE,FALSE,8832824,5,1
1654,etrips,scaf_73,FALSE,FALSE,8687981,0,6
1655,etrips,scaf_74,FALSE,FALSE,8463586,1,3
1656,etrips,scaf_75,FALSE,TRUE,8258092,3,90
1657,etrips,scaf_76,FALSE,FALSE,8118645,2,3
1658,etrips,scaf_77,FALSE,TRUE,7989237,4,33
1659,etrips,scaf_78,FALSE,TRUE,7987944,3,50
1660,etrips,scaf_79,FALSE,FALSE,7718429,4,4
1661,etrips,scaf_8,FALSE,TRUE,137636142,0,516
1662,etrips,scaf_80,FALSE,FALSE,7243110,2,3
1663,etrips,scaf_81,TRUE,TRUE,7101129,24,23
1664,etrips,scaf_82,FALSE,FALSE,7010311,4,4
1665,etrips,scaf_83,FALSE,FALSE,6738196,4,5
1666,etrips,scaf_84,FALSE,FALSE,6565180,4,5
1667,etrips,scaf_85,TRUE,FALSE,6399261,20,9
1668,etrips,scaf_86,FALSE,FALSE,6395086,1,1
1669,etrips,scaf_87,FALSE,FALSE,6374017,1,4
1670,etrips,scaf_88,FALSE,FALSE,6369079,8,0
1671,etrips,scaf_89,FALSE,FALSE,6237119,6,5
1672,etrips,scaf_9,FALSE,FALSE,137283236,4,0
1673,etrips,scaf_90,FALSE,FALSE,5940755,7,4
1674,etrips,scaf_91,FALSE,FALSE,5935624,5,4
1675,etrips,scaf_92,FALSE,TRUE,5745327,4,10
1676,etrips,scaf_93,FALSE,FALSE,5721352,6,7
1677,etrips,scaf_94,FALSE,FALSE,5470735,6,2
1678,etrips,scaf_95,FALSE,FALSE,5436912,4,6
1679,etrips,scaf_96,FALSE,FALSE,5341410,2,4
1680,etrips,scaf_97,FALSE,FALSE,4891721,2,4
1681,etrips,scaf_98,FALSE,FALSE,4720156,3,6
1682,etrips,scaf_99,FALSE,FALSE,4577556,1,1
1683,hcompr,scaf_1,FALSE,FALSE,135934238,1,2
1684,hcompr,scaf_10,FALSE,TRUE,92912811,5,170
1685,hcompr,scaf_100,TRUE,FALSE,18921918,197,4
1686,hcompr,scaf_101,FALSE,TRUE,18877320,0,194
1687,hcompr,scaf_102,FALSE,TRUE,18462540,7,251
1688,hcompr,scaf_103,FALSE,FALSE,16423520,0,1
1689,hcompr,scaf_104,TRUE,TRUE,16109568,18,230
1690,hcompr,scaf_105,FALSE,FALSE,15475783,1,5
1691,hcompr,scaf_106,FALSE,TRUE,15063632,7,1397
1692,hcompr,scaf_107,FALSE,FALSE,14385161,2,6
1693,hcompr,scaf_108,FALSE,TRUE,13825510,7,86
1694,hcompr,scaf_109,FALSE,FALSE,13697022,4,0
1695,hcompr,scaf_11,TRUE,FALSE,92761849,1417,2
1696,hcompr,scaf_110,FALSE,FALSE,13612519,2,5
1697,hcompr,scaf_111,TRUE,FALSE,12490886,73,6
1698,hcompr,scaf_112,FALSE,TRUE,12029947,7,202
1699,hcompr,scaf_113,FALSE,TRUE,11836141,7,225
1700,hcompr,scaf_114,FALSE,FALSE,11812955,0,3
1701,hcompr,scaf_115,TRUE,TRUE,11303309,195,10
1702,hcompr,scaf_116,TRUE,FALSE,11185119,436,4
1703,hcompr,scaf_117,FALSE,TRUE,10723308,7,40
1704,hcompr,scaf_118,TRUE,TRUE,10654331,27,175
1705,hcompr,scaf_119,FALSE,FALSE,10281011,6,5
1706,hcompr,scaf_12,FALSE,FALSE,91395390,2,5
1707,hcompr,scaf_120,FALSE,TRUE,9871748,9,17
1708,hcompr,scaf_121,FALSE,FALSE,9323135,4,3
1709,hcompr,scaf_122,TRUE,TRUE,9276455,105,169
1710,hcompr,scaf_123,FALSE,TRUE,8073030,8,67
1711,hcompr,scaf_124,FALSE,FALSE,7732088,7,1
1712,hcompr,scaf_125,TRUE,FALSE,7491782,280,5
1713,hcompr,scaf_126,FALSE,TRUE,7004067,9,15
1714,hcompr,scaf_127,FALSE,FALSE,6502035,3,4
1715,hcompr,scaf_128,FALSE,FALSE,6269010,5,3
1716,hcompr,scaf_129,TRUE,TRUE,6033907,178,170
1717,hcompr,scaf_13,TRUE,FALSE,90191363,1156,6
1718,hcompr,scaf_130,TRUE,FALSE,5514604,151,1
1719,hcompr,scaf_131,TRUE,TRUE,5264804,220,191
1720,hcompr,scaf_132,FALSE,FALSE,5232939,0,4
1721,hcompr,scaf_133,FALSE,TRUE,5177613,7,306
1722,hcompr,scaf_134,FALSE,FALSE,4814644,2,4
1723,hcompr,scaf_135,TRUE,FALSE,4738458,209,5
1724,hcompr,scaf_136,TRUE,FALSE,4729999,204,4
1725,hcompr,scaf_137,TRUE,FALSE,4134324,12,0
1726,hcompr,scaf_138,FALSE,FALSE,4042903,4,0
1727,hcompr,scaf_139,FALSE,TRUE,3773563,5,10
1728,hcompr,scaf_14,TRUE,FALSE,84685941,242,2
1729,hcompr,scaf_140,TRUE,TRUE,3712805,13,105
1730,hcompr,scaf_141,TRUE,TRUE,3680002,226,165
1731,hcompr,scaf_142,FALSE,FALSE,3498260,2,3
1732,hcompr,scaf_143,TRUE,FALSE,3359182,643,1
1733,hcompr,scaf_144,FALSE,TRUE,3322773,7,206
1734,hcompr,scaf_145,TRUE,FALSE,3194879,189,1
1735,hcompr,scaf_146,FALSE,FALSE,3183425,0,4
1736,hcompr,scaf_147,TRUE,FALSE,3041910,105,2
1737,hcompr,scaf_148,FALSE,TRUE,2895703,3,225
1738,hcompr,scaf_149,FALSE,FALSE,2880000,8,5
1739,hcompr,scaf_15,TRUE,TRUE,84608430,1406,164
1740,hcompr,scaf_150,FALSE,FALSE,2726919,3,9
1741,hcompr,scaf_151,FALSE,FALSE,2621121,7,1
1742,hcompr,scaf_152,FALSE,TRUE,2576579,0,649
1743,hcompr,scaf_153,FALSE,FALSE,2560833,4,1
1744,hcompr,scaf_154,FALSE,FALSE,2508163,7,4
1745,hcompr,scaf_155,TRUE,FALSE,2434281,187,2
1746,hcompr,scaf_156,TRUE,FALSE,2415384,250,5
1747,hcompr,scaf_157,FALSE,FALSE,2382892,4,3
1748,hcompr,scaf_158,FALSE,FALSE,2337141,5,9
1749,hcompr,scaf_159,FALSE,FALSE,2314520,7,3
1750,hcompr,scaf_16,TRUE,FALSE,84171073,248,1
1751,hcompr,scaf_160,TRUE,FALSE,2228084,181,4
1752,hcompr,scaf_161,FALSE,TRUE,2079579,3,39
1753,hcompr,scaf_162,FALSE,FALSE,2016772,2,0
1754,hcompr,scaf_163,FALSE,FALSE,1938450,4,4
1755,hcompr,scaf_164,TRUE,FALSE,1794095,40,3
1756,hcompr,scaf_165,FALSE,TRUE,1787443,3,16
1757,hcompr,scaf_166,TRUE,TRUE,1750053,238,28
1758,hcompr,scaf_167,TRUE,TRUE,1732913,76,120
1759,hcompr,scaf_168,FALSE,TRUE,1688227,6,14
1760,hcompr,scaf_169,FALSE,FALSE,1633867,8,4
1761,hcompr,scaf_17,FALSE,FALSE,82497594,4,5
1762,hcompr,scaf_170,TRUE,FALSE,1622500,314,3
1763,hcompr,scaf_171,TRUE,FALSE,1602756,203,3
1764,hcompr,scaf_172,FALSE,FALSE,1480196,6,4
1765,hcompr,scaf_173,FALSE,FALSE,1475962,4,7
1766,hcompr,scaf_174,FALSE,FALSE,1434967,3,9
1767,hcompr,scaf_175,FALSE,FALSE,1345016,1,4
1768,hcompr,scaf_176,TRUE,FALSE,1280766,14,4
1769,hcompr,scaf_177,FALSE,FALSE,1277110,4,5
1770,hcompr,scaf_178,FALSE,FALSE,1271394,6,7
1771,hcompr,scaf_179,FALSE,FALSE,1255600,6,1
1772,hcompr,scaf_18,TRUE,TRUE,80745259,13,192
1773,hcompr,scaf_180,FALSE,TRUE,1203849,7,13
1774,hcompr,scaf_181,FALSE,TRUE,1194021,5,167
1775,hcompr,scaf_182,FALSE,TRUE,1147149,2,12
1776,hcompr,scaf_183,FALSE,FALSE,1146950,4,7
1777,hcompr,scaf_184,TRUE,FALSE,1145347,201,6
1778,hcompr,scaf_185,FALSE,FALSE,1116404,8,4
1779,hcompr,scaf_186,FALSE,TRUE,1055681,2,132
1780,hcompr,scaf_19,FALSE,FALSE,79845572,4,2
1781,hcompr,scaf_2,FALSE,FALSE,133436901,0,4
1782,hcompr,scaf_20,TRUE,FALSE,77444314,219,2
1783,hcompr,scaf_21,FALSE,FALSE,77153691,2,3
1784,hcompr,scaf_22,TRUE,TRUE,76229026,188,165
1785,hcompr,scaf_23,FALSE,TRUE,72956287,6,712
1786,hcompr,scaf_24,FALSE,TRUE,72911036,6,242
1787,hcompr,scaf_25,FALSE,FALSE,72102760,0,7
1788,hcompr,scaf_26,TRUE,FALSE,70595691,246,2
1789,hcompr,scaf_27,FALSE,TRUE,69992384,9,1302
1790,hcompr,scaf_28,TRUE,TRUE,68333287,238,12
1791,hcompr,scaf_29,TRUE,TRUE,67769441,162,429
1792,hcompr,scaf_3,FALSE,FALSE,129225011,2,0
1793,hcompr,scaf_30,TRUE,FALSE,67060690,155,3
1794,hcompr,scaf_31,FALSE,TRUE,66354018,6,332
1795,hcompr,scaf_32,FALSE,TRUE,65827441,0,168
1796,hcompr,scaf_33,TRUE,FALSE,64319984,190,9
1797,hcompr,scaf_34,TRUE,TRUE,63564414,1025,176
1798,hcompr,scaf_35,FALSE,FALSE,61866306,3,1
1799,hcompr,scaf_36,TRUE,FALSE,61110153,232,0
1800,hcompr,scaf_37,FALSE,TRUE,60819418,7,1251
1801,hcompr,scaf_38,FALSE,TRUE,60025995,5,221
1802,hcompr,scaf_39,TRUE,TRUE,59768667,191,187
1803,hcompr,scaf_4,FALSE,FALSE,126612070,0,0
1804,hcompr,scaf_40,TRUE,TRUE,57457464,218,179
1805,hcompr,scaf_41,TRUE,FALSE,56252395,241,0
1806,hcompr,scaf_42,FALSE,FALSE,56095549,8,0
1807,hcompr,scaf_43,TRUE,TRUE,54924204,192,10
1808,hcompr,scaf_44,TRUE,FALSE,54721930,16,1
1809,hcompr,scaf_45,FALSE,FALSE,53571119,4,0
1810,hcompr,scaf_46,FALSE,FALSE,53134613,0,5
1811,hcompr,scaf_47,TRUE,FALSE,53102826,604,7
1812,hcompr,scaf_48,TRUE,FALSE,49666107,10,0
1813,hcompr,scaf_49,TRUE,TRUE,47469375,217,1301
1814,hcompr,scaf_5,FALSE,FALSE,125669389,1,5
1815,hcompr,scaf_50,FALSE,FALSE,47316280,7,1
1816,hcompr,scaf_51,FALSE,TRUE,45436961,3,203
1817,hcompr,scaf_52,FALSE,FALSE,44390808,1,8
1818,hcompr,scaf_53,TRUE,FALSE,44030048,309,3
1819,hcompr,scaf_54,FALSE,TRUE,43684204,7,207
1820,hcompr,scaf_55,TRUE,TRUE,43444272,231,900
1821,hcompr,scaf_56,TRUE,TRUE,42998305,250,643
1822,hcompr,scaf_57,FALSE,FALSE,41957842,0,5
1823,hcompr,scaf_58,TRUE,TRUE,41863117,519,183
1824,hcompr,scaf_59,FALSE,TRUE,41823512,2,152
1825,hcompr,scaf_6,FALSE,TRUE,106677003,4,301
1826,hcompr,scaf_60,FALSE,FALSE,41560737,0,5
1827,hcompr,scaf_61,TRUE,TRUE,41120660,296,578
1828,hcompr,scaf_62,TRUE,FALSE,40922628,12,4
1829,hcompr,scaf_63,FALSE,TRUE,40869345,5,12
1830,hcompr,scaf_64,TRUE,TRUE,40579782,695,308
1831,hcompr,scaf_65,TRUE,TRUE,40481038,11,33
1832,hcompr,scaf_66,TRUE,FALSE,40194525,273,5
1833,hcompr,scaf_67,FALSE,FALSE,40081320,8,2
1834,hcompr,scaf_68,TRUE,TRUE,39777948,63,241
1835,hcompr,scaf_69,FALSE,FALSE,39731985,2,2
1836,hcompr,scaf_7,FALSE,TRUE,106660143,0,57
1837,hcompr,scaf_70,TRUE,FALSE,39654511,205,3
1838,hcompr,scaf_71,TRUE,TRUE,39555372,354,563
1839,hcompr,scaf_72,TRUE,FALSE,38825658,231,8
1840,hcompr,scaf_73,TRUE,TRUE,38114365,1427,281
1841,hcompr,scaf_74,FALSE,TRUE,37114438,0,230
1842,hcompr,scaf_75,FALSE,FALSE,35572189,1,2
1843,hcompr,scaf_76,FALSE,FALSE,35403316,0,3
1844,hcompr,scaf_77,TRUE,FALSE,35245175,178,3
1845,hcompr,scaf_78,TRUE,TRUE,35165595,160,215
1846,hcompr,scaf_79,FALSE,FALSE,35020867,3,1
1847,hcompr,scaf_8,TRUE,FALSE,103000068,532,6
1848,hcompr,scaf_80,FALSE,TRUE,34796489,0,230
1849,hcompr,scaf_81,FALSE,FALSE,33846685,5,7
1850,hcompr,scaf_82,FALSE,TRUE,32695016,8,254
1851,hcompr,scaf_83,FALSE,FALSE,32119874,2,8
1852,hcompr,scaf_84,FALSE,TRUE,31270641,0,227
1853,hcompr,scaf_85,TRUE,FALSE,30117798,1304,6
1854,hcompr,scaf_86,TRUE,TRUE,28773923,193,56
1855,hcompr,scaf_87,TRUE,FALSE,25178222,156,8
1856,hcompr,scaf_88,FALSE,FALSE,24158922,2,4
1857,hcompr,scaf_89,FALSE,FALSE,24140366,3,1
1858,hcompr,scaf_9,FALSE,FALSE,96616408,2,2
1859,hcompr,scaf_90,TRUE,TRUE,23828109,190,893
1860,hcompr,scaf_91,FALSE,TRUE,23435998,9,830
1861,hcompr,scaf_92,FALSE,FALSE,22340137,8,3
1862,hcompr,scaf_93,TRUE,FALSE,22180379,1427,6
1863,hcompr,scaf_94,FALSE,TRUE,21182081,4,71
1864,hcompr,scaf_95,FALSE,TRUE,21057444,2,190
1865,hcompr,scaf_96,FALSE,FALSE,20938230,4,0
1866,hcompr,scaf_97,TRUE,FALSE,20838645,71,0
1867,hcompr,scaf_98,FALSE,FALSE,20090899,4,2
1868,hcompr,scaf_99,TRUE,FALSE,19642149,42,0
1869,hconto,alt-scaf_50,FALSE,TRUE,1222771,4,16
1870,hconto,scaf_1,TRUE,TRUE,82632131,554,1428
1871,hconto,scaf_10,FALSE,TRUE,61195812,0,642
1872,hconto,scaf_11,TRUE,TRUE,60073941,1303,240
1873,hconto,scaf_12,FALSE,TRUE,55428724,1,291
1874,hconto,scaf_13,TRUE,TRUE,55005782,105,1035
1875,hconto,scaf_14,TRUE,TRUE,53319431,1411,1242
1876,hconto,scaf_15,TRUE,TRUE,50894083,103,136
1877,hconto,scaf_16,TRUE,TRUE,49268538,1319,687
1878,hconto,scaf_17,TRUE,TRUE,48841486,756,165
1879,hconto,scaf_18,TRUE,TRUE,48662723,372,331
1880,hconto,scaf_19,TRUE,TRUE,47657168,523,452
1881,hconto,scaf_2,TRUE,TRUE,68498157,143,219
1882,hconto,scaf_20,TRUE,FALSE,46837762,1020,8
1883,hconto,scaf_21,TRUE,TRUE,46575156,1415,695
1884,hconto,scaf_22,TRUE,TRUE,45553845,1262,339
1885,hconto,scaf_23,TRUE,TRUE,44607424,17,492
1886,hconto,scaf_24,FALSE,TRUE,43000722,2,654
1887,hconto,scaf_25,TRUE,TRUE,42681118,1427,1246
1888,hconto,scaf_26,TRUE,FALSE,42604876,143,0
1889,hconto,scaf_27,FALSE,TRUE,42278081,0,1152
1890,hconto,scaf_28,TRUE,TRUE,41169703,1191,304
1891,hconto,scaf_29,TRUE,FALSE,41134063,54,0
1892,hconto,scaf_3,FALSE,TRUE,67637746,2,422
1893,hconto,scaf_30,TRUE,TRUE,40781561,1426,1427
1894,hconto,scaf_31,TRUE,TRUE,40443622,184,1181
1895,hconto,scaf_32,FALSE,TRUE,39839306,1,355
1896,hconto,scaf_33,TRUE,TRUE,39838228,1427,165
1897,hconto,scaf_34,TRUE,TRUE,38365959,1331,1396
1898,hconto,scaf_35,TRUE,FALSE,37939918,1310,3
1899,hconto,scaf_36,FALSE,TRUE,37936845,1,650
1900,hconto,scaf_37,FALSE,TRUE,36511154,3,268
1901,hconto,scaf_38,FALSE,TRUE,35756560,2,118
1902,hconto,scaf_39,FALSE,FALSE,28467146,0,1
1903,hconto,scaf_4,TRUE,TRUE,65830857,172,1424
1904,hconto,scaf_40,FALSE,TRUE,27081923,0,223
1905,hconto,scaf_41,FALSE,TRUE,22368018,0,288
1906,hconto,scaf_42,FALSE,FALSE,21714404,0,4
1907,hconto,scaf_43,TRUE,FALSE,15024180,819,0
1908,hconto,scaf_44,FALSE,TRUE,14096504,2,10
1909,hconto,scaf_45,TRUE,FALSE,10071292,570,2
1910,hconto,scaf_46,FALSE,FALSE,9339654,0,4
1911,hconto,scaf_47,FALSE,FALSE,5779019,1,0
1912,hconto,scaf_48,TRUE,FALSE,4551942,1428,1
1913,hconto,scaf_49,FALSE,FALSE,1501271,7,4
1914,hconto,scaf_5,TRUE,TRUE,64245322,1369,653
1915,hconto,scaf_51,FALSE,FALSE,1153947,3,1
1916,hconto,scaf_6,TRUE,TRUE,63922233,879,267
1917,hconto,scaf_7,TRUE,TRUE,63830677,434,1175
1918,hconto,scaf_8,TRUE,TRUE,63314002,1298,496
1919,hconto,scaf_9,TRUE,TRUE,62627543,272,745
1920,irugos,ctg_1,FALSE,FALSE,9907274,4,9
1921,irugos,ctg_100367,FALSE,FALSE,2410933,3,4
1922,irugos,ctg_100857,FALSE,FALSE,5777834,2,3
1923,irugos,ctg_102016,FALSE,FALSE,5729931,2,2
1924,irugos,ctg_103319,FALSE,FALSE,4362801,3,3
1925,irugos,ctg_104200,FALSE,FALSE,1705541,1,5
1926,irugos,ctg_104535,FALSE,FALSE,9416393,2,2
1927,irugos,ctg_10578,FALSE,FALSE,6996607,4,2
1928,irugos,ctg_106547,FALSE,FALSE,4378457,4,2
1929,irugos,ctg_107422,FALSE,FALSE,5158446,1,8
1930,irugos,ctg_108568,FALSE,FALSE,5009495,5,4
1931,irugos,ctg_109609,FALSE,FALSE,5513801,2,3
1932,irugos,ctg_110748,FALSE,FALSE,2170108,3,2
1933,irugos,ctg_111318,FALSE,TRUE,27164693,1,559
1934,irugos,ctg_116766,FALSE,FALSE,3622253,4,3
1935,irugos,ctg_117511,FALSE,FALSE,1065761,1,1
1936,irugos,ctg_117726,FALSE,FALSE,4282729,4,3
1937,irugos,ctg_118598,FALSE,FALSE,3608750,3,2
1938,irugos,ctg_119349,FALSE,FALSE,3070380,2,3
1939,irugos,ctg_11987,FALSE,FALSE,29383681,2,2
1940,irugos,ctg_119965,FALSE,FALSE,7998555,5,0
1941,irugos,ctg_121590,FALSE,FALSE,6273799,1,3
1942,irugos,ctg_122911,TRUE,FALSE,2301659,1404,1
1943,irugos,ctg_123392,FALSE,FALSE,2874309,1,1
1944,irugos,ctg_124023,FALSE,FALSE,10361732,1,5
1945,irugos,ctg_126179,FALSE,FALSE,1189785,0,0
1946,irugos,ctg_126421,FALSE,FALSE,5005452,2,1
1947,irugos,ctg_127751,FALSE,FALSE,1673518,2,2
1948,irugos,ctg_128099,FALSE,FALSE,995574,2,3
1949,irugos,ctg_128348,FALSE,FALSE,1926644,2,1
1950,irugos,ctg_128759,FALSE,FALSE,1137950,2,3
1951,irugos,ctg_128993,FALSE,FALSE,2477399,4,3
1952,irugos,ctg_129511,FALSE,FALSE,17454145,2,3
1953,irugos,ctg_133067,FALSE,FALSE,1819423,3,3
1954,irugos,ctg_133419,FALSE,FALSE,4126481,2,0
1955,irugos,ctg_134267,FALSE,FALSE,2092154,2,4
1956,irugos,ctg_134829,FALSE,FALSE,1157827,3,1
1957,irugos,ctg_135188,FALSE,FALSE,1555900,1,2
1958,irugos,ctg_135484,FALSE,FALSE,2493701,2,3
1959,irugos,ctg_136572,FALSE,FALSE,2164899,1,2
1960,irugos,ctg_137498,FALSE,FALSE,1031348,1,0
1961,irugos,ctg_137789,TRUE,FALSE,1157362,1186,0
1962,irugos,ctg_138010,FALSE,FALSE,1038559,0,0
1963,irugos,ctg_139978,FALSE,FALSE,1024429,2,1
1964,irugos,ctg_140247,FALSE,FALSE,2032443,1,3
1965,irugos,ctg_141084,FALSE,FALSE,4740817,2,3
1966,irugos,ctg_17938,FALSE,FALSE,3944092,0,2
1967,irugos,ctg_18696,FALSE,TRUE,51952433,3,430
1968,irugos,ctg_2054,FALSE,FALSE,7475627,1,2
1969,irugos,ctg_30091,FALSE,FALSE,3727728,3,2
1970,irugos,ctg_30830,FALSE,FALSE,5719505,3,3
1971,irugos,ctg_31971,FALSE,FALSE,20524421,2,6
1972,irugos,ctg_36124,FALSE,FALSE,4453499,2,2
1973,irugos,ctg_3655,FALSE,FALSE,6286820,2,4
1974,irugos,ctg_37167,TRUE,FALSE,6579773,1187,3
1975,irugos,ctg_38502,TRUE,FALSE,4310331,612,2
1976,irugos,ctg_39383,FALSE,FALSE,15155072,3,6
1977,irugos,ctg_42666,FALSE,FALSE,4729527,3,4
1978,irugos,ctg_43615,FALSE,FALSE,31120710,5,1
1979,irugos,ctg_4834,FALSE,FALSE,3747787,6,1
1980,irugos,ctg_49941,FALSE,FALSE,10981293,2,2
1981,irugos,ctg_52147,FALSE,FALSE,8148788,2,0
1982,irugos,ctg_53795,FALSE,TRUE,6457010,4,971
1983,irugos,ctg_55138,TRUE,FALSE,6801642,14,2
1984,irugos,ctg_5564,FALSE,FALSE,9073701,1,1
1985,irugos,ctg_56533,FALSE,FALSE,1218217,2,1
1986,irugos,ctg_56788,FALSE,FALSE,6680137,2,0
1987,irugos,ctg_58172,FALSE,FALSE,13164472,0,3
1988,irugos,ctg_60864,FALSE,FALSE,4233407,1,4
1989,irugos,ctg_61748,FALSE,FALSE,2413384,3,0
1990,irugos,ctg_62251,FALSE,FALSE,1655011,2,3
1991,irugos,ctg_62571,FALSE,FALSE,1077675,3,3
1992,irugos,ctg_62762,FALSE,FALSE,9896333,2,1
1993,irugos,ctg_64772,FALSE,FALSE,2416441,3,4
1994,irugos,ctg_65354,FALSE,FALSE,1066923,0,0
1995,irugos,ctg_65599,FALSE,FALSE,11278151,0,3
1996,irugos,ctg_67913,FALSE,FALSE,14016152,3,2
1997,irugos,ctg_70752,FALSE,FALSE,27315673,2,2
1998,irugos,ctg_7396,FALSE,FALSE,2971552,6,0
1999,irugos,ctg_76357,FALSE,FALSE,3676758,2,5
2000,irugos,ctg_77143,FALSE,FALSE,7315423,0,4
2001,irugos,ctg_78675,FALSE,TRUE,4721901,2,447
2002,irugos,ctg_79652,FALSE,FALSE,4538815,0,3
2003,irugos,ctg_7981,FALSE,FALSE,1158446,3,5
2004,irugos,ctg_80580,TRUE,FALSE,2223964,910,0
2005,irugos,ctg_81021,FALSE,FALSE,5863022,4,2
2006,irugos,ctg_8195,FALSE,FALSE,2682118,9,4
2007,irugos,ctg_82430,FALSE,FALSE,2302028,3,4
2008,irugos,ctg_82876,FALSE,FALSE,1717549,4,4
2009,irugos,ctg_83219,FALSE,FALSE,3319089,2,4
2010,irugos,ctg_83892,FALSE,FALSE,12439516,3,4
2011,irugos,ctg_86387,FALSE,TRUE,11667532,7,404
2012,irugos,ctg_88749,TRUE,FALSE,4005165,1337,2
2013,irugos,ctg_8901,FALSE,FALSE,4879968,6,4
2014,irugos,ctg_89544,FALSE,FALSE,3291476,2,6
2015,irugos,ctg_90223,FALSE,FALSE,9191913,5,5
2016,irugos,ctg_92126,FALSE,FALSE,23546705,3,2
2017,irugos,ctg_96897,FALSE,FALSE,1549953,2,2
2018,irugos,ctg_97251,FALSE,FALSE,14568216,3,0
2019,irugos,ctg_9914,TRUE,FALSE,3392165,1312,3
2020,osativ,1,TRUE,FALSE,43270923,17,1
2021,osativ,10,TRUE,FALSE,23207287,55,1
2022,osativ,11,FALSE,FALSE,29021106,2,4
2023,osativ,12,FALSE,FALSE,27531856,1,3
2024,osativ,2,TRUE,TRUE,35937250,47,51
2025,osativ,3,TRUE,TRUE,36413819,21,49
2026,osativ,4,TRUE,TRUE,35502694,121,49
2027,osativ,5,TRUE,FALSE,29958434,50,0
2028,osativ,6,FALSE,TRUE,31248787,6,37
2029,osativ,7,TRUE,TRUE,29697621,11,100
2030,osativ,8,TRUE,FALSE,28443022,51,3
2031,osativ,9,FALSE,FALSE,23012720,0,2
2032,ppanic,ctg_1,TRUE,TRUE,70851413,1334,351
2033,ppanic,ctg_100257,FALSE,FALSE,43744607,0,0
2034,ppanic,ctg_110892,TRUE,FALSE,5499756,671,2
2035,ppanic,ctg_112215,FALSE,TRUE,37853341,3,529
2036,ppanic,ctg_121380,FALSE,TRUE,64652891,1,1020
2037,ppanic,ctg_137089,FALSE,TRUE,4016389,2,751
2038,ppanic,ctg_138118,FALSE,TRUE,39486258,4,683
2039,ppanic,ctg_147710,FALSE,TRUE,11011835,4,1281
2040,ppanic,ctg_150187,TRUE,FALSE,87577967,1309,7
2041,ppanic,ctg_16986,TRUE,TRUE,58753815,1142,665
2042,ppanic,ctg_171461,FALSE,FALSE,24968980,4,0
2043,ppanic,ctg_177517,FALSE,FALSE,4537092,5,4
2044,ppanic,ctg_178622,TRUE,TRUE,42302893,163,700
2045,ppanic,ctg_188974,FALSE,TRUE,5889080,2,54
2046,ppanic,ctg_190365,FALSE,FALSE,1573228,1,5
2047,ppanic,ctg_191023,FALSE,FALSE,1504059,2,0
2048,ppanic,ctg_191390,FALSE,FALSE,1612772,0,1
2049,ppanic,ctg_31255,TRUE,FALSE,48275720,1267,0
2050,ppanic,ctg_42969,FALSE,FALSE,26478730,3,1
2051,ppanic,ctg_49407,TRUE,TRUE,63179145,744,1035
2052,ppanic,ctg_64743,FALSE,FALSE,81731336,5,1
2053,ppanic,ctg_84706,TRUE,FALSE,10414808,565,2
2054,ppanic,ctg_87225,FALSE,FALSE,24914922,0,1
2055,ppanic,ctg_93181,FALSE,FALSE,28527776,4,2
2056,pprate,alt-scaf_102,FALSE,FALSE,7390626,2,4
2057,pprate,alt-scaf_111,FALSE,FALSE,1241568,3,3
2058,pprate,alt-scaf_113,FALSE,FALSE,1085064,3,0
2059,pprate,alt-scaf_89,FALSE,FALSE,32455648,7,4
2060,pprate,scaf_1,TRUE,TRUE,177118352,11,547
2061,pprate,scaf_10,FALSE,FALSE,109023349,1,2
2062,pprate,scaf_100,FALSE,FALSE,9235624,4,4
2063,pprate,scaf_101,FALSE,FALSE,8768660,4,4
2064,pprate,scaf_103,FALSE,FALSE,7361942,1,3
2065,pprate,scaf_104,TRUE,TRUE,6365362,18,467
2066,pprate,scaf_105,FALSE,FALSE,5963767,2,4
2067,pprate,scaf_106,FALSE,FALSE,4081561,0,2
2068,pprate,scaf_107,FALSE,TRUE,3869102,4,24
2069,pprate,scaf_108,FALSE,FALSE,2806875,2,2
2070,pprate,scaf_109,FALSE,FALSE,2276910,1,2
2071,pprate,scaf_11,FALSE,FALSE,100391318,2,4
2072,pprate,scaf_110,FALSE,FALSE,1878598,1,2
2073,pprate,scaf_112,TRUE,FALSE,1240582,663,0
2074,pprate,scaf_114,FALSE,FALSE,1052764,3,1
2075,pprate,scaf_12,FALSE,FALSE,97163758,4,5
2076,pprate,scaf_13,FALSE,FALSE,96317213,2,6
2077,pprate,scaf_14,FALSE,FALSE,93391599,3,2
2078,pprate,scaf_15,FALSE,TRUE,91916905,1,12
2079,pprate,scaf_16,FALSE,FALSE,89395309,4,5
2080,pprate,scaf_17,FALSE,FALSE,87693261,5,7
2081,pprate,scaf_18,FALSE,FALSE,87580724,4,3
2082,pprate,scaf_19,FALSE,FALSE,83506431,3,6
2083,pprate,scaf_2,TRUE,FALSE,170536712,23,6
2084,pprate,scaf_20,TRUE,FALSE,82556512,740,2
2085,pprate,scaf_21,FALSE,FALSE,79065866,4,6
2086,pprate,scaf_22,FALSE,FALSE,73890389,1,7
2087,pprate,scaf_23,FALSE,FALSE,71664650,5,3
2088,pprate,scaf_24,FALSE,FALSE,71464768,4,3
2089,pprate,scaf_25,FALSE,FALSE,70324177,5,0
2090,pprate,scaf_26,FALSE,FALSE,70033661,6,2
2091,pprate,scaf_27,FALSE,FALSE,70026337,3,3
2092,pprate,scaf_28,TRUE,FALSE,66315237,11,4
2093,pprate,scaf_29,FALSE,FALSE,65824397,2,2
2094,pprate,scaf_3,TRUE,FALSE,170240925,415,3
2095,pprate,scaf_30,FALSE,FALSE,65771720,6,2
2096,pprate,scaf_31,TRUE,TRUE,65127037,21,11
2097,pprate,scaf_32,FALSE,FALSE,61220850,2,4
2098,pprate,scaf_33,FALSE,TRUE,60940369,0,286
2099,pprate,scaf_34,FALSE,FALSE,60644649,5,4
2100,pprate,scaf_35,FALSE,TRUE,59880712,1,306
2101,pprate,scaf_36,FALSE,FALSE,57964209,3,1
2102,pprate,scaf_37,FALSE,FALSE,57189888,7,0
2103,pprate,scaf_38,FALSE,FALSE,55896690,2,2
2104,pprate,scaf_39,FALSE,FALSE,54409107,1,2
2105,pprate,scaf_4,TRUE,FALSE,167344142,65,4
2106,pprate,scaf_40,TRUE,FALSE,54311172,94,3
2107,pprate,scaf_41,TRUE,FALSE,52770240,196,3
2108,pprate,scaf_42,TRUE,FALSE,51980371,344,2
2109,pprate,scaf_43,FALSE,TRUE,51861631,1,27
2110,pprate,scaf_44,FALSE,TRUE,51082513,1,17
2111,pprate,scaf_45,FALSE,FALSE,51029536,2,0
2112,pprate,scaf_46,FALSE,FALSE,50959234,2,2
2113,pprate,scaf_47,FALSE,FALSE,50955749,5,3
2114,pprate,scaf_48,FALSE,FALSE,50908601,6,2
2115,pprate,scaf_49,TRUE,FALSE,50770425,193,3
2116,pprate,scaf_5,FALSE,FALSE,153546547,2,3
2117,pprate,scaf_50,FALSE,FALSE,50489236,3,3
2118,pprate,scaf_51,FALSE,FALSE,50151271,1,5
2119,pprate,scaf_52,FALSE,FALSE,49704153,4,5
2120,pprate,scaf_53,FALSE,FALSE,49610510,4,0
2121,pprate,scaf_54,FALSE,FALSE,49324663,1,2
2122,pprate,scaf_55,FALSE,FALSE,48739699,4,1
2123,pprate,scaf_56,FALSE,TRUE,48706289,4,199
2124,pprate,scaf_57,FALSE,FALSE,48332616,3,2
2125,pprate,scaf_58,FALSE,FALSE,48304865,2,0
2126,pprate,scaf_59,FALSE,FALSE,47465252,1,4
2127,pprate,scaf_6,FALSE,TRUE,127059453,3,50
2128,pprate,scaf_60,FALSE,FALSE,47158769,2,1
2129,pprate,scaf_61,FALSE,FALSE,46826474,7,0
2130,pprate,scaf_62,FALSE,TRUE,46623936,2,812
2131,pprate,scaf_63,FALSE,FALSE,46325290,2,5
2132,pprate,scaf_64,TRUE,FALSE,46304088,29,2
2133,pprate,scaf_65,FALSE,FALSE,46111009,1,2
2134,pprate,scaf_66,TRUE,FALSE,45574642,55,2
2135,pprate,scaf_67,TRUE,FALSE,45312778,21,1
2136,pprate,scaf_68,FALSE,FALSE,45292548,6,2
2137,pprate,scaf_69,FALSE,FALSE,45249735,3,2
2138,pprate,scaf_7,FALSE,FALSE,120825608,3,3
2139,pprate,scaf_70,FALSE,FALSE,44941897,4,2
2140,pprate,scaf_71,FALSE,TRUE,44454543,3,113
2141,pprate,scaf_72,FALSE,FALSE,43675525,0,6
2142,pprate,scaf_73,FALSE,TRUE,43356659,3,29
2143,pprate,scaf_74,TRUE,FALSE,43153439,294,2
2144,pprate,scaf_75,FALSE,FALSE,43004255,0,3
2145,pprate,scaf_76,FALSE,FALSE,42257514,5,7
2146,pprate,scaf_77,FALSE,TRUE,41576514,5,11
2147,pprate,scaf_78,TRUE,FALSE,41150740,29,5
2148,pprate,scaf_79,FALSE,FALSE,40218291,3,2
2149,pprate,scaf_8,FALSE,FALSE,120732038,3,1
2150,pprate,scaf_80,FALSE,FALSE,40182520,3,2
2151,pprate,scaf_81,FALSE,FALSE,39744037,2,2
2152,pprate,scaf_82,TRUE,FALSE,38913640,22,7
2153,pprate,scaf_83,FALSE,FALSE,38590680,3,3
2154,pprate,scaf_84,FALSE,FALSE,38039397,3,4
2155,pprate,scaf_85,FALSE,TRUE,37982753,0,371
2156,pprate,scaf_86,TRUE,FALSE,34236858,19,2
2157,pprate,scaf_87,FALSE,FALSE,33927538,0,3
2158,pprate,scaf_88,FALSE,FALSE,32729001,1,3
2159,pprate,scaf_9,FALSE,FALSE,114108997,4,6
2160,pprate,scaf_90,TRUE,FALSE,31429098,1383,2
2161,pprate,scaf_91,FALSE,FALSE,30582069,6,9
2162,pprate,scaf_92,FALSE,TRUE,29901944,2,23
2163,pprate,scaf_93,FALSE,FALSE,29261296,2,2
2164,pprate,scaf_94,FALSE,TRUE,23440045,5,90
2165,pprate,scaf_95,FALSE,FALSE,21702083,2,2
2166,pprate,scaf_96,FALSE,FALSE,18835032,6,1
2167,pprate,scaf_97,FALSE,TRUE,16053895,2,11
2168,pprate,scaf_98,TRUE,FALSE,11853003,292,1
2169,pprate,scaf_99,FALSE,FALSE,11517074,5,5
2170,rrottb,ctg_1,FALSE,FALSE,3120353,3,2
2171,rrottb,ctg_100100,FALSE,FALSE,28075149,2,2
2172,rrottb,ctg_108461,FALSE,FALSE,3759830,3,3
2173,rrottb,ctg_109630,FALSE,FALSE,1528291,9,1
2174,rrottb,ctg_110321,FALSE,FALSE,15368672,2,5
2175,rrottb,ctg_115288,FALSE,FALSE,15892087,5,0
2176,rrottb,ctg_119452,FALSE,FALSE,1812483,4,2
2177,rrottb,ctg_120008,FALSE,FALSE,7716368,3,2
2178,rrottb,ctg_122445,FALSE,FALSE,1450312,1,2
2179,rrottb,ctg_122891,FALSE,FALSE,3161613,5,2
2180,rrottb,ctg_123786,FALSE,FALSE,5588069,3,6
2181,rrottb,ctg_125435,FALSE,FALSE,4605032,2,6
2182,rrottb,ctg_126835,FALSE,FALSE,8042982,4,1
2183,rrottb,ctg_129425,FALSE,FALSE,3828354,0,4
2184,rrottb,ctg_130418,FALSE,FALSE,1903443,1,2
2185,rrottb,ctg_130989,FALSE,FALSE,2995102,3,2
2186,rrottb,ctg_131892,TRUE,FALSE,2934927,993,1
2187,rrottb,ctg_132803,FALSE,FALSE,1039810,2,1
2188,rrottb,ctg_133091,FALSE,FALSE,4109180,3,4
2189,rrottb,ctg_134370,FALSE,FALSE,3583701,2,1
2190,rrottb,ctg_135370,FALSE,FALSE,2065168,2,3
2191,rrottb,ctg_135977,FALSE,FALSE,1855925,1,2
2192,rrottb,ctg_136495,FALSE,FALSE,2016224,3,1
2193,rrottb,ctg_137106,FALSE,FALSE,2034348,2,2
2194,rrottb,ctg_137726,FALSE,FALSE,3254314,2,1
2195,rrottb,ctg_138729,FALSE,TRUE,9560471,3,1369
2196,rrottb,ctg_141593,FALSE,FALSE,4051075,2,3
2197,rrottb,ctg_142872,FALSE,FALSE,9714422,1,5
2198,rrottb,ctg_145830,FALSE,TRUE,1452954,2,818
2199,rrottb,ctg_146663,FALSE,FALSE,4843886,5,4
2200,rrottb,ctg_148157,FALSE,FALSE,1354730,3,3
2201,rrottb,ctg_148543,FALSE,FALSE,5524327,3,5
2202,rrottb,ctg_150072,FALSE,FALSE,2981056,1,3
2203,rrottb,ctg_150909,FALSE,FALSE,1059613,2,2
2204,rrottb,ctg_151416,FALSE,FALSE,4189605,3,1
2205,rrottb,ctg_1525,FALSE,FALSE,18431962,4,1
2206,rrottb,ctg_152524,FALSE,FALSE,7935961,6,4
2207,rrottb,ctg_155007,FALSE,FALSE,1669625,2,2
2208,rrottb,ctg_155492,FALSE,FALSE,6823451,1,3
2209,rrottb,ctg_157553,FALSE,FALSE,1783598,3,1
2210,rrottb,ctg_158084,FALSE,FALSE,5590891,3,2
2211,rrottb,ctg_15965,FALSE,FALSE,2332534,1,3
2212,rrottb,ctg_159826,FALSE,FALSE,2145988,1,9
2213,rrottb,ctg_160462,FALSE,FALSE,2700444,7,5
2214,rrottb,ctg_161305,FALSE,FALSE,3956284,1,1
2215,rrottb,ctg_162454,FALSE,FALSE,1528184,1,4
2216,rrottb,ctg_162904,FALSE,FALSE,1205751,2,2
2217,rrottb,ctg_163249,FALSE,FALSE,1026411,5,3
2218,rrottb,ctg_163552,FALSE,FALSE,2330433,2,1
2219,rrottb,ctg_164234,FALSE,FALSE,1159328,4,4
2220,rrottb,ctg_164575,FALSE,FALSE,1500586,2,2
2221,rrottb,ctg_164955,FALSE,FALSE,1068697,7,1
2222,rrottb,ctg_165418,FALSE,FALSE,2137539,4,4
2223,rrottb,ctg_166070,FALSE,FALSE,3406374,3,5
2224,rrottb,ctg_16656,FALSE,FALSE,3628842,1,1
2225,rrottb,ctg_167028,FALSE,FALSE,1682457,2,2
2226,rrottb,ctg_167457,FALSE,FALSE,1123959,2,9
2227,rrottb,ctg_167765,FALSE,FALSE,2418409,4,3
2228,rrottb,ctg_168412,FALSE,FALSE,3216474,6,4
2229,rrottb,ctg_169426,TRUE,FALSE,8701883,1116,3
2230,rrottb,ctg_172083,FALSE,FALSE,11078672,1,3
2231,rrottb,ctg_175305,FALSE,FALSE,3012455,2,2
2232,rrottb,ctg_176173,FALSE,FALSE,2424997,3,4
2233,rrottb,ctg_177109,FALSE,FALSE,14279333,1,2
2234,rrottb,ctg_17735,FALSE,FALSE,2172544,4,2
2235,rrottb,ctg_181564,FALSE,FALSE,2200184,2,4
2236,rrottb,ctg_182263,FALSE,FALSE,2625674,7,3
2237,rrottb,ctg_183059,FALSE,FALSE,1294504,4,1
2238,rrottb,ctg_183423,FALSE,FALSE,1243633,3,3
2239,rrottb,ctg_183751,FALSE,TRUE,3744861,3,859
2240,rrottb,ctg_18412,FALSE,FALSE,1650882,4,3
2241,rrottb,ctg_184863,FALSE,FALSE,2226032,3,2
2242,rrottb,ctg_185581,FALSE,FALSE,1545785,2,1
2243,rrottb,ctg_186049,TRUE,FALSE,2065780,10,4
2244,rrottb,ctg_186632,FALSE,FALSE,8602486,4,1
2245,rrottb,ctg_18837,FALSE,FALSE,2054802,2,6
2246,rrottb,ctg_189214,FALSE,FALSE,1376465,4,3
2247,rrottb,ctg_189562,FALSE,FALSE,4381360,2,2
2248,rrottb,ctg_190955,FALSE,FALSE,10782751,4,2
2249,rrottb,ctg_19377,FALSE,FALSE,5260253,3,2
2250,rrottb,ctg_194346,FALSE,FALSE,3264090,3,2
2251,rrottb,ctg_195193,FALSE,FALSE,1324911,4,2
2252,rrottb,ctg_195590,FALSE,TRUE,2870540,2,1240
2253,rrottb,ctg_196436,FALSE,FALSE,1116203,1,1
2254,rrottb,ctg_196783,FALSE,FALSE,2987359,2,2
2255,rrottb,ctg_197680,FALSE,TRUE,2446436,1,1428
2256,rrottb,ctg_198681,FALSE,FALSE,2519350,2,2
2257,rrottb,ctg_199388,FALSE,FALSE,3628701,5,5
2258,rrottb,ctg_200500,FALSE,FALSE,1242171,2,3
2259,rrottb,ctg_200875,FALSE,FALSE,1246003,4,2
2260,rrottb,ctg_201199,FALSE,FALSE,1233737,1,1
2261,rrottb,ctg_201519,FALSE,FALSE,3243285,4,3
2262,rrottb,ctg_202476,FALSE,FALSE,1585875,1,2
2263,rrottb,ctg_202929,FALSE,FALSE,7418836,5,4
2264,rrottb,ctg_205060,FALSE,FALSE,8053382,2,5
2265,rrottb,ctg_207553,FALSE,FALSE,3335771,6,2
2266,rrottb,ctg_208423,FALSE,FALSE,2220745,4,1
2267,rrottb,ctg_209053,FALSE,FALSE,1503439,1,1
2268,rrottb,ctg_209740,FALSE,FALSE,4213531,5,2
2269,rrottb,ctg_211053,FALSE,FALSE,1861315,5,0
2270,rrottb,ctg_211621,FALSE,FALSE,2454458,5,2
2271,rrottb,ctg_21206,FALSE,FALSE,8345300,4,2
2272,rrottb,ctg_212325,FALSE,FALSE,2048849,3,3
2273,rrottb,ctg_212936,FALSE,FALSE,6502001,2,2
2274,rrottb,ctg_214876,FALSE,FALSE,2708729,2,4
2275,rrottb,ctg_215923,FALSE,FALSE,1361452,1,1
2276,rrottb,ctg_216328,FALSE,FALSE,1292742,5,8
2277,rrottb,ctg_216698,FALSE,FALSE,2550711,8,2
2278,rrottb,ctg_217457,FALSE,FALSE,3626883,5,0
2279,rrottb,ctg_218374,FALSE,FALSE,1294936,4,2
2280,rrottb,ctg_218747,FALSE,FALSE,1650361,0,1
2281,rrottb,ctg_219236,FALSE,FALSE,3398780,5,6
2282,rrottb,ctg_220129,FALSE,FALSE,1538578,2,3
2283,rrottb,ctg_220594,FALSE,FALSE,1713716,6,2
2284,rrottb,ctg_221070,FALSE,FALSE,2714344,3,3
2285,rrottb,ctg_221802,FALSE,FALSE,2871083,5,2
2286,rrottb,ctg_222636,FALSE,FALSE,1312023,5,7
2287,rrottb,ctg_223033,FALSE,FALSE,6962759,6,3
2288,rrottb,ctg_224883,FALSE,FALSE,2361380,2,2
2289,rrottb,ctg_225578,FALSE,FALSE,2410411,3,1
2290,rrottb,ctg_226446,FALSE,FALSE,2029246,2,5
2291,rrottb,ctg_227027,FALSE,FALSE,1233478,2,2
2292,rrottb,ctg_227621,FALSE,FALSE,4376165,4,2
2293,rrottb,ctg_228739,FALSE,FALSE,2600965,3,2
2294,rrottb,ctg_229502,FALSE,FALSE,2331571,3,2
2295,rrottb,ctg_230166,FALSE,FALSE,1608866,5,3
2296,rrottb,ctg_230594,FALSE,FALSE,5644916,2,2
2297,rrottb,ctg_232265,FALSE,FALSE,1910836,3,2
2298,rrottb,ctg_232828,FALSE,FALSE,1082770,3,1
2299,rrottb,ctg_233148,FALSE,FALSE,1935074,3,3
2300,rrottb,ctg_233758,FALSE,FALSE,2701047,3,1
2301,rrottb,ctg_234815,FALSE,FALSE,1415804,2,1
2302,rrottb,ctg_235242,FALSE,FALSE,1217526,1,2
2303,rrottb,ctg_235604,FALSE,TRUE,1123369,4,13
2304,rrottb,ctg_236477,FALSE,FALSE,1874786,2,4
2305,rrottb,ctg_236967,FALSE,FALSE,1047954,3,2
2306,rrottb,ctg_237254,FALSE,FALSE,1857699,2,6
2307,rrottb,ctg_23748,FALSE,FALSE,2813049,6,1
2308,rrottb,ctg_238055,FALSE,FALSE,1379735,2,2
2309,rrottb,ctg_238618,FALSE,FALSE,1352012,2,1
2310,rrottb,ctg_238930,FALSE,FALSE,1013809,2,1
2311,rrottb,ctg_239461,FALSE,FALSE,2571819,4,2
2312,rrottb,ctg_240179,FALSE,FALSE,1247083,2,6
2313,rrottb,ctg_240722,FALSE,FALSE,3351937,4,2
2314,rrottb,ctg_241757,FALSE,FALSE,1665908,4,2
2315,rrottb,ctg_242233,FALSE,FALSE,1067512,3,2
2316,rrottb,ctg_242942,FALSE,FALSE,1728723,3,1
2317,rrottb,ctg_243684,FALSE,FALSE,2735392,5,2
2318,rrottb,ctg_244503,FALSE,FALSE,1929606,2,3
2319,rrottb,ctg_245224,FALSE,TRUE,4472023,5,11
2320,rrottb,ctg_24591,FALSE,FALSE,4750176,4,2
2321,rrottb,ctg_246366,FALSE,FALSE,3339454,4,4
2322,rrottb,ctg_247556,FALSE,FALSE,17963653,4,3
2323,rrottb,ctg_253127,FALSE,FALSE,1498213,3,4
2324,rrottb,ctg_253576,FALSE,FALSE,1242373,1,5
2325,rrottb,ctg_253969,FALSE,FALSE,1228877,1,2
2326,rrottb,ctg_254333,FALSE,FALSE,6231178,7,0
2327,rrottb,ctg_256479,FALSE,FALSE,1588344,2,5
2328,rrottb,ctg_256921,FALSE,FALSE,1878037,3,2
2329,rrottb,ctg_257529,FALSE,FALSE,2405067,3,1
2330,rrottb,ctg_258238,FALSE,FALSE,2194467,9,3
2331,rrottb,ctg_258870,FALSE,FALSE,2340461,3,1
2332,rrottb,ctg_259506,FALSE,FALSE,1446615,0,4
2333,rrottb,ctg_259880,FALSE,FALSE,2842796,3,3
2334,rrottb,ctg_26018,FALSE,FALSE,1497468,2,1
2335,rrottb,ctg_261447,FALSE,FALSE,2204144,3,5
2336,rrottb,ctg_262233,FALSE,FALSE,20719307,4,1
2337,rrottb,ctg_26463,FALSE,FALSE,4715375,4,2
2338,rrottb,ctg_267730,FALSE,FALSE,1485903,2,2
2339,rrottb,ctg_268463,FALSE,FALSE,1531481,2,2
2340,rrottb,ctg_269040,FALSE,FALSE,1617913,1,3
2341,rrottb,ctg_269512,FALSE,FALSE,1328781,2,5
2342,rrottb,ctg_269848,FALSE,FALSE,1946675,2,1
2343,rrottb,ctg_270424,FALSE,FALSE,1585722,2,5
2344,rrottb,ctg_270923,FALSE,FALSE,2421690,1,2
2345,rrottb,ctg_271605,FALSE,FALSE,1073737,5,2
2346,rrottb,ctg_271949,FALSE,FALSE,2189290,2,2
2347,rrottb,ctg_272541,FALSE,FALSE,1815748,3,3
2348,rrottb,ctg_273073,FALSE,FALSE,6429503,3,1
2349,rrottb,ctg_274903,FALSE,FALSE,3286620,4,1
2350,rrottb,ctg_276004,FALSE,FALSE,1717879,2,3
2351,rrottb,ctg_276580,FALSE,FALSE,1355300,3,3
2352,rrottb,ctg_277273,FALSE,FALSE,6234933,1,2
2353,rrottb,ctg_27849,FALSE,FALSE,20985744,1,1
2354,rrottb,ctg_279486,FALSE,FALSE,1794878,1,0
2355,rrottb,ctg_280357,FALSE,FALSE,1035709,4,5
2356,rrottb,ctg_280808,FALSE,FALSE,2255609,5,2
2357,rrottb,ctg_281716,FALSE,FALSE,1728591,1,3
2358,rrottb,ctg_282181,FALSE,FALSE,8328831,4,4
2359,rrottb,ctg_284743,FALSE,FALSE,6319279,1,1
2360,rrottb,ctg_286613,FALSE,FALSE,1442212,4,1
2361,rrottb,ctg_287042,FALSE,FALSE,2128316,2,3
2362,rrottb,ctg_287782,FALSE,FALSE,2557553,6,2
2363,rrottb,ctg_288578,FALSE,TRUE,1128936,2,12
2364,rrottb,ctg_289120,FALSE,FALSE,2437978,2,1
2365,rrottb,ctg_289870,FALSE,FALSE,1232571,1,3
2366,rrottb,ctg_290199,FALSE,FALSE,2372275,2,3
2367,rrottb,ctg_290851,FALSE,FALSE,1445873,1,3
2368,rrottb,ctg_291274,FALSE,FALSE,3161231,2,1
2369,rrottb,ctg_292172,FALSE,FALSE,2520393,1,1
2370,rrottb,ctg_293121,FALSE,FALSE,1035455,4,3
2371,rrottb,ctg_293394,FALSE,FALSE,1165367,2,2
2372,rrottb,ctg_293723,FALSE,FALSE,1137540,2,2
2373,rrottb,ctg_294206,FALSE,FALSE,3130461,9,1
2374,rrottb,ctg_295115,FALSE,FALSE,1591227,5,0
2375,rrottb,ctg_295847,FALSE,FALSE,1010473,4,0
2376,rrottb,ctg_296096,FALSE,FALSE,1264574,2,0
2377,rrottb,ctg_296485,FALSE,FALSE,1030113,3,3
2378,rrottb,ctg_296754,FALSE,FALSE,4212757,4,2
2379,rrottb,ctg_297895,FALSE,FALSE,1688725,1,2
2380,rrottb,ctg_298378,FALSE,FALSE,4375080,2,3
2381,rrottb,ctg_299723,FALSE,FALSE,1073630,2,8
2382,rrottb,ctg_299995,FALSE,FALSE,1675187,1,0
2383,rrottb,ctg_300493,FALSE,FALSE,2464166,1,3
2384,rrottb,ctg_301327,FALSE,FALSE,3000636,4,1
2385,rrottb,ctg_302482,FALSE,FALSE,3920345,4,1
2386,rrottb,ctg_303469,FALSE,FALSE,2795840,1,8
2387,rrottb,ctg_304293,FALSE,FALSE,1220751,5,3
2388,rrottb,ctg_304657,FALSE,FALSE,1855134,3,3
2389,rrottb,ctg_305224,FALSE,FALSE,1311296,3,2
2390,rrottb,ctg_305565,FALSE,FALSE,2110218,3,1
2391,rrottb,ctg_306807,FALSE,FALSE,1407820,4,2
2392,rrottb,ctg_307208,FALSE,FALSE,2193828,3,4
2393,rrottb,ctg_308004,FALSE,FALSE,1199649,3,3
2394,rrottb,ctg_308825,FALSE,FALSE,1237759,3,3
2395,rrottb,ctg_309280,FALSE,FALSE,1720438,2,3
2396,rrottb,ctg_310266,FALSE,FALSE,1705789,2,2
2397,rrottb,ctg_310740,FALSE,FALSE,3030790,1,2
2398,rrottb,ctg_311594,FALSE,FALSE,3462661,3,1
2399,rrottb,ctg_312621,FALSE,FALSE,4094831,3,4
2400,rrottb,ctg_313635,FALSE,FALSE,4000227,1,1
2401,rrottb,ctg_314853,FALSE,FALSE,5152822,4,3
2402,rrottb,ctg_316220,FALSE,TRUE,1344277,4,1324
2403,rrottb,ctg_316607,FALSE,FALSE,1407937,4,3
2404,rrottb,ctg_317237,FALSE,FALSE,1054115,0,3
2405,rrottb,ctg_317703,FALSE,FALSE,1192611,2,2
2406,rrottb,ctg_318006,FALSE,FALSE,1224254,3,2
2407,rrottb,ctg_318348,FALSE,FALSE,1906215,5,3
2408,rrottb,ctg_318811,FALSE,FALSE,1109039,1,0
2409,rrottb,ctg_319161,FALSE,FALSE,1148266,2,8
2410,rrottb,ctg_319821,FALSE,FALSE,2216553,3,2
2411,rrottb,ctg_320383,FALSE,FALSE,1803766,2,3
2412,rrottb,ctg_320920,FALSE,FALSE,1006821,2,1
2413,rrottb,ctg_321157,FALSE,FALSE,3540657,2,4
2414,rrottb,ctg_322123,FALSE,FALSE,1604864,3,3
2415,rrottb,ctg_322561,TRUE,TRUE,2400370,1409,228
2416,rrottb,ctg_323245,FALSE,FALSE,2907206,3,4
2417,rrottb,ctg_324114,FALSE,FALSE,2608864,2,3
2418,rrottb,ctg_324910,FALSE,FALSE,1534851,2,1
2419,rrottb,ctg_325471,FALSE,FALSE,2686245,4,5
2420,rrottb,ctg_326120,FALSE,FALSE,1200526,3,2
2421,rrottb,ctg_326459,FALSE,FALSE,1004837,1,4
2422,rrottb,ctg_326770,FALSE,FALSE,4158913,4,4
2423,rrottb,ctg_327918,FALSE,TRUE,1686399,3,824
2424,rrottb,ctg_328406,FALSE,FALSE,1866089,4,4
2425,rrottb,ctg_328948,FALSE,FALSE,3308080,1,2
2426,rrottb,ctg_330181,FALSE,FALSE,2032697,4,2
2427,rrottb,ctg_330786,FALSE,FALSE,2117525,0,4
2428,rrottb,ctg_331708,FALSE,FALSE,1222053,2,0
2429,rrottb,ctg_332081,FALSE,FALSE,1040112,2,2
2430,rrottb,ctg_332854,FALSE,FALSE,1836731,2,2
2431,rrottb,ctg_333442,FALSE,FALSE,1058162,3,3
2432,rrottb,ctg_333754,FALSE,FALSE,3448508,2,4
2433,rrottb,ctg_334751,FALSE,FALSE,1260431,1,3
2434,rrottb,ctg_335389,FALSE,FALSE,1061882,2,2
2435,rrottb,ctg_335844,FALSE,FALSE,1879051,1,4
2436,rrottb,ctg_336597,FALSE,FALSE,2236486,8,2
2437,rrottb,ctg_337897,FALSE,FALSE,2334198,2,1
2438,rrottb,ctg_338955,FALSE,FALSE,1403970,3,2
2439,rrottb,ctg_339370,FALSE,FALSE,1145768,5,3
2440,rrottb,ctg_339723,FALSE,FALSE,1970384,5,2
2441,rrottb,ctg_340300,FALSE,FALSE,1554804,3,1
2442,rrottb,ctg_340856,FALSE,FALSE,2287495,2,2
2443,rrottb,ctg_341896,FALSE,FALSE,1310093,0,2
2444,rrottb,ctg_342510,FALSE,FALSE,1055230,2,1
2445,rrottb,ctg_342834,FALSE,FALSE,2024239,2,6
2446,rrottb,ctg_34342,FALSE,FALSE,2028669,2,2
2447,rrottb,ctg_343475,FALSE,FALSE,1272818,3,3
2448,rrottb,ctg_343864,FALSE,FALSE,1133463,6,1
2449,rrottb,ctg_344397,FALSE,TRUE,1075364,1,1056
2450,rrottb,ctg_344709,FALSE,FALSE,1279632,3,2
2451,rrottb,ctg_345541,FALSE,FALSE,2141737,4,1
2452,rrottb,ctg_346298,FALSE,FALSE,3403338,2,3
2453,rrottb,ctg_347302,FALSE,FALSE,2572967,4,1
2454,rrottb,ctg_348484,FALSE,FALSE,1829170,4,3
2455,rrottb,ctg_349196,FALSE,FALSE,1795963,1,1
2456,rrottb,ctg_349688,FALSE,FALSE,1146554,2,3
2457,rrottb,ctg_34974,FALSE,FALSE,4928724,2,1
2458,rrottb,ctg_349964,FALSE,FALSE,2003149,6,1
2459,rrottb,ctg_350604,FALSE,TRUE,1121543,7,1389
2460,rrottb,ctg_350899,FALSE,FALSE,1042985,2,4
2461,rrottb,ctg_351202,FALSE,FALSE,1348906,3,3
2462,rrottb,ctg_351911,FALSE,FALSE,1585034,5,5
2463,rrottb,ctg_352621,FALSE,FALSE,1504583,4,3
2464,rrottb,ctg_353112,FALSE,FALSE,1417168,2,5
2465,rrottb,ctg_354077,FALSE,FALSE,1463305,2,3
2466,rrottb,ctg_354571,FALSE,FALSE,1054813,3,2
2467,rrottb,ctg_355106,FALSE,FALSE,1399564,2,3
2468,rrottb,ctg_355463,FALSE,FALSE,2598437,1,1
2469,rrottb,ctg_356223,FALSE,FALSE,1746095,4,3
2470,rrottb,ctg_356708,FALSE,FALSE,1113126,1,2
2471,rrottb,ctg_357419,FALSE,FALSE,2653101,4,0
2472,rrottb,ctg_358244,FALSE,FALSE,2448814,3,5
2473,rrottb,ctg_359062,FALSE,FALSE,1506882,7,9
2474,rrottb,ctg_359659,FALSE,FALSE,1376186,2,3
2475,rrottb,ctg_360039,FALSE,FALSE,10783686,3,1
2476,rrottb,ctg_362816,FALSE,FALSE,1605499,3,2
2477,rrottb,ctg_363640,FALSE,FALSE,1253551,1,4
2478,rrottb,ctg_36460,FALSE,FALSE,1445685,4,3
2479,rrottb,ctg_364766,FALSE,FALSE,2362369,2,3
2480,rrottb,ctg_365380,FALSE,FALSE,1071477,4,1
2481,rrottb,ctg_366034,FALSE,FALSE,1909847,6,2
2482,rrottb,ctg_366791,FALSE,FALSE,1155437,5,3
2483,rrottb,ctg_367838,FALSE,FALSE,2164665,5,2
2484,rrottb,ctg_368544,FALSE,FALSE,2870984,3,0
2485,rrottb,ctg_36862,FALSE,FALSE,1637541,2,0
2486,rrottb,ctg_369362,FALSE,FALSE,1088567,2,2
2487,rrottb,ctg_369696,FALSE,FALSE,1004509,4,2
2488,rrottb,ctg_370003,FALSE,FALSE,9002484,1,8
2489,rrottb,ctg_372720,FALSE,FALSE,1936797,1,6
2490,rrottb,ctg_37392,FALSE,FALSE,8083871,3,5
2491,rrottb,ctg_374386,FALSE,FALSE,2379885,3,6
2492,rrottb,ctg_375019,FALSE,FALSE,1849342,3,5
2493,rrottb,ctg_376503,FALSE,FALSE,1641261,3,1
2494,rrottb,ctg_376984,FALSE,FALSE,1110026,4,1
2495,rrottb,ctg_377569,FALSE,FALSE,2992584,2,2
2496,rrottb,ctg_378791,FALSE,FALSE,1075332,2,2
2497,rrottb,ctg_379528,FALSE,FALSE,1037671,3,8
2498,rrottb,ctg_379811,FALSE,FALSE,1666638,2,1
2499,rrottb,ctg_380694,FALSE,FALSE,1227876,2,2
2500,rrottb,ctg_381153,FALSE,FALSE,1077249,2,3
2501,rrottb,ctg_381412,FALSE,FALSE,1426923,3,0
2502,rrottb,ctg_381873,FALSE,FALSE,1018893,3,2
2503,rrottb,ctg_383066,FALSE,FALSE,1830210,3,1
2504,rrottb,ctg_383771,FALSE,FALSE,1017763,3,3
2505,rrottb,ctg_384507,FALSE,FALSE,1336072,5,1
2506,rrottb,ctg_384883,FALSE,FALSE,1090105,2,2
2507,rrottb,ctg_386811,FALSE,FALSE,1061679,2,4
2508,rrottb,ctg_387796,FALSE,FALSE,996670,3,3
2509,rrottb,ctg_388161,FALSE,FALSE,1560359,4,1
2510,rrottb,ctg_390199,FALSE,FALSE,3095866,2,3
2511,rrottb,ctg_391013,FALSE,FALSE,2423916,1,2
2512,rrottb,ctg_391793,FALSE,FALSE,1011515,3,6
2513,rrottb,ctg_392042,FALSE,FALSE,1180563,1,3
2514,rrottb,ctg_393143,FALSE,FALSE,1275655,5,1
2515,rrottb,ctg_393767,FALSE,FALSE,2475106,4,2
2516,rrottb,ctg_395048,FALSE,FALSE,1375771,6,0
2517,rrottb,ctg_395653,FALSE,FALSE,1394292,2,1
2518,rrottb,ctg_396026,FALSE,FALSE,1137775,2,3
2519,rrottb,ctg_396356,FALSE,FALSE,1222651,2,3
2520,rrottb,ctg_396719,FALSE,FALSE,1584447,2,2
2521,rrottb,ctg_397325,FALSE,FALSE,1172022,2,1
2522,rrottb,ctg_39749,FALSE,FALSE,2518394,6,4
2523,rrottb,ctg_398504,FALSE,FALSE,1129970,3,5
2524,rrottb,ctg_399551,FALSE,FALSE,1805581,2,3
2525,rrottb,ctg_400256,FALSE,FALSE,1087209,4,4
2526,rrottb,ctg_400511,FALSE,FALSE,1629369,5,0
2527,rrottb,ctg_401291,FALSE,FALSE,1310452,4,1
2528,rrottb,ctg_403434,FALSE,FALSE,1159511,6,3
2529,rrottb,ctg_40489,FALSE,FALSE,3210011,2,3
2530,rrottb,ctg_404944,FALSE,FALSE,1093258,1,3
2531,rrottb,ctg_408339,FALSE,FALSE,1627149,4,3
2532,rrottb,ctg_413294,FALSE,FALSE,1091237,1,5
2533,rrottb,ctg_41381,FALSE,FALSE,22958478,2,1
2534,rrottb,ctg_48344,FALSE,FALSE,3361290,2,4
2535,rrottb,ctg_49320,FALSE,FALSE,3692071,4,1
2536,rrottb,ctg_50236,FALSE,FALSE,1043434,2,5
2537,rrottb,ctg_50533,FALSE,FALSE,8230617,4,3
2538,rrottb,ctg_52975,FALSE,FALSE,2321532,8,2
2539,rrottb,ctg_53551,FALSE,FALSE,3128350,3,3
2540,rrottb,ctg_54435,FALSE,FALSE,4430951,2,1
2541,rrottb,ctg_55699,FALSE,FALSE,14802766,2,3
2542,rrottb,ctg_60275,FALSE,FALSE,1520267,4,0
2543,rrottb,ctg_60832,FALSE,FALSE,1690899,5,2
2544,rrottb,ctg_61320,FALSE,FALSE,6839142,4,2
2545,rrottb,ctg_63221,FALSE,FALSE,2037644,2,1
2546,rrottb,ctg_63744,FALSE,FALSE,1959727,1,0
2547,rrottb,ctg_64326,FALSE,FALSE,9770773,4,2
2548,rrottb,ctg_67163,FALSE,FALSE,4569658,1,0
2549,rrottb,ctg_68618,FALSE,FALSE,10869356,2,2
2550,rrottb,ctg_7080,FALSE,FALSE,2132212,1,5
2551,rrottb,ctg_71811,FALSE,FALSE,1883654,2,2
2552,rrottb,ctg_72329,FALSE,FALSE,3123840,1,6
2553,rrottb,ctg_73291,FALSE,FALSE,1522141,4,1
2554,rrottb,ctg_73811,FALSE,FALSE,2046403,2,1
2555,rrottb,ctg_74394,FALSE,FALSE,2763044,2,0
2556,rrottb,ctg_75487,FALSE,FALSE,3152749,5,4
2557,rrottb,ctg_76532,FALSE,FALSE,1374837,2,2
2558,rrottb,ctg_76959,FALSE,FALSE,6577802,1,4
2559,rrottb,ctg_79008,FALSE,FALSE,1182580,2,3
2560,rrottb,ctg_79376,FALSE,FALSE,2224668,1,3
2561,rrottb,ctg_7953,FALSE,FALSE,2989452,4,1
2562,rrottb,ctg_80013,FALSE,FALSE,1280972,1,2
2563,rrottb,ctg_80402,FALSE,FALSE,2462824,1,2
2564,rrottb,ctg_81110,FALSE,FALSE,1870237,2,0
2565,rrottb,ctg_81635,FALSE,FALSE,4911082,1,4
2566,rrottb,ctg_83072,FALSE,TRUE,1862740,5,245
2567,rrottb,ctg_83629,FALSE,FALSE,5532480,2,3
2568,rrottb,ctg_85212,FALSE,FALSE,7041695,1,2
2569,rrottb,ctg_87363,FALSE,FALSE,1036061,2,3
2570,rrottb,ctg_87901,FALSE,FALSE,1715358,2,2
2571,rrottb,ctg_88336,FALSE,FALSE,10972773,3,4
2572,rrottb,ctg_8874,FALSE,FALSE,2495104,4,4
2573,rrottb,ctg_916,FALSE,FALSE,2084944,3,2
2574,rrottb,ctg_91648,FALSE,FALSE,1288877,2,4
2575,rrottb,ctg_92027,FALSE,FALSE,2038962,4,4
2576,rrottb,ctg_92629,FALSE,FALSE,1448904,5,1
2577,rrottb,ctg_93090,FALSE,FALSE,22368486,2,4
2578,rrottb,ctg_9764,FALSE,FALSE,19756776,3,2
2579,rtuber,ctg_1,TRUE,FALSE,8951824,11,3
2580,rtuber,ctg_104700,FALSE,FALSE,35459099,4,6
2581,rtuber,ctg_112143,FALSE,FALSE,15313040,5,4
2582,rtuber,ctg_11386,FALSE,FALSE,5653582,7,2
2583,rtuber,ctg_115292,FALSE,TRUE,23055713,3,10
2584,rtuber,ctg_120087,FALSE,FALSE,12377714,4,5
2585,rtuber,ctg_122567,TRUE,FALSE,28612855,485,6
2586,rtuber,ctg_12539,FALSE,FALSE,18096855,5,4
2587,rtuber,ctg_128314,FALSE,FALSE,15046500,5,5
2588,rtuber,ctg_131340,FALSE,FALSE,26264006,2,5
2589,rtuber,ctg_136534,FALSE,TRUE,25960574,6,985
2590,rtuber,ctg_141765,FALSE,FALSE,17415866,2,2
2591,rtuber,ctg_145323,FALSE,FALSE,27936197,6,8
2592,rtuber,ctg_151053,FALSE,FALSE,3972094,5,4
2593,rtuber,ctg_151883,FALSE,FALSE,9499946,4,5
2594,rtuber,ctg_153834,FALSE,FALSE,25481178,3,9
2595,rtuber,ctg_159053,FALSE,FALSE,19519603,8,4
2596,rtuber,ctg_16184,FALSE,FALSE,6187389,2,7
2597,rtuber,ctg_163063,FALSE,FALSE,21102463,3,5
2598,rtuber,ctg_167423,FALSE,FALSE,15193681,8,6
2599,rtuber,ctg_170561,FALSE,FALSE,11873821,9,2
2600,rtuber,ctg_173023,FALSE,FALSE,18734323,4,4
2601,rtuber,ctg_17410,FALSE,FALSE,8376754,2,8
2602,rtuber,ctg_176715,FALSE,FALSE,45572097,9,3
2603,rtuber,ctg_1786,FALSE,FALSE,47637551,7,1
2604,rtuber,ctg_186035,FALSE,FALSE,22931984,6,5
2605,rtuber,ctg_19054,FALSE,TRUE,25200077,9,1121
2606,rtuber,ctg_190734,TRUE,FALSE,18143993,12,4
2607,rtuber,ctg_194463,TRUE,TRUE,9419735,10,13
2608,rtuber,ctg_196414,FALSE,TRUE,8843586,9,247
2609,rtuber,ctg_198263,FALSE,FALSE,7168575,4,8
2610,rtuber,ctg_199722,FALSE,FALSE,29037142,5,5
2611,rtuber,ctg_205647,FALSE,TRUE,4103798,7,1306
2612,rtuber,ctg_206487,FALSE,FALSE,62334228,1,9
2613,rtuber,ctg_219262,FALSE,TRUE,27854019,8,711
2614,rtuber,ctg_224871,FALSE,FALSE,64347930,8,4
2615,rtuber,ctg_238044,FALSE,FALSE,9905253,7,3
2616,rtuber,ctg_240121,FALSE,TRUE,40628529,3,677
2617,rtuber,ctg_24163,FALSE,FALSE,39320137,4,6
2618,rtuber,ctg_248528,FALSE,FALSE,5225504,1,4
2619,rtuber,ctg_249580,FALSE,FALSE,10004994,7,0
2620,rtuber,ctg_251666,FALSE,FALSE,10112038,8,1
2621,rtuber,ctg_253743,FALSE,FALSE,24060899,4,5
2622,rtuber,ctg_258674,TRUE,FALSE,3463010,11,4
2623,rtuber,ctg_259363,FALSE,FALSE,10664354,4,5
2624,rtuber,ctg_261589,FALSE,FALSE,3505512,8,4
2625,rtuber,ctg_262289,FALSE,FALSE,9175293,6,4
2626,rtuber,ctg_264192,FALSE,FALSE,28835546,8,3
2627,rtuber,ctg_270178,FALSE,FALSE,15460572,4,5
2628,rtuber,ctg_273332,FALSE,FALSE,3769599,6,6
2629,rtuber,ctg_274084,FALSE,TRUE,19193906,2,491
2630,rtuber,ctg_278066,FALSE,FALSE,1424817,1,3
2631,rtuber,ctg_278323,FALSE,FALSE,1934945,5,2
2632,rtuber,ctg_278709,FALSE,FALSE,12952898,6,4
2633,rtuber,ctg_281362,FALSE,FALSE,15591214,8,4
2634,rtuber,ctg_284490,FALSE,FALSE,3891035,4,6
2635,rtuber,ctg_285288,FALSE,FALSE,12694854,6,4
2636,rtuber,ctg_287962,FALSE,FALSE,3238262,6,5
2637,rtuber,ctg_288634,FALSE,FALSE,15639770,2,6
2638,rtuber,ctg_291857,FALSE,FALSE,13753314,4,5
2639,rtuber,ctg_294642,TRUE,FALSE,6740970,21,2
2640,rtuber,ctg_296043,FALSE,FALSE,8019357,5,3
2641,rtuber,ctg_297673,FALSE,FALSE,2862306,2,7
2642,rtuber,ctg_298272,FALSE,FALSE,19507392,8,5
2643,rtuber,ctg_302387,FALSE,FALSE,9016877,5,6
2644,rtuber,ctg_304261,FALSE,FALSE,2786907,7,2
2645,rtuber,ctg_304815,FALSE,FALSE,4565911,7,3
2646,rtuber,ctg_305734,TRUE,FALSE,4116972,11,8
2647,rtuber,ctg_306552,FALSE,FALSE,6800692,3,4
2648,rtuber,ctg_307968,TRUE,FALSE,3308496,1250,3
2649,rtuber,ctg_308632,FALSE,TRUE,6877515,6,12
2650,rtuber,ctg_310059,FALSE,FALSE,2593293,2,2
2651,rtuber,ctg_310581,FALSE,FALSE,4419785,6,7
2652,rtuber,ctg_311525,FALSE,FALSE,2830256,5,4
2653,rtuber,ctg_312210,FALSE,FALSE,1619206,4,5
2654,rtuber,ctg_312543,FALSE,FALSE,6081325,6,0
2655,rtuber,ctg_313785,FALSE,FALSE,6115912,1,5
2656,rtuber,ctg_315000,FALSE,FALSE,1962047,8,7
2657,rtuber,ctg_315581,FALSE,TRUE,7652288,5,1332
2658,rtuber,ctg_317234,TRUE,FALSE,3033704,10,4
2659,rtuber,ctg_318021,FALSE,FALSE,3138140,6,6
2660,rtuber,ctg_318807,FALSE,FALSE,4223390,4,0
2661,rtuber,ctg_319635,TRUE,FALSE,1966624,1367,3
2662,rtuber,ctg_32293,TRUE,FALSE,26195359,10,2
2663,rtuber,ctg_37679,FALSE,FALSE,13484913,8,2
2664,rtuber,ctg_40472,TRUE,FALSE,18801424,759,6
2665,rtuber,ctg_44289,FALSE,FALSE,52005085,1,7
2666,rtuber,ctg_55086,FALSE,TRUE,26822155,3,20
2667,rtuber,ctg_60444,FALSE,FALSE,21510702,4,5
2668,rtuber,ctg_64752,TRUE,FALSE,50602275,10,0
2669,rtuber,ctg_74959,FALSE,FALSE,49032627,4,3
2670,rtuber,ctg_84888,FALSE,TRUE,21350434,1,1381
2671,rtuber,ctg_89231,FALSE,FALSE,9508425,5,3
2672,rtuber,ctg_91127,FALSE,FALSE,42442997,5,2
2673,rtuber,ctg_99696,FALSE,FALSE,24451434,2,6
2674,sbicol,1,TRUE,TRUE,80884392,15,12
2675,sbicol,10,TRUE,TRUE,61233695,16,34
2676,sbicol,2,FALSE,TRUE,77742459,0,24
2677,sbicol,3,TRUE,FALSE,74386277,22,2
2678,sbicol,4,TRUE,TRUE,68658214,239,46
2679,sbicol,5,TRUE,TRUE,71854669,30,39
2680,sbicol,6,FALSE,FALSE,61277060,3,8
2681,sbicol,7,TRUE,TRUE,65505356,81,130
2682,sbicol,8,FALSE,TRUE,62686529,2,26
2683,sbicol,9,TRUE,FALSE,59416394,90,3
2684,sbicol,super_16,FALSE,FALSE,1391575,6,1
2685,sbicol,super_18,FALSE,FALSE,1172180,0,2
2686,smicro,ctg_1,TRUE,FALSE,67021890,1427,0
2687,smicro,ctg_113938,TRUE,TRUE,73082833,1127,338
2688,smicro,ctg_140879,TRUE,TRUE,109513944,1425,1308
2689,smicro,ctg_181460,FALSE,TRUE,45284076,1,1427
2690,smicro,ctg_198675,TRUE,TRUE,23690925,1427,1427
2691,smicro,ctg_207683,FALSE,TRUE,95830492,8,1427
2692,smicro,ctg_243744,TRUE,FALSE,119993980,1426,2
2693,smicro,ctg_25653,FALSE,FALSE,46922854,5,5
2694,smicro,ctg_288774,TRUE,FALSE,34479722,1428,0
2695,smicro,ctg_301650,TRUE,FALSE,34967054,1424,0
2696,smicro,ctg_314740,FALSE,FALSE,37894280,4,4
2697,smicro,ctg_329072,TRUE,FALSE,7324958,577,2
2698,smicro,ctg_331848,TRUE,FALSE,3911197,1363,6
2699,smicro,ctg_43323,FALSE,TRUE,16049845,4,1137
2700,smicro,ctg_49442,TRUE,TRUE,104520557,1428,1426
2701,smicro,ctg_88456,TRUE,TRUE,72066264,1427,1260
2702,snutan,alt-scaf_103,FALSE,FALSE,9963510,2,5
2703,snutan,alt-scaf_12,FALSE,FALSE,65810221,3,1
2704,snutan,alt-scaf_14,FALSE,FALSE,63763179,5,2
2705,snutan,alt-scaf_16,FALSE,FALSE,63003846,4,3
2706,snutan,alt-scaf_19,FALSE,FALSE,61604474,9,2
2707,snutan,alt-scaf_20,FALSE,FALSE,61501406,2,2
2708,snutan,alt-scaf_29,FALSE,FALSE,55750796,3,0
2709,snutan,alt-scaf_48,FALSE,FALSE,43371576,0,2
2710,snutan,alt-scaf_52,FALSE,TRUE,40640736,3,93
2711,snutan,alt-scaf_53,FALSE,FALSE,39449221,4,7
2712,snutan,alt-scaf_56,FALSE,FALSE,38302423,7,0
2713,snutan,alt-scaf_57,FALSE,FALSE,37228004,3,2
2714,snutan,alt-scaf_62,FALSE,FALSE,34190022,3,4
2715,snutan,alt-scaf_65,FALSE,FALSE,31018164,3,2
2716,snutan,alt-scaf_68,FALSE,FALSE,29957894,6,2
2717,snutan,alt-scaf_69,FALSE,FALSE,29890802,0,1
2718,snutan,alt-scaf_76,FALSE,FALSE,23374103,3,5
2719,snutan,alt-scaf_77,FALSE,FALSE,23157569,5,2
2720,snutan,alt-scaf_79,FALSE,FALSE,22399087,4,6
2721,snutan,alt-scaf_80,FALSE,FALSE,21419929,5,3
2722,snutan,alt-scaf_81,FALSE,FALSE,20014821,4,4
2723,snutan,alt-scaf_83,FALSE,FALSE,18239512,1,1
2724,snutan,alt-scaf_84,FALSE,FALSE,17476738,2,4
2725,snutan,alt-scaf_88,TRUE,FALSE,15197528,410,2
2726,snutan,alt-scaf_91,FALSE,TRUE,13192092,2,96
2727,snutan,alt-scaf_93,FALSE,FALSE,13160445,3,2
2728,snutan,alt-scaf_94,FALSE,FALSE,12895094,1,6
2729,snutan,alt-scaf_95,FALSE,FALSE,12577412,1,4
2730,snutan,alt-scaf_97,FALSE,FALSE,11447688,4,5
2731,snutan,scaf_1,FALSE,FALSE,88121090,3,5
2732,snutan,scaf_10,FALSE,FALSE,70168297,0,7
2733,snutan,scaf_100,FALSE,FALSE,10972511,2,1
2734,snutan,scaf_101,FALSE,FALSE,10904843,6,0
2735,snutan,scaf_102,FALSE,FALSE,10111569,7,1
2736,snutan,scaf_104,FALSE,FALSE,9737191,1,4
2737,snutan,scaf_105,FALSE,FALSE,9470841,3,4
2738,snutan,scaf_106,FALSE,FALSE,8976452,5,5
2739,snutan,scaf_107,FALSE,FALSE,8326550,4,4
2740,snutan,scaf_108,FALSE,FALSE,7426334,2,3
2741,snutan,scaf_109,FALSE,FALSE,6606107,4,4
2742,snutan,scaf_11,FALSE,FALSE,67941304,6,7
2743,snutan,scaf_110,FALSE,FALSE,6585884,6,2
2744,snutan,scaf_111,FALSE,FALSE,6478367,2,0
2745,snutan,scaf_112,FALSE,FALSE,5842674,4,2
2746,snutan,scaf_113,FALSE,FALSE,5304688,1,4
2747,snutan,scaf_114,FALSE,FALSE,5209535,2,6
2748,snutan,scaf_115,FALSE,FALSE,4624708,4,8
2749,snutan,scaf_116,FALSE,FALSE,4461648,0,2
2750,snutan,scaf_117,FALSE,FALSE,4121020,3,1
2751,snutan,scaf_118,FALSE,FALSE,3460229,0,1
2752,snutan,scaf_119,FALSE,FALSE,3429979,3,5
2753,snutan,scaf_120,FALSE,FALSE,3329339,1,6
2754,snutan,scaf_121,FALSE,FALSE,2717116,4,3
2755,snutan,scaf_122,FALSE,FALSE,2693724,4,1
2756,snutan,scaf_123,FALSE,FALSE,2598446,3,6
2757,snutan,scaf_124,FALSE,FALSE,2557651,4,0
2758,snutan,scaf_125,FALSE,FALSE,2528094,5,2
2759,snutan,scaf_126,FALSE,FALSE,2470225,2,7
2760,snutan,scaf_127,FALSE,FALSE,2401197,5,4
2761,snutan,scaf_128,FALSE,FALSE,2351229,3,6
2762,snutan,scaf_129,FALSE,FALSE,2171394,5,2
2763,snutan,scaf_13,FALSE,FALSE,63880094,5,2
2764,snutan,scaf_130,FALSE,FALSE,1945095,7,3
2765,snutan,scaf_131,FALSE,FALSE,1669537,3,0
2766,snutan,scaf_132,TRUE,FALSE,1577070,66,3
2767,snutan,scaf_133,FALSE,FALSE,1051620,4,3
2768,snutan,scaf_15,FALSE,FALSE,63643876,4,3
2769,snutan,scaf_17,TRUE,FALSE,62478653,1317,5
2770,snutan,scaf_18,FALSE,FALSE,62080740,3,1
2771,snutan,scaf_2,FALSE,FALSE,84426204,3,1
2772,snutan,scaf_21,FALSE,FALSE,61424450,0,1
2773,snutan,scaf_22,FALSE,FALSE,59585398,2,2
2774,snutan,scaf_23,TRUE,FALSE,58988736,1368,4
2775,snutan,scaf_24,FALSE,FALSE,58689382,0,4
2776,snutan,scaf_25,FALSE,TRUE,57123201,0,245
2777,snutan,scaf_26,FALSE,FALSE,56645041,3,1
2778,snutan,scaf_27,TRUE,FALSE,56442638,15,0
2779,snutan,scaf_28,FALSE,FALSE,55953740,2,8
2780,snutan,scaf_3,FALSE,TRUE,83257989,3,14
2781,snutan,scaf_30,FALSE,FALSE,53365188,0,5
2782,snutan,scaf_31,FALSE,FALSE,53168106,5,4
2783,snutan,scaf_32,FALSE,FALSE,52119666,4,7
2784,snutan,scaf_33,FALSE,FALSE,51696936,1,5
2785,snutan,scaf_34,FALSE,FALSE,50203851,7,3
2786,snutan,scaf_35,FALSE,FALSE,50078707,1,2
2787,snutan,scaf_36,TRUE,FALSE,49907232,1425,1
2788,snutan,scaf_37,FALSE,FALSE,49773941,2,0
2789,snutan,scaf_38,TRUE,FALSE,48389118,1158,0
2790,snutan,scaf_39,FALSE,TRUE,47244459,1,92
2791,snutan,scaf_4,FALSE,FALSE,83084873,4,0
2792,snutan,scaf_40,FALSE,FALSE,46890831,2,0
2793,snutan,scaf_41,FALSE,FALSE,46864367,3,2
2794,snutan,scaf_42,FALSE,FALSE,45738073,8,4
2795,snutan,scaf_43,FALSE,FALSE,45362766,2,2
2796,snutan,scaf_44,FALSE,FALSE,45137571,7,2
2797,snutan,scaf_45,FALSE,FALSE,44509732,1,3
2798,snutan,scaf_46,FALSE,FALSE,44178029,5,3
2799,snutan,scaf_47,FALSE,FALSE,43788093,3,4
2800,snutan,scaf_49,FALSE,FALSE,42111928,3,4
2801,snutan,scaf_5,FALSE,FALSE,73457256,2,2
2802,snutan,scaf_50,FALSE,FALSE,41079660,2,3
2803,snutan,scaf_51,FALSE,FALSE,40768288,5,0
2804,snutan,scaf_54,FALSE,FALSE,39159464,1,3
2805,snutan,scaf_55,FALSE,FALSE,39128737,3,1
2806,snutan,scaf_58,FALSE,FALSE,37154226,4,4
2807,snutan,scaf_59,FALSE,FALSE,35043729,8,1
2808,snutan,scaf_6,FALSE,FALSE,71979726,3,3
2809,snutan,scaf_60,FALSE,FALSE,34512222,2,2
2810,snutan,scaf_61,FALSE,FALSE,34453602,4,3
2811,snutan,scaf_63,FALSE,FALSE,32494696,2,0
2812,snutan,scaf_64,FALSE,FALSE,31394490,3,3
2813,snutan,scaf_66,FALSE,FALSE,30369283,2,2
2814,snutan,scaf_67,FALSE,FALSE,30101178,0,7
2815,snutan,scaf_7,FALSE,FALSE,71843662,4,0
2816,snutan,scaf_70,FALSE,FALSE,29264180,2,3
2817,snutan,scaf_71,FALSE,FALSE,27770249,4,1
2818,snutan,scaf_72,TRUE,FALSE,27505188,1338,4
2819,snutan,scaf_73,FALSE,FALSE,26953348,4,2
2820,snutan,scaf_74,FALSE,FALSE,24723823,5,1
2821,snutan,scaf_75,FALSE,FALSE,24577802,0,5
2822,snutan,scaf_78,FALSE,FALSE,22724431,3,4
2823,snutan,scaf_8,FALSE,FALSE,71528982,5,2
2824,snutan,scaf_82,FALSE,TRUE,18481719,1,1338
2825,snutan,scaf_85,FALSE,FALSE,17043350,5,2
2826,snutan,scaf_86,FALSE,FALSE,16142425,6,2
2827,snutan,scaf_87,FALSE,FALSE,15639816,6,6
2828,snutan,scaf_89,FALSE,FALSE,14887138,3,5
2829,snutan,scaf_9,FALSE,FALSE,71379804,2,1
2830,snutan,scaf_90,FALSE,FALSE,14780513,3,3
2831,snutan,scaf_92,FALSE,FALSE,13176171,2,2
2832,snutan,scaf_96,FALSE,FALSE,11973705,5,2
2833,snutan,scaf_98,FALSE,FALSE,11236643,2,2
2834,snutan,scaf_99,FALSE,FALSE,11115080,4,5
2835,sscopa,alt-scaf_100,FALSE,FALSE,11550974,5,2
2836,sscopa,alt-scaf_106,FALSE,FALSE,10601450,3,3
2837,sscopa,alt-scaf_110,FALSE,FALSE,10271296,2,4
2838,sscopa,alt-scaf_112,FALSE,FALSE,10207766,1,0
2839,sscopa,alt-scaf_114,FALSE,FALSE,10146227,8,3
2840,sscopa,alt-scaf_116,FALSE,FALSE,10069209,1,2
2841,sscopa,alt-scaf_117,FALSE,FALSE,10063045,6,2
2842,sscopa,alt-scaf_118,FALSE,FALSE,9990399,2,3
2843,sscopa,alt-scaf_121,FALSE,FALSE,9671943,4,3
2844,sscopa,alt-scaf_122,FALSE,FALSE,9624294,7,5
2845,sscopa,alt-scaf_123,FALSE,FALSE,9574613,8,5
2846,sscopa,alt-scaf_124,FALSE,FALSE,9573451,4,2
2847,sscopa,alt-scaf_125,FALSE,FALSE,9442429,2,7
2848,sscopa,alt-scaf_126,FALSE,FALSE,9402959,3,3
2849,sscopa,alt-scaf_127,FALSE,FALSE,9371768,2,3
2850,sscopa,alt-scaf_128,FALSE,FALSE,9279873,3,4
2851,sscopa,alt-scaf_130,FALSE,FALSE,9225995,4,4
2852,sscopa,alt-scaf_133,FALSE,FALSE,9119755,2,8
2853,sscopa,alt-scaf_135,FALSE,FALSE,9098418,4,3
2854,sscopa,alt-scaf_136,FALSE,FALSE,8996736,2,1
2855,sscopa,alt-scaf_138,FALSE,FALSE,8864584,0,0
2856,sscopa,alt-scaf_139,FALSE,FALSE,8784121,3,3
2857,sscopa,alt-scaf_141,FALSE,FALSE,8525693,1,3
2858,sscopa,alt-scaf_144,FALSE,FALSE,8296596,2,3
2859,sscopa,alt-scaf_146,FALSE,FALSE,8222298,3,5
2860,sscopa,alt-scaf_147,FALSE,FALSE,8216361,2,1
2861,sscopa,alt-scaf_149,FALSE,FALSE,8005139,2,2
2862,sscopa,alt-scaf_150,FALSE,FALSE,7887852,0,4
2863,sscopa,alt-scaf_151,FALSE,FALSE,7872799,1,4
2864,sscopa,alt-scaf_155,FALSE,FALSE,7686778,1,2
2865,sscopa,alt-scaf_156,FALSE,FALSE,7632578,5,3
2866,sscopa,alt-scaf_157,FALSE,FALSE,7495163,2,1
2867,sscopa,alt-scaf_158,FALSE,FALSE,7356593,3,2
2868,sscopa,alt-scaf_16,FALSE,FALSE,31339191,3,3
2869,sscopa,alt-scaf_160,FALSE,FALSE,7276988,8,1
2870,sscopa,alt-scaf_161,FALSE,TRUE,7163501,2,93
2871,sscopa,alt-scaf_162,FALSE,FALSE,7156662,3,5
2872,sscopa,alt-scaf_164,FALSE,FALSE,6918400,5,4
2873,sscopa,alt-scaf_165,FALSE,FALSE,6879231,0,6
2874,sscopa,alt-scaf_168,FALSE,FALSE,6773328,2,5
2875,sscopa,alt-scaf_17,FALSE,FALSE,31107462,3,3
2876,sscopa,alt-scaf_171,FALSE,FALSE,6707302,5,6
2877,sscopa,alt-scaf_173,FALSE,FALSE,6605394,5,1
2878,sscopa,alt-scaf_175,FALSE,FALSE,6535829,1,1
2879,sscopa,alt-scaf_176,FALSE,FALSE,6474948,2,3
2880,sscopa,alt-scaf_177,FALSE,FALSE,6409757,4,2
2881,sscopa,alt-scaf_179,FALSE,TRUE,6302155,3,77
2882,sscopa,alt-scaf_180,FALSE,FALSE,6255445,4,2
2883,sscopa,alt-scaf_181,TRUE,FALSE,6242626,702,5
2884,sscopa,alt-scaf_182,FALSE,FALSE,6231070,3,3
2885,sscopa,alt-scaf_187,FALSE,FALSE,6158922,9,3
2886,sscopa,alt-scaf_191,FALSE,FALSE,6032521,4,1
2887,sscopa,alt-scaf_192,FALSE,FALSE,5967302,2,3
2888,sscopa,alt-scaf_193,FALSE,FALSE,5963239,3,3
2889,sscopa,alt-scaf_194,FALSE,FALSE,5937243,7,3
2890,sscopa,alt-scaf_195,FALSE,FALSE,5884118,5,5
2891,sscopa,alt-scaf_197,FALSE,FALSE,5763816,1,3
2892,sscopa,alt-scaf_199,FALSE,FALSE,5700517,4,1
2893,sscopa,alt-scaf_200,TRUE,FALSE,5690531,10,5
2894,sscopa,alt-scaf_201,FALSE,FALSE,5614039,6,1
2895,sscopa,alt-scaf_202,FALSE,FALSE,5587860,2,4
2896,sscopa,alt-scaf_203,FALSE,FALSE,5501256,2,6
2897,sscopa,alt-scaf_207,FALSE,FALSE,5254081,2,8
2898,sscopa,alt-scaf_208,FALSE,FALSE,5237931,5,2
2899,sscopa,alt-scaf_21,FALSE,FALSE,29081007,1,2
2900,sscopa,alt-scaf_211,FALSE,FALSE,5096964,3,4
2901,sscopa,alt-scaf_212,FALSE,FALSE,5038261,2,5
2902,sscopa,alt-scaf_215,FALSE,FALSE,5003190,4,1
2903,sscopa,alt-scaf_216,FALSE,FALSE,4937548,4,3
2904,sscopa,alt-scaf_217,FALSE,FALSE,4903663,4,2
2905,sscopa,alt-scaf_219,FALSE,FALSE,4897964,4,2
2906,sscopa,alt-scaf_22,FALSE,FALSE,27680795,3,2
2907,sscopa,alt-scaf_221,FALSE,FALSE,4703968,4,4
2908,sscopa,alt-scaf_222,FALSE,FALSE,4668882,1,3
2909,sscopa,alt-scaf_223,FALSE,FALSE,4632951,5,3
2910,sscopa,alt-scaf_227,FALSE,FALSE,4508721,2,2
2911,sscopa,alt-scaf_229,FALSE,FALSE,4422836,5,1
2912,sscopa,alt-scaf_231,FALSE,FALSE,4275187,5,7
2913,sscopa,alt-scaf_233,FALSE,FALSE,4203527,3,4
2914,sscopa,alt-scaf_241,TRUE,FALSE,3937403,10,8
2915,sscopa,alt-scaf_242,FALSE,FALSE,3914702,4,2
2916,sscopa,alt-scaf_243,FALSE,FALSE,3904613,1,1
2917,sscopa,alt-scaf_244,FALSE,FALSE,3869874,3,4
2918,sscopa,alt-scaf_249,FALSE,FALSE,3747943,3,5
2919,sscopa,alt-scaf_250,FALSE,FALSE,3713438,5,3
2920,sscopa,alt-scaf_255,FALSE,FALSE,3590745,4,1
2921,sscopa,alt-scaf_257,FALSE,FALSE,3574231,2,2
2922,sscopa,alt-scaf_259,FALSE,FALSE,3484005,7,1
2923,sscopa,alt-scaf_261,FALSE,FALSE,3446455,3,3
2924,sscopa,alt-scaf_262,FALSE,FALSE,3442917,8,1
2925,sscopa,alt-scaf_272,FALSE,FALSE,3123734,3,6
2926,sscopa,alt-scaf_273,FALSE,FALSE,3115522,4,3
2927,sscopa,alt-scaf_274,FALSE,FALSE,3081245,1,1
2928,sscopa,alt-scaf_277,FALSE,FALSE,3035037,2,2
2929,sscopa,alt-scaf_278,FALSE,FALSE,2962160,3,3
2930,sscopa,alt-scaf_279,FALSE,FALSE,2945026,2,2
2931,sscopa,alt-scaf_283,FALSE,FALSE,2843039,2,3
2932,sscopa,alt-scaf_285,FALSE,FALSE,2809605,7,4
2933,sscopa,alt-scaf_286,FALSE,FALSE,2796554,2,3
2934,sscopa,alt-scaf_29,FALSE,FALSE,24538996,5,3
2935,sscopa,alt-scaf_291,FALSE,FALSE,2691135,2,3
2936,sscopa,alt-scaf_294,FALSE,FALSE,2652376,3,3
2937,sscopa,alt-scaf_295,FALSE,FALSE,2646122,2,1
2938,sscopa,alt-scaf_296,FALSE,FALSE,2588205,0,2
2939,sscopa,alt-scaf_298,FALSE,FALSE,2567976,5,3
2940,sscopa,alt-scaf_299,FALSE,FALSE,2561506,3,2
2941,sscopa,alt-scaf_30,FALSE,FALSE,24510673,4,0
2942,sscopa,alt-scaf_300,FALSE,FALSE,2523812,3,2
2943,sscopa,alt-scaf_304,FALSE,FALSE,2367773,7,3
2944,sscopa,alt-scaf_307,FALSE,FALSE,2162067,4,2
2945,sscopa,alt-scaf_309,FALSE,FALSE,2105845,4,4
2946,sscopa,alt-scaf_311,FALSE,FALSE,2049492,1,3
2947,sscopa,alt-scaf_312,FALSE,FALSE,1994577,6,2
2948,sscopa,alt-scaf_316,FALSE,FALSE,1963906,2,2
2949,sscopa,alt-scaf_317,FALSE,FALSE,1925921,2,2
2950,sscopa,alt-scaf_319,FALSE,FALSE,1874511,2,5
2951,sscopa,alt-scaf_32,FALSE,FALSE,23852889,3,5
2952,sscopa,alt-scaf_321,FALSE,FALSE,1837923,2,2
2953,sscopa,alt-scaf_323,FALSE,FALSE,1817213,8,3
2954,sscopa,alt-scaf_33,FALSE,FALSE,23001725,3,4
2955,sscopa,alt-scaf_339,FALSE,FALSE,1584167,2,8
2956,sscopa,alt-scaf_342,FALSE,FALSE,1511891,2,1
2957,sscopa,alt-scaf_347,FALSE,FALSE,1331339,4,4
2958,sscopa,alt-scaf_349,FALSE,FALSE,1242130,3,4
2959,sscopa,alt-scaf_365,FALSE,FALSE,1013858,3,5
2960,sscopa,alt-scaf_37,FALSE,FALSE,21459651,4,2
2961,sscopa,alt-scaf_38,FALSE,FALSE,21453897,1,5
2962,sscopa,alt-scaf_41,FALSE,FALSE,20761576,4,1
2963,sscopa,alt-scaf_43,FALSE,FALSE,20271181,3,1
2964,sscopa,alt-scaf_46,FALSE,FALSE,19552069,1,3
2965,sscopa,alt-scaf_49,FALSE,FALSE,18653965,4,5
2966,sscopa,alt-scaf_55,FALSE,FALSE,17417657,0,1
2967,sscopa,alt-scaf_56,FALSE,FALSE,17295666,1,3
2968,sscopa,alt-scaf_58,FALSE,FALSE,17259415,2,0
2969,sscopa,alt-scaf_60,FALSE,FALSE,16888769,3,2
2970,sscopa,alt-scaf_61,FALSE,FALSE,16856276,2,4
2971,sscopa,alt-scaf_63,FALSE,FALSE,16658068,4,0
2972,sscopa,alt-scaf_64,FALSE,FALSE,16607005,8,2
2973,sscopa,alt-scaf_68,FALSE,FALSE,15951589,2,2
2974,sscopa,alt-scaf_79,FALSE,FALSE,14210659,4,2
2975,sscopa,alt-scaf_80,FALSE,FALSE,13959110,3,2
2976,sscopa,alt-scaf_82,FALSE,FALSE,13577831,3,2
2977,sscopa,alt-scaf_83,FALSE,FALSE,13554504,3,5
2978,sscopa,alt-scaf_85,FALSE,FALSE,12886327,6,3
2979,sscopa,alt-scaf_87,FALSE,FALSE,12393175,4,3
2980,sscopa,alt-scaf_88,FALSE,FALSE,12356630,4,2
2981,sscopa,alt-scaf_91,FALSE,FALSE,12125020,1,7
2982,sscopa,alt-scaf_98,FALSE,FALSE,11671910,2,4
2983,sscopa,alt-scaf_99,FALSE,FALSE,11583248,4,3
2984,sscopa,scaf_1,FALSE,FALSE,46506314,2,2
2985,sscopa,scaf_10,FALSE,FALSE,32761178,1,6
2986,sscopa,scaf_101,FALSE,FALSE,11467670,2,2
2987,sscopa,scaf_102,FALSE,FALSE,11351490,3,9
2988,sscopa,scaf_103,FALSE,FALSE,11225864,4,3
2989,sscopa,scaf_104,FALSE,FALSE,11172758,2,2
2990,sscopa,scaf_105,FALSE,FALSE,10891316,2,0
2991,sscopa,scaf_107,FALSE,FALSE,10567369,1,3
2992,sscopa,scaf_108,FALSE,FALSE,10442207,3,3
2993,sscopa,scaf_109,FALSE,FALSE,10370526,3,0
2994,sscopa,scaf_11,FALSE,FALSE,32356119,1,4
2995,sscopa,scaf_111,FALSE,FALSE,10255251,2,2
2996,sscopa,scaf_113,FALSE,FALSE,10188924,1,6
2997,sscopa,scaf_115,FALSE,FALSE,10128940,4,5
2998,sscopa,scaf_119,FALSE,FALSE,9867288,2,5
2999,sscopa,scaf_12,FALSE,FALSE,31717745,4,3
3000,sscopa,scaf_120,FALSE,FALSE,9743595,1,2
3001,sscopa,scaf_129,FALSE,FALSE,9248441,4,5
3002,sscopa,scaf_13,FALSE,FALSE,31699977,1,4
3003,sscopa,scaf_131,FALSE,FALSE,9220599,0,2
3004,sscopa,scaf_132,FALSE,FALSE,9203758,1,1
3005,sscopa,scaf_134,FALSE,FALSE,9103878,3,2
3006,sscopa,scaf_137,FALSE,FALSE,8990556,2,1
3007,sscopa,scaf_14,FALSE,FALSE,31580505,3,1
3008,sscopa,scaf_140,FALSE,FALSE,8771077,5,1
3009,sscopa,scaf_142,FALSE,FALSE,8519326,3,3
3010,sscopa,scaf_143,FALSE,FALSE,8404214,2,2
3011,sscopa,scaf_145,FALSE,FALSE,8291409,2,1
3012,sscopa,scaf_148,FALSE,FALSE,8089133,2,2
3013,sscopa,scaf_15,FALSE,FALSE,31546328,2,2
3014,sscopa,scaf_152,FALSE,FALSE,7793818,2,2
3015,sscopa,scaf_153,FALSE,FALSE,7777456,2,0
3016,sscopa,scaf_154,FALSE,FALSE,7770009,4,3
3017,sscopa,scaf_159,FALSE,FALSE,7348415,2,4
3018,sscopa,scaf_163,FALSE,FALSE,6942936,1,2
3019,sscopa,scaf_166,FALSE,FALSE,6868840,3,2
3020,sscopa,scaf_167,FALSE,FALSE,6784703,2,1
3021,sscopa,scaf_169,FALSE,FALSE,6766642,2,3
3022,sscopa,scaf_170,FALSE,FALSE,6755247,1,8
3023,sscopa,scaf_172,FALSE,FALSE,6679317,2,3
3024,sscopa,scaf_174,FALSE,FALSE,6556072,2,3
3025,sscopa,scaf_178,FALSE,FALSE,6344220,5,1
3026,sscopa,scaf_18,FALSE,FALSE,30830688,2,4
3027,sscopa,scaf_183,FALSE,FALSE,6219308,2,1
3028,sscopa,scaf_184,FALSE,FALSE,6212100,6,1
3029,sscopa,scaf_185,FALSE,TRUE,6184815,2,10
3030,sscopa,scaf_186,FALSE,FALSE,6172469,2,3
3031,sscopa,scaf_188,FALSE,FALSE,6141524,5,2
3032,sscopa,scaf_189,FALSE,FALSE,6138467,3,2
3033,sscopa,scaf_19,FALSE,FALSE,29762060,6,2
3034,sscopa,scaf_190,FALSE,FALSE,6136979,4,2
3035,sscopa,scaf_196,FALSE,FALSE,5801067,2,2
3036,sscopa,scaf_198,FALSE,FALSE,5709311,6,3
3037,sscopa,scaf_2,FALSE,TRUE,41135614,3,763
3038,sscopa,scaf_20,FALSE,FALSE,29583474,3,2
3039,sscopa,scaf_204,FALSE,FALSE,5447662,1,4
3040,sscopa,scaf_205,FALSE,FALSE,5424719,3,4
3041,sscopa,scaf_206,FALSE,FALSE,5333541,5,1
3042,sscopa,scaf_209,FALSE,FALSE,5199604,3,4
3043,sscopa,scaf_210,FALSE,FALSE,5146599,2,2
3044,sscopa,scaf_213,FALSE,FALSE,5026464,3,4
3045,sscopa,scaf_214,FALSE,FALSE,5013496,1,1
3046,sscopa,scaf_218,FALSE,FALSE,4898655,0,3
3047,sscopa,scaf_220,FALSE,FALSE,4888438,5,2
3048,sscopa,scaf_224,FALSE,FALSE,4575234,3,3
3049,sscopa,scaf_225,FALSE,FALSE,4561670,0,6
3050,sscopa,scaf_226,FALSE,FALSE,4544190,9,1
3051,sscopa,scaf_228,FALSE,FALSE,4457835,5,3
3052,sscopa,scaf_23,FALSE,FALSE,27551993,2,1
3053,sscopa,scaf_230,FALSE,FALSE,4394823,5,2
3054,sscopa,scaf_232,FALSE,FALSE,4203638,1,1
3055,sscopa,scaf_234,FALSE,FALSE,4166879,5,1
3056,sscopa,scaf_235,FALSE,FALSE,4155371,2,2
3057,sscopa,scaf_236,FALSE,FALSE,4119927,1,2
3058,sscopa,scaf_237,FALSE,FALSE,4085354,2,3
3059,sscopa,scaf_238,FALSE,FALSE,4044610,3,2
3060,sscopa,scaf_239,FALSE,FALSE,4026750,8,6
3061,sscopa,scaf_24,FALSE,FALSE,27114572,1,3
3062,sscopa,scaf_240,FALSE,FALSE,3983186,4,1
3063,sscopa,scaf_245,FALSE,FALSE,3841877,2,5
3064,sscopa,scaf_246,TRUE,FALSE,3814668,132,2
3065,sscopa,scaf_247,FALSE,FALSE,3783973,2,5
3066,sscopa,scaf_248,FALSE,FALSE,3757449,4,3
3067,sscopa,scaf_25,FALSE,FALSE,27075277,2,1
3068,sscopa,scaf_251,FALSE,FALSE,3643316,3,4
3069,sscopa,scaf_252,FALSE,FALSE,3642337,1,6
3070,sscopa,scaf_253,FALSE,FALSE,3623803,4,2
3071,sscopa,scaf_254,FALSE,FALSE,3594194,2,2
3072,sscopa,scaf_256,FALSE,FALSE,3575622,7,4
3073,sscopa,scaf_258,FALSE,FALSE,3486226,3,3
3074,sscopa,scaf_26,FALSE,FALSE,26304121,4,2
3075,sscopa,scaf_260,FALSE,FALSE,3453855,3,3
3076,sscopa,scaf_263,FALSE,FALSE,3424248,3,4
3077,sscopa,scaf_264,FALSE,FALSE,3414150,2,2
3078,sscopa,scaf_265,FALSE,FALSE,3399001,3,3
3079,sscopa,scaf_266,FALSE,FALSE,3350587,4,0
3080,sscopa,scaf_267,FALSE,FALSE,3281490,3,2
3081,sscopa,scaf_268,FALSE,FALSE,3253546,2,1
3082,sscopa,scaf_269,FALSE,FALSE,3230008,3,1
3083,sscopa,scaf_27,FALSE,FALSE,25360701,3,5
3084,sscopa,scaf_270,FALSE,FALSE,3224165,3,2
3085,sscopa,scaf_271,FALSE,FALSE,3136267,5,4
3086,sscopa,scaf_275,FALSE,FALSE,3069731,1,2
3087,sscopa,scaf_276,FALSE,FALSE,3058670,8,2
3088,sscopa,scaf_28,FALSE,FALSE,25045039,2,2
3089,sscopa,scaf_280,FALSE,FALSE,2867865,2,2
3090,sscopa,scaf_281,FALSE,FALSE,2847075,4,2
3091,sscopa,scaf_282,FALSE,FALSE,2844596,7,9
3092,sscopa,scaf_284,FALSE,FALSE,2836630,5,3
3093,sscopa,scaf_287,FALSE,FALSE,2743818,3,3
3094,sscopa,scaf_288,FALSE,FALSE,2728272,1,4
3095,sscopa,scaf_289,FALSE,FALSE,2713476,5,0
3096,sscopa,scaf_290,FALSE,FALSE,2704730,4,2
3097,sscopa,scaf_292,FALSE,FALSE,2676978,3,0
3098,sscopa,scaf_293,FALSE,FALSE,2655072,2,1
3099,sscopa,scaf_297,FALSE,FALSE,2578761,2,4
3100,sscopa,scaf_3,FALSE,FALSE,38721451,2,3
3101,sscopa,scaf_301,FALSE,FALSE,2516606,5,2
3102,sscopa,scaf_302,FALSE,FALSE,2421793,3,1
3103,sscopa,scaf_303,FALSE,FALSE,2403187,5,3
3104,sscopa,scaf_305,FALSE,FALSE,2255649,2,3
3105,sscopa,scaf_306,FALSE,FALSE,2252670,2,4
3106,sscopa,scaf_308,FALSE,FALSE,2120208,6,3
3107,sscopa,scaf_31,FALSE,FALSE,24496376,3,2
3108,sscopa,scaf_310,FALSE,FALSE,2051144,1,8
3109,sscopa,scaf_313,FALSE,FALSE,1987411,4,2
3110,sscopa,scaf_314,FALSE,FALSE,1980958,2,5
3111,sscopa,scaf_315,FALSE,FALSE,1968012,4,5
3112,sscopa,scaf_318,FALSE,FALSE,1925170,4,5
3113,sscopa,scaf_320,FALSE,FALSE,1851576,2,3
3114,sscopa,scaf_322,FALSE,FALSE,1831583,1,5
3115,sscopa,scaf_324,FALSE,FALSE,1805893,3,0
3116,sscopa,scaf_325,FALSE,FALSE,1802754,1,7
3117,sscopa,scaf_326,FALSE,FALSE,1801770,0,2
3118,sscopa,scaf_327,FALSE,FALSE,1760485,5,1
3119,sscopa,scaf_328,FALSE,FALSE,1746283,4,3
3120,sscopa,scaf_329,FALSE,FALSE,1742116,4,1
3121,sscopa,scaf_330,FALSE,FALSE,1723311,2,2
3122,sscopa,scaf_331,FALSE,FALSE,1696396,2,1
3123,sscopa,scaf_332,FALSE,FALSE,1687402,3,2
3124,sscopa,scaf_333,FALSE,FALSE,1657079,4,3
3125,sscopa,scaf_334,FALSE,FALSE,1657041,4,1
3126,sscopa,scaf_335,FALSE,FALSE,1641508,5,4
3127,sscopa,scaf_336,FALSE,FALSE,1628322,4,7
3128,sscopa,scaf_337,FALSE,FALSE,1598613,2,4
3129,sscopa,scaf_338,FALSE,FALSE,1595910,4,5
3130,sscopa,scaf_34,FALSE,FALSE,22718026,2,2
3131,sscopa,scaf_340,FALSE,FALSE,1557520,4,1
3132,sscopa,scaf_341,FALSE,FALSE,1550172,3,0
3133,sscopa,scaf_343,FALSE,FALSE,1470711,7,0
3134,sscopa,scaf_344,FALSE,FALSE,1451900,3,2
3135,sscopa,scaf_345,FALSE,FALSE,1352821,4,3
3136,sscopa,scaf_346,FALSE,FALSE,1344388,0,2
3137,sscopa,scaf_348,FALSE,FALSE,1278551,3,3
3138,sscopa,scaf_35,FALSE,FALSE,22333432,4,2
3139,sscopa,scaf_350,FALSE,FALSE,1239342,2,2
3140,sscopa,scaf_351,FALSE,FALSE,1189818,3,2
3141,sscopa,scaf_352,FALSE,FALSE,1187194,1,3
3142,sscopa,scaf_353,FALSE,FALSE,1134171,5,2
3143,sscopa,scaf_354,FALSE,FALSE,1122712,5,3
3144,sscopa,scaf_355,FALSE,FALSE,1109954,1,0
3145,sscopa,scaf_356,FALSE,FALSE,1102463,6,3
3146,sscopa,scaf_357,FALSE,FALSE,1092092,5,1
3147,sscopa,scaf_358,FALSE,FALSE,1073775,1,3
3148,sscopa,scaf_359,FALSE,FALSE,1057633,5,4
3149,sscopa,scaf_36,FALSE,FALSE,21923047,1,4
3150,sscopa,scaf_360,FALSE,FALSE,1055656,3,2
3151,sscopa,scaf_361,FALSE,FALSE,1043693,3,3
3152,sscopa,scaf_362,FALSE,FALSE,1026201,3,5
3153,sscopa,scaf_363,FALSE,FALSE,1025159,2,4
3154,sscopa,scaf_364,FALSE,FALSE,1019638,1,4
3155,sscopa,scaf_366,FALSE,FALSE,996416,4,1
3156,sscopa,scaf_367,FALSE,FALSE,995567,3,3
3157,sscopa,scaf_39,FALSE,FALSE,21369959,5,3
3158,sscopa,scaf_4,FALSE,FALSE,38634546,6,0
3159,sscopa,scaf_40,FALSE,FALSE,21343718,2,2
3160,sscopa,scaf_42,FALSE,FALSE,20447409,1,1
3161,sscopa,scaf_44,FALSE,FALSE,20144915,9,0
3162,sscopa,scaf_45,FALSE,FALSE,19855945,5,4
3163,sscopa,scaf_47,FALSE,FALSE,19030425,3,5
3164,sscopa,scaf_48,FALSE,FALSE,18704302,3,5
3165,sscopa,scaf_5,FALSE,FALSE,38019020,0,2
3166,sscopa,scaf_50,FALSE,FALSE,18622707,2,2
3167,sscopa,scaf_51,FALSE,FALSE,18414697,3,0
3168,sscopa,scaf_52,FALSE,FALSE,18069245,2,0
3169,sscopa,scaf_53,FALSE,FALSE,17625504,5,4
3170,sscopa,scaf_54,FALSE,FALSE,17509579,1,7
3171,sscopa,scaf_57,FALSE,FALSE,17275334,3,1
3172,sscopa,scaf_59,FALSE,FALSE,16906936,0,2
3173,sscopa,scaf_6,FALSE,FALSE,35366047,6,1
3174,sscopa,scaf_62,FALSE,FALSE,16721525,0,1
3175,sscopa,scaf_65,FALSE,FALSE,16444066,2,1
3176,sscopa,scaf_66,FALSE,FALSE,16346162,1,6
3177,sscopa,scaf_67,FALSE,FALSE,16260954,2,5
3178,sscopa,scaf_69,FALSE,FALSE,15896649,5,0
3179,sscopa,scaf_7,FALSE,TRUE,34372575,3,10
3180,sscopa,scaf_70,FALSE,FALSE,15822316,4,1
3181,sscopa,scaf_71,FALSE,FALSE,15507471,3,2
3182,sscopa,scaf_72,FALSE,FALSE,15320245,2,1
3183,sscopa,scaf_73,FALSE,FALSE,15314523,1,2
3184,sscopa,scaf_74,FALSE,FALSE,15256870,6,2
3185,sscopa,scaf_75,FALSE,FALSE,14905531,0,2
3186,sscopa,scaf_76,FALSE,FALSE,14524411,4,5
3187,sscopa,scaf_77,FALSE,FALSE,14448779,5,2
3188,sscopa,scaf_78,FALSE,TRUE,14371746,1,187
3189,sscopa,scaf_8,FALSE,FALSE,33819032,4,2
3190,sscopa,scaf_81,FALSE,FALSE,13839605,4,2
3191,sscopa,scaf_84,FALSE,FALSE,13015451,3,2
3192,sscopa,scaf_86,FALSE,FALSE,12581240,1,3
3193,sscopa,scaf_89,FALSE,FALSE,12304733,1,3
3194,sscopa,scaf_9,FALSE,FALSE,32955257,2,3
3195,sscopa,scaf_90,FALSE,FALSE,12177422,1,4
3196,sscopa,scaf_92,FALSE,FALSE,12114861,2,2
3197,sscopa,scaf_93,FALSE,FALSE,12063016,2,4
3198,sscopa,scaf_94,FALSE,FALSE,12009003,3,5
3199,sscopa,scaf_95,FALSE,FALSE,12000687,4,6
3200,sscopa,scaf_96,FALSE,FALSE,11804804,4,6
3201,sscopa,scaf_97,FALSE,FALSE,11715457,3,3
3202,svirid,Chr01,TRUE,TRUE,41489964,1409,498
3203,svirid,Chr02,FALSE,TRUE,47715955,2,1403
3204,svirid,Chr03,TRUE,FALSE,50315348,131,2
3205,svirid,Chr04,TRUE,TRUE,40146511,955,923
3206,svirid,Chr05,FALSE,TRUE,46542257,3,767
3207,svirid,Chr06,TRUE,TRUE,36555479,1275,1375
3208,svirid,Chr07,FALSE,TRUE,35493792,1,1030
3209,svirid,Chr08,TRUE,TRUE,41607624,1374,1072
3210,svirid,Chr09,TRUE,FALSE,56506543,261,2
3211,tdacn1,chr1,FALSE,FALSE,281615565,3,0
3212,tdacn1,chr10,TRUE,FALSE,116961271,835,0
3213,tdacn1,chr11,TRUE,FALSE,116404816,572,6
3214,tdacn1,chr12,FALSE,TRUE,113394679,0,666
3215,tdacn1,chr13,TRUE,FALSE,107502432,776,0
3216,tdacn1,chr14,FALSE,TRUE,108356486,0,910
3217,tdacn1,chr15,TRUE,FALSE,99196514,1087,0
3218,tdacn1,chr16,TRUE,FALSE,92582685,539,0
3219,tdacn1,chr17,FALSE,TRUE,86521782,0,243
3220,tdacn1,chr18,TRUE,FALSE,79072717,1364,0
3221,tdacn1,chr2,FALSE,TRUE,240629677,0,1255
3222,tdacn1,chr3,FALSE,FALSE,192524087,0,0
3223,tdacn1,chr4,FALSE,FALSE,187738896,0,4
3224,tdacn1,chr5,FALSE,FALSE,174020045,0,0
3225,tdacn1,chr6,TRUE,FALSE,147862997,52,0
3226,tdacn1,chr7,TRUE,FALSE,141954505,1377,0
3227,tdacn1,chr8,FALSE,TRUE,145343252,0,1176
3228,tdacn1,chr9,FALSE,FALSE,119858384,0,0
3229,tdacn1,scaf_66,FALSE,TRUE,24654366,5,459
3230,tdacn1,scaf_76,FALSE,FALSE,15108592,0,0
3231,tdacn2,chr1,FALSE,FALSE,244665602,0,0
3232,tdacn2,chr10,TRUE,FALSE,120609945,1420,0
3233,tdacn2,chr11,TRUE,FALSE,117541258,1425,0
3234,tdacn2,chr12,FALSE,TRUE,92767353,0,1049
3235,tdacn2,chr13,TRUE,TRUE,110643245,486,357
3236,tdacn2,chr14,FALSE,TRUE,101445970,1,800
3237,tdacn2,chr15,TRUE,TRUE,101369489,1394,1321
3238,tdacn2,chr16,TRUE,FALSE,92247314,10,1
3239,tdacn2,chr17,FALSE,TRUE,85893935,0,1416
3240,tdacn2,chr18,FALSE,FALSE,79195936,0,0
3241,tdacn2,chr2,FALSE,FALSE,237092263,0,0
3242,tdacn2,chr3,FALSE,FALSE,205171368,0,0
3243,tdacn2,chr4,FALSE,FALSE,181172633,0,0
3244,tdacn2,chr5,TRUE,TRUE,162990963,634,276
3245,tdacn2,chr6,FALSE,TRUE,151619435,0,1185
3246,tdacn2,chr7,TRUE,FALSE,138032333,1386,0
3247,tdacn2,chr8,FALSE,TRUE,145626435,0,221
3248,tdacn2,chr9,FALSE,FALSE,139284027,0,0
3249,tdacs1,chr1,FALSE,FALSE,274830655,0,0
3250,tdacs1,chr10,FALSE,FALSE,120589626,1,0
3251,tdacs1,chr11,FALSE,FALSE,119166894,4,0
3252,tdacs1,chr12,FALSE,FALSE,110505784,1,4
3253,tdacs1,chr13,FALSE,FALSE,107689641,3,5
3254,tdacs1,chr14,FALSE,FALSE,103922234,0,4
3255,tdacs1,chr15,TRUE,FALSE,99826684,12,0
3256,tdacs1,chr16,FALSE,FALSE,97159109,3,0
3257,tdacs1,chr17,FALSE,FALSE,83879775,0,3
3258,tdacs1,chr18,FALSE,FALSE,74345949,1,2
3259,tdacs1,chr2,FALSE,FALSE,229128910,2,0
3260,tdacs1,chr3,FALSE,FALSE,179943459,0,4
3261,tdacs1,chr4,FALSE,FALSE,176900500,3,3
3262,tdacs1,chr5,FALSE,FALSE,156931990,0,3
3263,tdacs1,chr6,FALSE,FALSE,147617370,2,0
3264,tdacs1,chr7,FALSE,FALSE,141981561,4,0
3265,tdacs1,chr8,FALSE,FALSE,141375430,0,3
3266,tdacs1,chr9,FALSE,FALSE,121026982,0,0
3267,tdacs1,scaf_B20,FALSE,FALSE,10764209,6,0
3268,tdacs1,scaf_B21,FALSE,FALSE,7789944,4,0
3269,tdacs1,scaf_B22,FALSE,FALSE,5721968,0,2
3270,tdacs1,scaf_B23,FALSE,FALSE,5074338,2,3
3271,tdacs1,scaf_B24,FALSE,FALSE,4449903,0,4
3272,tdacs1,scaf_B25,FALSE,FALSE,4421351,0,0
3273,tdacs1,scaf_B26,FALSE,FALSE,4119085,0,0
3274,tdacs1,scaf_B27,FALSE,FALSE,3999107,0,3
3275,tdacs1,scaf_B28,FALSE,FALSE,3602016,0,4
3276,tdacs1,scaf_B29,FALSE,FALSE,3257848,0,0
3277,tdacs1,scaf_B30,FALSE,FALSE,2409828,0,0
3278,tdacs1,scaf_B31,FALSE,FALSE,2363739,0,0
3279,tdacs1,scaf_B32,FALSE,FALSE,2361445,0,0
3280,tdacs1,scaf_B33,FALSE,FALSE,2270273,0,0
3281,tdacs1,scaf_B34,FALSE,FALSE,2268127,0,5
3282,tdacs1,scaf_B35,FALSE,FALSE,1923696,0,0
3283,tdacs1,scaf_B36,FALSE,FALSE,1744161,0,0
3284,tdacs1,scaf_B37,FALSE,FALSE,1565249,0,0
3285,tdacs1,scaf_B38,FALSE,FALSE,1524179,0,0
3286,tdacs1,scaf_B40,FALSE,FALSE,1465352,0,0
3287,tdacs1,scaf_B41,FALSE,FALSE,1412015,2,0
3288,tdacs1,scaf_B42,FALSE,FALSE,1336621,0,2
3289,tdacs1,scaf_B43,FALSE,FALSE,1262172,2,1
3290,tdacs1,scaf_B44,FALSE,FALSE,1239472,1,0
3291,tdacs1,scaf_B45,FALSE,FALSE,1220319,1,0
3292,tdacs1,scaf_B46,FALSE,FALSE,1179535,0,0
3293,tdacs1,scaf_B47,FALSE,FALSE,1167000,2,0
3294,tdacs1,scaf_B48,FALSE,FALSE,1043256,0,0
3295,tdacs1,scaf_B49,FALSE,FALSE,1019859,0,0
3296,tdacs2,chr1,FALSE,FALSE,265387190,1,0
3297,tdacs2,chr10,FALSE,FALSE,120247545,1,1
3298,tdacs2,chr11,FALSE,FALSE,117600583,5,0
3299,tdacs2,chr12,FALSE,FALSE,112464912,0,2
3300,tdacs2,chr13,FALSE,FALSE,103854619,4,5
3301,tdacs2,chr14,FALSE,FALSE,101518312,0,1
3302,tdacs2,chr15,FALSE,FALSE,100852770,3,0
3303,tdacs2,chr16,FALSE,FALSE,93947507,2,0
3304,tdacs2,chr17,FALSE,FALSE,82484000,0,1
3305,tdacs2,chr18,FALSE,FALSE,71238140,0,3
3306,tdacs2,chr2,FALSE,FALSE,231981102,0,0
3307,tdacs2,chr3,FALSE,FALSE,181050843,0,1
3308,tdacs2,chr4,FALSE,FALSE,175293500,3,4
3309,tdacs2,chr5,FALSE,FALSE,157970252,0,0
3310,tdacs2,chr6,FALSE,FALSE,150184519,7,0
3311,tdacs2,chr7,FALSE,FALSE,140002285,6,0
3312,tdacs2,chr8,FALSE,TRUE,135366729,8,83
3313,tdacs2,chr9,FALSE,FALSE,124890496,0,0
3314,tdacs2,scaf_20,FALSE,FALSE,12279063,0,2
3315,tdacs2,scaf_21,FALSE,FALSE,11385399,0,0
3316,tdacs2,scaf_22,FALSE,FALSE,8956969,4,0
3317,tdacs2,scaf_23,FALSE,FALSE,6506893,0,0
3318,tdacs2,scaf_24,FALSE,FALSE,6378279,4,0
3319,tdacs2,scaf_25,FALSE,TRUE,6136951,0,679
3320,tdacs2,scaf_26,FALSE,FALSE,5629431,0,1
3321,tdacs2,scaf_27,FALSE,FALSE,5299809,0,4
3322,tdacs2,scaf_28,FALSE,FALSE,4479741,2,0
3323,tdacs2,scaf_29,TRUE,FALSE,3985165,729,0
3324,tdacs2,scaf_30,TRUE,FALSE,3939647,10,0
3325,tdacs2,scaf_32,FALSE,FALSE,2385457,0,1
3326,tdacs2,scaf_34,FALSE,FALSE,2051046,1,0
3327,tdacs2,scaf_35,FALSE,FALSE,1707268,0,1
3328,tdacs2,scaf_36,FALSE,FALSE,1646396,0,1
3329,tdacs2,scaf_37,FALSE,FALSE,1599373,3,0
3330,tdacs2,scaf_38,FALSE,FALSE,1592800,0,0
3331,tdacs2,scaf_39,FALSE,FALSE,1505263,0,0
3332,tdacs2,scaf_40,FALSE,FALSE,1362180,4,3
3333,tdacs2,scaf_41,FALSE,FALSE,1326996,0,0
3334,tdacs2,scaf_42,FALSE,FALSE,1027449,0,0
3335,tdactm,alt-scaf_100,FALSE,FALSE,18047835,3,2
3336,tdactm,alt-scaf_102,TRUE,FALSE,17618698,32,4
3337,tdactm,alt-scaf_103,FALSE,TRUE,17288025,6,962
3338,tdactm,alt-scaf_104,TRUE,FALSE,16961383,315,3
3339,tdactm,alt-scaf_110,FALSE,FALSE,14947113,5,0
3340,tdactm,alt-scaf_115,FALSE,FALSE,13532486,4,3
3341,tdactm,alt-scaf_146,FALSE,FALSE,9519997,0,2
3342,tdactm,alt-scaf_161,FALSE,FALSE,7918773,4,2
3343,tdactm,alt-scaf_171,FALSE,FALSE,7325936,0,2
3344,tdactm,alt-scaf_221,FALSE,FALSE,4817266,3,3
3345,tdactm,alt-scaf_277,FALSE,FALSE,3494790,0,0
3346,tdactm,alt-scaf_59,FALSE,FALSE,39239067,3,2
3347,tdactm,alt-scaf_62,FALSE,FALSE,36556046,7,5
3348,tdactm,alt-scaf_72,FALSE,FALSE,25624643,0,2
3349,tdactm,alt-scaf_79,FALSE,FALSE,23394657,6,7
3350,tdactm,alt-scaf_80,FALSE,FALSE,23301173,5,2
3351,tdactm,alt-scaf_83,FALSE,FALSE,22933879,5,0
3352,tdactm,alt-scaf_87,FALSE,FALSE,22371542,5,4
3353,tdactm,alt-scaf_9,FALSE,FALSE,88706030,1,2
3354,tdactm,alt-scaf_99,FALSE,FALSE,18719236,3,0
3355,tdactm,scaf_1,FALSE,FALSE,157335102,0,2
3356,tdactm,scaf_10,FALSE,FALSE,86461689,4,0
3357,tdactm,scaf_101,TRUE,FALSE,17747553,394,5
3358,tdactm,scaf_105,FALSE,FALSE,16902871,4,2
3359,tdactm,scaf_106,FALSE,FALSE,16559263,1,3
3360,tdactm,scaf_107,FALSE,FALSE,16296656,5,3
3361,tdactm,scaf_108,FALSE,FALSE,15721690,0,0
3362,tdactm,scaf_109,FALSE,FALSE,15206887,2,1
3363,tdactm,scaf_11,TRUE,FALSE,82621854,310,3
3364,tdactm,scaf_111,FALSE,FALSE,14249543,3,5
3365,tdactm,scaf_112,FALSE,FALSE,14029643,2,4
3366,tdactm,scaf_113,TRUE,FALSE,13855466,13,7
3367,tdactm,scaf_114,FALSE,FALSE,13716548,2,2
3368,tdactm,scaf_116,FALSE,FALSE,13141402,0,3
3369,tdactm,scaf_117,FALSE,FALSE,13014750,6,2
3370,tdactm,scaf_118,FALSE,FALSE,12899963,5,6
3371,tdactm,scaf_119,FALSE,FALSE,12520320,6,1
3372,tdactm,scaf_12,FALSE,FALSE,81910399,0,0
3373,tdactm,scaf_120,FALSE,FALSE,12053760,6,2
3374,tdactm,scaf_121,FALSE,FALSE,11876220,8,1
3375,tdactm,scaf_122,FALSE,FALSE,11747813,6,2
3376,tdactm,scaf_123,FALSE,FALSE,11630840,2,8
3377,tdactm,scaf_124,FALSE,FALSE,11559108,3,0
3378,tdactm,scaf_125,FALSE,FALSE,11311088,3,2
3379,tdactm,scaf_126,FALSE,TRUE,11263462,6,41
3380,tdactm,scaf_127,FALSE,FALSE,11201060,0,0
3381,tdactm,scaf_128,TRUE,FALSE,11006641,351,2
3382,tdactm,scaf_129,FALSE,TRUE,11003273,5,35
3383,tdactm,scaf_13,FALSE,FALSE,78301234,1,0
3384,tdactm,scaf_130,FALSE,FALSE,10992858,5,4
3385,tdactm,scaf_131,FALSE,FALSE,10878454,4,5
3386,tdactm,scaf_132,FALSE,FALSE,10853280,4,7
3387,tdactm,scaf_133,FALSE,FALSE,10802393,0,0
3388,tdactm,scaf_134,FALSE,FALSE,10746104,7,4
3389,tdactm,scaf_135,FALSE,FALSE,10670525,6,3
3390,tdactm,scaf_136,FALSE,FALSE,10521017,4,2
3391,tdactm,scaf_137,FALSE,FALSE,10395473,3,4
3392,tdactm,scaf_138,FALSE,TRUE,10168371,5,10
3393,tdactm,scaf_139,FALSE,FALSE,10024881,1,0
3394,tdactm,scaf_14,FALSE,FALSE,77454674,0,3
3395,tdactm,scaf_140,FALSE,FALSE,9974757,1,0
3396,tdactm,scaf_141,FALSE,FALSE,9889478,3,6
3397,tdactm,scaf_142,FALSE,FALSE,9811207,4,4
3398,tdactm,scaf_143,FALSE,FALSE,9772259,3,2
3399,tdactm,scaf_144,FALSE,FALSE,9682393,5,1
3400,tdactm,scaf_145,FALSE,FALSE,9671225,2,6
3401,tdactm,scaf_147,FALSE,FALSE,9503892,3,4
3402,tdactm,scaf_148,FALSE,FALSE,9394064,2,3
3403,tdactm,scaf_149,FALSE,FALSE,8886751,1,0
3404,tdactm,scaf_15,FALSE,FALSE,77180337,5,0
3405,tdactm,scaf_150,FALSE,FALSE,8868506,0,0
3406,tdactm,scaf_151,FALSE,FALSE,8649422,3,0
3407,tdactm,scaf_152,FALSE,FALSE,8609352,0,0
3408,tdactm,scaf_153,FALSE,FALSE,8591533,0,0
3409,tdactm,scaf_154,FALSE,TRUE,8587262,0,1133
3410,tdactm,scaf_155,FALSE,FALSE,8126314,0,0
3411,tdactm,scaf_156,FALSE,FALSE,8090623,0,0
3412,tdactm,scaf_157,FALSE,FALSE,8064420,0,0
3413,tdactm,scaf_158,FALSE,FALSE,8062687,5,3
3414,tdactm,scaf_159,FALSE,FALSE,8056492,1,0
3415,tdactm,scaf_16,FALSE,FALSE,76599026,3,4
3416,tdactm,scaf_160,FALSE,FALSE,7918957,8,7
3417,tdactm,scaf_162,FALSE,FALSE,7857539,9,5
3418,tdactm,scaf_163,FALSE,FALSE,7850823,1,0
3419,tdactm,scaf_164,FALSE,FALSE,7779646,0,0
3420,tdactm,scaf_165,FALSE,FALSE,7746815,0,0
3421,tdactm,scaf_166,FALSE,FALSE,7712620,0,0
3422,tdactm,scaf_167,FALSE,FALSE,7698550,0,0
3423,tdactm,scaf_168,FALSE,FALSE,7515334,1,4
3424,tdactm,scaf_169,FALSE,FALSE,7464280,3,0
3425,tdactm,scaf_17,FALSE,FALSE,76493449,0,0
3426,tdactm,scaf_170,FALSE,FALSE,7441210,2,0
3427,tdactm,scaf_172,FALSE,FALSE,6911913,0,0
3428,tdactm,scaf_173,FALSE,FALSE,6883878,0,0
3429,tdactm,scaf_174,FALSE,FALSE,6831648,3,0
3430,tdactm,scaf_175,FALSE,FALSE,6768186,3,0
3431,tdactm,scaf_176,FALSE,FALSE,6735524,0,0
3432,tdactm,scaf_177,FALSE,FALSE,6714517,3,3
3433,tdactm,scaf_178,FALSE,FALSE,6605393,1,2
3434,tdactm,scaf_179,FALSE,FALSE,6590444,0,0
3435,tdactm,scaf_18,FALSE,FALSE,76462675,2,0
3436,tdactm,scaf_180,FALSE,FALSE,6511256,0,0
3437,tdactm,scaf_181,FALSE,FALSE,6459109,4,7
3438,tdactm,scaf_182,FALSE,FALSE,6447696,0,0
3439,tdactm,scaf_183,FALSE,FALSE,6431254,6,5
3440,tdactm,scaf_184,FALSE,TRUE,6378364,5,609
3441,tdactm,scaf_185,FALSE,FALSE,6345618,6,1
3442,tdactm,scaf_186,FALSE,FALSE,6244879,0,0
3443,tdactm,scaf_187,FALSE,FALSE,6078435,0,0
3444,tdactm,scaf_188,FALSE,FALSE,6030956,1,0
3445,tdactm,scaf_189,FALSE,TRUE,6017101,0,785
3446,tdactm,scaf_19,FALSE,FALSE,75529950,6,3
3447,tdactm,scaf_190,FALSE,FALSE,5963566,0,0
3448,tdactm,scaf_191,FALSE,FALSE,5963361,4,3
3449,tdactm,scaf_192,FALSE,FALSE,5943989,0,1
3450,tdactm,scaf_193,FALSE,FALSE,5832672,0,0
3451,tdactm,scaf_194,FALSE,FALSE,5788810,0,0
3452,tdactm,scaf_195,FALSE,FALSE,5776199,0,0
3453,tdactm,scaf_196,FALSE,FALSE,5751920,1,2
3454,tdactm,scaf_197,FALSE,FALSE,5724709,0,0
3455,tdactm,scaf_198,FALSE,FALSE,5701218,1,0
3456,tdactm,scaf_199,FALSE,FALSE,5663647,3,3
3457,tdactm,scaf_2,FALSE,FALSE,141704743,0,1
3458,tdactm,scaf_20,FALSE,FALSE,72988392,3,0
3459,tdactm,scaf_200,FALSE,FALSE,5624191,0,0
3460,tdactm,scaf_201,FALSE,FALSE,5598012,0,0
3461,tdactm,scaf_202,FALSE,FALSE,5566019,5,6
3462,tdactm,scaf_203,FALSE,FALSE,5506578,0,0
3463,tdactm,scaf_204,TRUE,FALSE,5387137,877,0
3464,tdactm,scaf_205,FALSE,FALSE,5284615,0,0
3465,tdactm,scaf_206,FALSE,FALSE,5258737,0,0
3466,tdactm,scaf_207,FALSE,FALSE,5233865,0,0
3467,tdactm,scaf_208,FALSE,FALSE,5228897,0,0
3468,tdactm,scaf_209,FALSE,FALSE,5183733,0,0
3469,tdactm,scaf_21,TRUE,FALSE,71413603,1339,4
3470,tdactm,scaf_210,FALSE,FALSE,5135090,0,0
3471,tdactm,scaf_211,FALSE,FALSE,5113184,4,6
3472,tdactm,scaf_212,FALSE,FALSE,5061327,1,0
3473,tdactm,scaf_213,FALSE,FALSE,5029009,7,6
3474,tdactm,scaf_214,TRUE,FALSE,4966538,194,0
3475,tdactm,scaf_215,FALSE,FALSE,4962919,0,2
3476,tdactm,scaf_216,FALSE,FALSE,4960991,3,1
3477,tdactm,scaf_217,FALSE,FALSE,4956496,1,0
3478,tdactm,scaf_218,FALSE,FALSE,4921249,0,0
3479,tdactm,scaf_219,FALSE,FALSE,4872696,0,1
3480,tdactm,scaf_22,FALSE,FALSE,69971372,1,3
3481,tdactm,scaf_220,FALSE,FALSE,4822932,0,0
3482,tdactm,scaf_222,FALSE,FALSE,4770941,0,0
3483,tdactm,scaf_223,FALSE,FALSE,4761502,0,0
3484,tdactm,scaf_224,FALSE,FALSE,4622934,0,2
3485,tdactm,scaf_225,FALSE,FALSE,4620431,0,0
3486,tdactm,scaf_226,FALSE,FALSE,4594985,0,0
3487,tdactm,scaf_227,FALSE,FALSE,4593078,0,0
3488,tdactm,scaf_228,FALSE,FALSE,4425414,0,0
3489,tdactm,scaf_229,FALSE,FALSE,4386261,0,0
3490,tdactm,scaf_23,FALSE,FALSE,68621962,6,8
3491,tdactm,scaf_230,FALSE,FALSE,4345156,5,3
3492,tdactm,scaf_231,FALSE,FALSE,4331868,0,2
3493,tdactm,scaf_232,FALSE,FALSE,4298117,0,0
3494,tdactm,scaf_233,FALSE,FALSE,4292035,1,2
3495,tdactm,scaf_234,FALSE,FALSE,4288321,2,0
3496,tdactm,scaf_235,FALSE,FALSE,4284655,0,0
3497,tdactm,scaf_236,FALSE,FALSE,4241171,0,0
3498,tdactm,scaf_237,FALSE,FALSE,4238314,0,0
3499,tdactm,scaf_238,FALSE,FALSE,4205045,0,0
3500,tdactm,scaf_239,FALSE,FALSE,4204179,0,0
3501,tdactm,scaf_24,FALSE,FALSE,67302774,5,5
3502,tdactm,scaf_240,FALSE,FALSE,4198117,0,4
3503,tdactm,scaf_241,TRUE,FALSE,4130500,51,0
3504,tdactm,scaf_242,FALSE,FALSE,4130015,0,0
3505,tdactm,scaf_243,FALSE,FALSE,4111837,2,0
3506,tdactm,scaf_244,FALSE,FALSE,4107256,1,0
3507,tdactm,scaf_245,FALSE,FALSE,4101550,0,0
3508,tdactm,scaf_246,FALSE,FALSE,3950365,0,0
3509,tdactm,scaf_247,FALSE,FALSE,3923419,5,6
3510,tdactm,scaf_248,FALSE,FALSE,3912026,4,3
3511,tdactm,scaf_249,FALSE,FALSE,3908208,0,0
3512,tdactm,scaf_25,FALSE,FALSE,66201046,8,2
3513,tdactm,scaf_250,FALSE,FALSE,3860781,0,0
3514,tdactm,scaf_251,FALSE,FALSE,3858607,0,3
3515,tdactm,scaf_252,FALSE,FALSE,3853986,0,0
3516,tdactm,scaf_253,TRUE,FALSE,3853104,16,4
3517,tdactm,scaf_254,TRUE,FALSE,3844266,409,2
3518,tdactm,scaf_255,FALSE,FALSE,3807359,0,0
3519,tdactm,scaf_256,FALSE,FALSE,3802961,0,0
3520,tdactm,scaf_257,FALSE,TRUE,3786641,0,444
3521,tdactm,scaf_258,FALSE,FALSE,3726550,0,0
3522,tdactm,scaf_259,FALSE,FALSE,3715628,0,2
3523,tdactm,scaf_26,FALSE,FALSE,65830832,3,0
3524,tdactm,scaf_260,FALSE,FALSE,3706654,0,0
3525,tdactm,scaf_261,FALSE,FALSE,3676427,1,0
3526,tdactm,scaf_262,FALSE,FALSE,3656401,0,0
3527,tdactm,scaf_263,FALSE,FALSE,3648289,7,0
3528,tdactm,scaf_264,FALSE,FALSE,3640461,5,0
3529,tdactm,scaf_265,FALSE,FALSE,3630718,0,0
3530,tdactm,scaf_266,FALSE,FALSE,3611758,2,1
3531,tdactm,scaf_267,FALSE,FALSE,3595345,0,0
3532,tdactm,scaf_268,FALSE,FALSE,3592814,2,4
3533,tdactm,scaf_269,FALSE,FALSE,3591079,0,0
3534,tdactm,scaf_27,FALSE,FALSE,65625013,3,0
3535,tdactm,scaf_270,FALSE,FALSE,3564436,0,0
3536,tdactm,scaf_271,FALSE,FALSE,3551249,3,4
3537,tdactm,scaf_272,FALSE,FALSE,3544240,3,6
3538,tdactm,scaf_273,FALSE,FALSE,3542206,1,1
3539,tdactm,scaf_274,FALSE,FALSE,3531593,1,0
3540,tdactm,scaf_275,FALSE,FALSE,3517483,0,0
3541,tdactm,scaf_276,FALSE,FALSE,3514084,3,5
3542,tdactm,scaf_278,FALSE,FALSE,3443916,0,0
3543,tdactm,scaf_279,FALSE,FALSE,3410526,0,0
3544,tdactm,scaf_28,FALSE,FALSE,64330766,0,1
3545,tdactm,scaf_280,FALSE,FALSE,3326403,1,1
3546,tdactm,scaf_281,FALSE,FALSE,3321907,0,0
3547,tdactm,scaf_282,FALSE,FALSE,3308248,0,0
3548,tdactm,scaf_283,FALSE,FALSE,3294162,1,0
3549,tdactm,scaf_284,FALSE,FALSE,3285392,0,0
3550,tdactm,scaf_285,FALSE,FALSE,3254328,3,0
3551,tdactm,scaf_286,FALSE,FALSE,3214903,0,0
3552,tdactm,scaf_287,FALSE,FALSE,3206264,4,2
3553,tdactm,scaf_288,FALSE,FALSE,3184809,0,0
3554,tdactm,scaf_289,FALSE,FALSE,3171375,0,0
3555,tdactm,scaf_29,FALSE,FALSE,64181731,4,0
3556,tdactm,scaf_290,FALSE,FALSE,3164823,0,0
3557,tdactm,scaf_291,FALSE,FALSE,3130973,0,0
3558,tdactm,scaf_292,FALSE,FALSE,3122625,5,7
3559,tdactm,scaf_293,FALSE,FALSE,3092154,5,0
3560,tdactm,scaf_294,FALSE,TRUE,3066192,6,1265
3561,tdactm,scaf_295,FALSE,FALSE,3038459,6,0
3562,tdactm,scaf_296,FALSE,FALSE,3017325,0,1
3563,tdactm,scaf_297,FALSE,FALSE,3007805,1,3
3564,tdactm,scaf_298,FALSE,TRUE,2990500,6,312
3565,tdactm,scaf_299,FALSE,FALSE,2989990,0,0
3566,tdactm,scaf_3,FALSE,FALSE,102916432,6,3
3567,tdactm,scaf_30,FALSE,FALSE,64105357,4,3
3568,tdactm,scaf_300,FALSE,FALSE,2983082,0,0
3569,tdactm,scaf_301,FALSE,FALSE,2971687,0,0
3570,tdactm,scaf_302,FALSE,FALSE,2945905,0,0
3571,tdactm,scaf_303,FALSE,FALSE,2928870,1,0
3572,tdactm,scaf_304,FALSE,FALSE,2895202,0,0
3573,tdactm,scaf_305,FALSE,FALSE,2867651,0,0
3574,tdactm,scaf_306,FALSE,FALSE,2862080,1,0
3575,tdactm,scaf_307,FALSE,FALSE,2843186,5,0
3576,tdactm,scaf_308,FALSE,FALSE,2821693,0,0
3577,tdactm,scaf_309,FALSE,FALSE,2820219,0,0
3578,tdactm,scaf_31,FALSE,FALSE,62469807,0,0
3579,tdactm,scaf_310,FALSE,FALSE,2815432,0,4
3580,tdactm,scaf_311,FALSE,FALSE,2815403,3,0
3581,tdactm,scaf_312,FALSE,FALSE,2798139,0,0
3582,tdactm,scaf_313,FALSE,FALSE,2762702,5,1
3583,tdactm,scaf_314,FALSE,FALSE,2754492,3,2
3584,tdactm,scaf_315,FALSE,FALSE,2746833,0,0
3585,tdactm,scaf_316,FALSE,FALSE,2712821,0,0
3586,tdactm,scaf_317,FALSE,FALSE,2698488,1,0
3587,tdactm,scaf_318,FALSE,FALSE,2697780,0,0
3588,tdactm,scaf_319,FALSE,FALSE,2675943,0,2
3589,tdactm,scaf_32,FALSE,FALSE,62021404,2,3
3590,tdactm,scaf_320,FALSE,FALSE,2675252,0,0
3591,tdactm,scaf_321,FALSE,FALSE,2670722,8,0
3592,tdactm,scaf_322,FALSE,FALSE,2668884,0,0
3593,tdactm,scaf_323,FALSE,FALSE,2637600,0,0
3594,tdactm,scaf_324,FALSE,FALSE,2597469,0,0
3595,tdactm,scaf_325,FALSE,FALSE,2596133,3,3
3596,tdactm,scaf_326,FALSE,FALSE,2590142,0,0
3597,tdactm,scaf_327,FALSE,FALSE,2589626,0,0
3598,tdactm,scaf_328,FALSE,FALSE,2586130,0,0
3599,tdactm,scaf_329,FALSE,FALSE,2542545,0,0
3600,tdactm,scaf_33,FALSE,FALSE,61732208,0,2
3601,tdactm,scaf_330,FALSE,FALSE,2539211,0,0
3602,tdactm,scaf_331,FALSE,FALSE,2522504,0,0
3603,tdactm,scaf_332,FALSE,FALSE,2501681,1,0
3604,tdactm,scaf_333,FALSE,FALSE,2498374,0,0
3605,tdactm,scaf_334,FALSE,FALSE,2496593,0,1
3606,tdactm,scaf_335,FALSE,FALSE,2489913,0,1
3607,tdactm,scaf_336,FALSE,FALSE,2489312,0,0
3608,tdactm,scaf_337,FALSE,FALSE,2484416,0,0
3609,tdactm,scaf_338,FALSE,FALSE,2480232,0,0
3610,tdactm,scaf_339,FALSE,FALSE,2469107,0,0
3611,tdactm,scaf_34,FALSE,FALSE,59685223,7,0
3612,tdactm,scaf_340,FALSE,FALSE,2466600,3,4
3613,tdactm,scaf_341,TRUE,FALSE,2446052,377,0
3614,tdactm,scaf_342,FALSE,FALSE,2433837,0,0
3615,tdactm,scaf_343,FALSE,FALSE,2432062,2,0
3616,tdactm,scaf_344,FALSE,FALSE,2428389,0,1
3617,tdactm,scaf_345,FALSE,FALSE,2427730,0,0
3618,tdactm,scaf_346,FALSE,FALSE,2417864,2,3
3619,tdactm,scaf_347,FALSE,FALSE,2398854,0,0
3620,tdactm,scaf_348,FALSE,FALSE,2390110,5,4
3621,tdactm,scaf_349,FALSE,FALSE,2370358,0,0
3622,tdactm,scaf_35,FALSE,FALSE,59348567,5,5
3623,tdactm,scaf_350,FALSE,FALSE,2364734,0,0
3624,tdactm,scaf_351,FALSE,FALSE,2356926,3,4
3625,tdactm,scaf_352,FALSE,FALSE,2336986,0,0
3626,tdactm,scaf_353,FALSE,FALSE,2319528,0,0
3627,tdactm,scaf_354,FALSE,FALSE,2299068,0,0
3628,tdactm,scaf_355,FALSE,FALSE,2295828,0,0
3629,tdactm,scaf_356,FALSE,FALSE,2249236,0,0
3630,tdactm,scaf_357,FALSE,FALSE,2242768,0,1
3631,tdactm,scaf_358,FALSE,FALSE,2238447,0,0
3632,tdactm,scaf_359,FALSE,FALSE,2230975,3,0
3633,tdactm,scaf_36,FALSE,FALSE,57961920,1,0
3634,tdactm,scaf_360,FALSE,FALSE,2230670,6,5
3635,tdactm,scaf_361,TRUE,FALSE,2215735,141,0
3636,tdactm,scaf_362,FALSE,FALSE,2213614,3,0
3637,tdactm,scaf_363,FALSE,FALSE,2168649,0,0
3638,tdactm,scaf_364,FALSE,FALSE,2153939,0,0
3639,tdactm,scaf_365,FALSE,FALSE,2142014,2,0
3640,tdactm,scaf_366,FALSE,FALSE,2131904,0,0
3641,tdactm,scaf_367,FALSE,FALSE,2128196,3,0
3642,tdactm,scaf_368,FALSE,FALSE,2126620,0,0
3643,tdactm,scaf_369,FALSE,FALSE,2110785,0,0
3644,tdactm,scaf_37,FALSE,FALSE,57137777,1,2
3645,tdactm,scaf_370,FALSE,FALSE,2093099,1,4
3646,tdactm,scaf_371,FALSE,FALSE,2092497,0,0
3647,tdactm,scaf_372,FALSE,FALSE,2089805,0,0
3648,tdactm,scaf_373,FALSE,FALSE,2066578,4,3
3649,tdactm,scaf_374,FALSE,FALSE,2059188,0,0
3650,tdactm,scaf_375,FALSE,FALSE,2054602,0,0
3651,tdactm,scaf_376,FALSE,FALSE,2042435,0,0
3652,tdactm,scaf_377,FALSE,FALSE,2041031,0,0
3653,tdactm,scaf_378,FALSE,FALSE,2040546,0,0
3654,tdactm,scaf_379,FALSE,FALSE,2037568,0,0
3655,tdactm,scaf_38,FALSE,FALSE,55672651,0,1
3656,tdactm,scaf_380,FALSE,FALSE,2030576,0,0
3657,tdactm,scaf_381,FALSE,FALSE,2018335,0,4
3658,tdactm,scaf_382,FALSE,FALSE,1998186,2,7
3659,tdactm,scaf_383,FALSE,FALSE,1995340,0,0
3660,tdactm,scaf_384,FALSE,FALSE,1993738,1,0
3661,tdactm,scaf_385,FALSE,FALSE,1984878,0,0
3662,tdactm,scaf_386,TRUE,FALSE,1984517,10,3
3663,tdactm,scaf_387,FALSE,FALSE,1964766,0,0
3664,tdactm,scaf_388,FALSE,FALSE,1957027,0,0
3665,tdactm,scaf_389,FALSE,FALSE,1938280,0,0
3666,tdactm,scaf_39,FALSE,FALSE,55311256,4,3
3667,tdactm,scaf_390,TRUE,FALSE,1917458,1227,0
3668,tdactm,scaf_391,FALSE,FALSE,1913019,0,0
3669,tdactm,scaf_392,FALSE,FALSE,1906701,0,2
3670,tdactm,scaf_393,FALSE,FALSE,1899708,5,3
3671,tdactm,scaf_394,FALSE,FALSE,1897949,5,5
3672,tdactm,scaf_395,FALSE,FALSE,1896372,5,5
3673,tdactm,scaf_396,FALSE,FALSE,1888262,0,0
3674,tdactm,scaf_397,FALSE,FALSE,1880425,0,0
3675,tdactm,scaf_398,TRUE,FALSE,1871396,938,1
3676,tdactm,scaf_399,FALSE,FALSE,1864900,0,0
3677,tdactm,scaf_4,FALSE,FALSE,101885031,0,3
3678,tdactm,scaf_40,FALSE,FALSE,55210640,0,4
3679,tdactm,scaf_400,FALSE,FALSE,1864389,0,0
3680,tdactm,scaf_401,FALSE,FALSE,1856109,0,0
3681,tdactm,scaf_402,FALSE,FALSE,1855724,0,0
3682,tdactm,scaf_403,FALSE,FALSE,1851514,3,2
3683,tdactm,scaf_404,FALSE,FALSE,1847978,4,5
3684,tdactm,scaf_405,FALSE,FALSE,1842734,1,0
3685,tdactm,scaf_406,FALSE,FALSE,1838509,0,2
3686,tdactm,scaf_407,FALSE,FALSE,1833306,1,5
3687,tdactm,scaf_408,FALSE,FALSE,1829113,3,3
3688,tdactm,scaf_409,FALSE,FALSE,1828863,0,0
3689,tdactm,scaf_41,FALSE,FALSE,55100903,2,1
3690,tdactm,scaf_410,FALSE,FALSE,1823806,4,4
3691,tdactm,scaf_411,FALSE,FALSE,1821358,0,0
3692,tdactm,scaf_412,FALSE,FALSE,1806859,0,0
3693,tdactm,scaf_413,FALSE,FALSE,1806720,0,0
3694,tdactm,scaf_414,FALSE,FALSE,1805243,0,0
3695,tdactm,scaf_415,FALSE,FALSE,1798870,0,0
3696,tdactm,scaf_416,FALSE,FALSE,1779952,0,0
3697,tdactm,scaf_417,FALSE,FALSE,1775001,0,0
3698,tdactm,scaf_418,FALSE,FALSE,1774133,0,4
3699,tdactm,scaf_419,TRUE,FALSE,1753885,528,0
3700,tdactm,scaf_42,FALSE,TRUE,54894655,5,1156
3701,tdactm,scaf_420,FALSE,FALSE,1744429,0,0
3702,tdactm,scaf_421,TRUE,TRUE,1732498,1296,442
3703,tdactm,scaf_422,TRUE,FALSE,1731122,841,0
3704,tdactm,scaf_423,FALSE,FALSE,1729101,8,3
3705,tdactm,scaf_424,FALSE,FALSE,1725834,0,0
3706,tdactm,scaf_425,FALSE,FALSE,1716979,0,0
3707,tdactm,scaf_426,FALSE,FALSE,1709829,0,0
3708,tdactm,scaf_427,FALSE,FALSE,1706613,0,0
3709,tdactm,scaf_428,FALSE,FALSE,1699516,0,0
3710,tdactm,scaf_429,FALSE,FALSE,1693685,1,0
3711,tdactm,scaf_43,FALSE,FALSE,54619232,3,0
3712,tdactm,scaf_430,TRUE,FALSE,1691366,1001,0
3713,tdactm,scaf_431,FALSE,FALSE,1690788,0,0
3714,tdactm,scaf_432,FALSE,FALSE,1690168,0,0
3715,tdactm,scaf_433,FALSE,TRUE,1653118,0,411
3716,tdactm,scaf_434,FALSE,FALSE,1652882,0,0
3717,tdactm,scaf_435,FALSE,FALSE,1649537,0,0
3718,tdactm,scaf_436,FALSE,FALSE,1639756,0,0
3719,tdactm,scaf_437,FALSE,FALSE,1638582,0,0
3720,tdactm,scaf_438,FALSE,FALSE,1633557,0,0
3721,tdactm,scaf_439,FALSE,FALSE,1622605,0,0
3722,tdactm,scaf_44,FALSE,FALSE,54618042,3,7
3723,tdactm,scaf_440,FALSE,FALSE,1614575,0,0
3724,tdactm,scaf_441,FALSE,FALSE,1607357,0,0
3725,tdactm,scaf_442,FALSE,FALSE,1603754,0,0
3726,tdactm,scaf_443,FALSE,FALSE,1592646,1,0
3727,tdactm,scaf_444,FALSE,FALSE,1588249,0,0
3728,tdactm,scaf_445,FALSE,FALSE,1587492,4,6
3729,tdactm,scaf_446,FALSE,FALSE,1572666,3,1
3730,tdactm,scaf_447,FALSE,FALSE,1570704,0,0
3731,tdactm,scaf_448,FALSE,FALSE,1561605,0,0
3732,tdactm,scaf_449,FALSE,TRUE,1560500,1,198
3733,tdactm,scaf_45,FALSE,FALSE,52421974,5,7
3734,tdactm,scaf_450,FALSE,FALSE,1555714,1,0
3735,tdactm,scaf_451,FALSE,FALSE,1554471,0,0
3736,tdactm,scaf_452,FALSE,FALSE,1553789,0,0
3737,tdactm,scaf_453,FALSE,FALSE,1551704,0,9
3738,tdactm,scaf_454,FALSE,FALSE,1548908,0,0
3739,tdactm,scaf_455,FALSE,FALSE,1544366,8,1
3740,tdactm,scaf_456,FALSE,FALSE,1536508,1,0
3741,tdactm,scaf_457,FALSE,FALSE,1536248,0,0
3742,tdactm,scaf_458,FALSE,FALSE,1535529,0,0
3743,tdactm,scaf_459,FALSE,FALSE,1533361,6,4
3744,tdactm,scaf_46,FALSE,FALSE,52206464,2,3
3745,tdactm,scaf_460,FALSE,FALSE,1530385,1,0
3746,tdactm,scaf_461,FALSE,FALSE,1525305,1,7
3747,tdactm,scaf_462,FALSE,FALSE,1523066,0,0
3748,tdactm,scaf_463,FALSE,FALSE,1516743,8,2
3749,tdactm,scaf_464,FALSE,FALSE,1516273,0,0
3750,tdactm,scaf_465,FALSE,FALSE,1508414,0,0
3751,tdactm,scaf_466,FALSE,FALSE,1503656,0,0
3752,tdactm,scaf_467,FALSE,FALSE,1497647,0,0
3753,tdactm,scaf_468,FALSE,FALSE,1486888,0,0
3754,tdactm,scaf_469,FALSE,FALSE,1486181,6,5
3755,tdactm,scaf_47,FALSE,FALSE,51990917,1,0
3756,tdactm,scaf_470,FALSE,FALSE,1486007,0,0
3757,tdactm,scaf_471,FALSE,FALSE,1485586,0,0
3758,tdactm,scaf_472,FALSE,FALSE,1463526,0,0
3759,tdactm,scaf_473,FALSE,FALSE,1460441,4,3
3760,tdactm,scaf_474,FALSE,FALSE,1436192,0,0
3761,tdactm,scaf_475,FALSE,FALSE,1436159,0,4
3762,tdactm,scaf_476,FALSE,FALSE,1435455,0,0
3763,tdactm,scaf_477,FALSE,FALSE,1433850,0,1
3764,tdactm,scaf_478,FALSE,FALSE,1432134,0,0
3765,tdactm,scaf_479,FALSE,FALSE,1427513,0,0
3766,tdactm,scaf_48,FALSE,TRUE,51336944,2,918
3767,tdactm,scaf_480,FALSE,FALSE,1425795,0,0
3768,tdactm,scaf_481,FALSE,FALSE,1423193,3,4
3769,tdactm,scaf_482,FALSE,FALSE,1421000,4,1
3770,tdactm,scaf_483,FALSE,FALSE,1419735,0,0
3771,tdactm,scaf_484,FALSE,FALSE,1417710,0,0
3772,tdactm,scaf_485,FALSE,FALSE,1414026,0,0
3773,tdactm,scaf_486,FALSE,FALSE,1407506,6,5
3774,tdactm,scaf_487,TRUE,FALSE,1401018,1138,0
3775,tdactm,scaf_488,FALSE,FALSE,1400336,3,1
3776,tdactm,scaf_489,FALSE,FALSE,1388924,0,0
3777,tdactm,scaf_49,FALSE,FALSE,50611001,2,5
3778,tdactm,scaf_490,FALSE,FALSE,1382937,0,0
3779,tdactm,scaf_491,FALSE,FALSE,1380122,0,1
3780,tdactm,scaf_492,FALSE,FALSE,1371665,0,0
3781,tdactm,scaf_493,FALSE,FALSE,1365673,4,5
3782,tdactm,scaf_494,FALSE,FALSE,1356405,0,0
3783,tdactm,scaf_495,FALSE,FALSE,1356274,1,0
3784,tdactm,scaf_496,FALSE,FALSE,1355509,0,0
3785,tdactm,scaf_497,FALSE,FALSE,1354448,0,0
3786,tdactm,scaf_498,FALSE,FALSE,1352888,0,0
3787,tdactm,scaf_499,FALSE,FALSE,1340188,1,3
3788,tdactm,scaf_5,FALSE,FALSE,98200609,2,0
3789,tdactm,scaf_50,FALSE,FALSE,46952814,3,3
3790,tdactm,scaf_500,FALSE,FALSE,1333330,0,0
3791,tdactm,scaf_501,FALSE,FALSE,1296544,0,0
3792,tdactm,scaf_502,FALSE,FALSE,1294677,0,0
3793,tdactm,scaf_503,FALSE,FALSE,1292177,0,0
3794,tdactm,scaf_504,FALSE,FALSE,1291057,4,5
3795,tdactm,scaf_505,FALSE,FALSE,1290099,0,0
3796,tdactm,scaf_506,FALSE,FALSE,1287644,0,0
3797,tdactm,scaf_507,FALSE,FALSE,1275485,0,0
3798,tdactm,scaf_508,FALSE,FALSE,1272451,0,0
3799,tdactm,scaf_509,FALSE,FALSE,1266085,0,0
3800,tdactm,scaf_51,FALSE,FALSE,45640882,0,1
3801,tdactm,scaf_510,FALSE,FALSE,1261528,0,1
3802,tdactm,scaf_511,FALSE,FALSE,1257437,0,0
3803,tdactm,scaf_512,FALSE,FALSE,1256932,0,0
3804,tdactm,scaf_513,FALSE,FALSE,1247463,1,0
3805,tdactm,scaf_514,FALSE,FALSE,1247226,0,0
3806,tdactm,scaf_515,FALSE,FALSE,1244500,0,0
3807,tdactm,scaf_516,FALSE,FALSE,1229869,0,0
3808,tdactm,scaf_517,FALSE,FALSE,1223699,0,0
3809,tdactm,scaf_518,FALSE,FALSE,1220744,0,0
3810,tdactm,scaf_519,FALSE,FALSE,1220588,0,0
3811,tdactm,scaf_52,FALSE,FALSE,42849929,0,0
3812,tdactm,scaf_520,FALSE,FALSE,1215132,0,0
3813,tdactm,scaf_521,FALSE,FALSE,1212176,0,0
3814,tdactm,scaf_522,FALSE,FALSE,1212147,0,0
3815,tdactm,scaf_523,FALSE,FALSE,1208549,2,0
3816,tdactm,scaf_524,FALSE,FALSE,1206988,6,5
3817,tdactm,scaf_525,FALSE,FALSE,1200116,3,2
3818,tdactm,scaf_526,FALSE,FALSE,1196922,0,0
3819,tdactm,scaf_527,FALSE,TRUE,1192444,0,187
3820,tdactm,scaf_528,FALSE,FALSE,1191164,1,0
3821,tdactm,scaf_529,FALSE,FALSE,1188126,0,0
3822,tdactm,scaf_53,FALSE,FALSE,42811043,9,0
3823,tdactm,scaf_530,FALSE,FALSE,1186863,0,4
3824,tdactm,scaf_531,FALSE,FALSE,1184468,0,0
3825,tdactm,scaf_532,FALSE,FALSE,1183634,0,0
3826,tdactm,scaf_533,FALSE,FALSE,1182711,0,0
3827,tdactm,scaf_534,FALSE,FALSE,1182633,0,2
3828,tdactm,scaf_535,FALSE,FALSE,1181028,0,0
3829,tdactm,scaf_536,FALSE,FALSE,1180075,0,0
3830,tdactm,scaf_537,FALSE,FALSE,1176672,0,1
3831,tdactm,scaf_538,TRUE,FALSE,1174078,1184,0
3832,tdactm,scaf_539,FALSE,FALSE,1165178,5,1
3833,tdactm,scaf_54,FALSE,FALSE,42690292,0,2
3834,tdactm,scaf_540,FALSE,FALSE,1162863,0,0
3835,tdactm,scaf_541,FALSE,FALSE,1162422,1,0
3836,tdactm,scaf_542,FALSE,FALSE,1161784,1,0
3837,tdactm,scaf_543,FALSE,FALSE,1159129,0,0
3838,tdactm,scaf_544,FALSE,FALSE,1156591,0,0
3839,tdactm,scaf_545,FALSE,FALSE,1153138,1,0
3840,tdactm,scaf_546,FALSE,FALSE,1152013,1,0
3841,tdactm,scaf_547,FALSE,FALSE,1148766,0,0
3842,tdactm,scaf_548,FALSE,TRUE,1139910,0,100
3843,tdactm,scaf_549,FALSE,FALSE,1134130,0,0
3844,tdactm,scaf_55,FALSE,TRUE,42337053,0,780
3845,tdactm,scaf_550,FALSE,FALSE,1128390,0,0
3846,tdactm,scaf_551,FALSE,TRUE,1128065,1,867
3847,tdactm,scaf_552,FALSE,FALSE,1127165,9,5
3848,tdactm,scaf_553,FALSE,FALSE,1123216,0,0
3849,tdactm,scaf_554,FALSE,FALSE,1119871,0,0
3850,tdactm,scaf_555,FALSE,FALSE,1116983,0,0
3851,tdactm,scaf_556,FALSE,FALSE,1111990,0,0
3852,tdactm,scaf_557,FALSE,FALSE,1106829,7,4
3853,tdactm,scaf_558,FALSE,FALSE,1102671,0,0
3854,tdactm,scaf_559,FALSE,FALSE,1101240,0,0
3855,tdactm,scaf_56,FALSE,FALSE,41118623,0,0
3856,tdactm,scaf_560,FALSE,FALSE,1090992,0,0
3857,tdactm,scaf_561,FALSE,FALSE,1087258,0,0
3858,tdactm,scaf_562,FALSE,TRUE,1086870,0,515
3859,tdactm,scaf_563,FALSE,FALSE,1084897,0,0
3860,tdactm,scaf_564,FALSE,FALSE,1084589,0,0
3861,tdactm,scaf_565,FALSE,FALSE,1083795,0,0
3862,tdactm,scaf_566,FALSE,FALSE,1078671,0,0
3863,tdactm,scaf_567,FALSE,FALSE,1074103,0,0
3864,tdactm,scaf_568,FALSE,FALSE,1064517,0,0
3865,tdactm,scaf_569,FALSE,FALSE,1063992,1,0
3866,tdactm,scaf_57,FALSE,FALSE,40365809,4,7
3867,tdactm,scaf_570,FALSE,FALSE,1060234,0,1
3868,tdactm,scaf_571,FALSE,FALSE,1058863,0,0
3869,tdactm,scaf_572,FALSE,FALSE,1053848,0,0
3870,tdactm,scaf_573,FALSE,TRUE,1050247,0,177
3871,tdactm,scaf_574,FALSE,FALSE,1049566,0,0
3872,tdactm,scaf_575,FALSE,TRUE,1049507,0,82
3873,tdactm,scaf_576,FALSE,FALSE,1045807,0,0
3874,tdactm,scaf_577,FALSE,FALSE,1041814,1,0
3875,tdactm,scaf_578,FALSE,FALSE,1039525,0,0
3876,tdactm,scaf_579,FALSE,FALSE,1039085,0,0
3877,tdactm,scaf_58,FALSE,FALSE,39763460,1,4
3878,tdactm,scaf_580,FALSE,FALSE,1036215,0,0
3879,tdactm,scaf_581,FALSE,FALSE,1035757,0,0
3880,tdactm,scaf_582,FALSE,FALSE,1029013,0,0
3881,tdactm,scaf_583,FALSE,FALSE,1024593,0,0
3882,tdactm,scaf_584,FALSE,TRUE,1021848,0,1293
3883,tdactm,scaf_585,FALSE,FALSE,1012185,0,0
3884,tdactm,scaf_586,FALSE,FALSE,1010179,0,0
3885,tdactm,scaf_587,FALSE,FALSE,1005534,6,0
3886,tdactm,scaf_588,FALSE,FALSE,1001941,0,1
3887,tdactm,scaf_589,FALSE,FALSE,1001281,0,2
3888,tdactm,scaf_590,FALSE,FALSE,993401,0,0
3889,tdactm,scaf_591,FALSE,FALSE,991165,0,0
3890,tdactm,scaf_592,FALSE,FALSE,990940,0,0
3891,tdactm,scaf_6,FALSE,FALSE,94501788,0,0
3892,tdactm,scaf_60,TRUE,FALSE,38437680,459,4
3893,tdactm,scaf_61,FALSE,FALSE,37806548,0,2
3894,tdactm,scaf_63,FALSE,FALSE,34161345,9,0
3895,tdactm,scaf_64,FALSE,FALSE,33337568,2,0
3896,tdactm,scaf_65,FALSE,FALSE,33140335,0,1
3897,tdactm,scaf_66,FALSE,TRUE,32006265,0,454
3898,tdactm,scaf_67,FALSE,FALSE,31868254,0,0
3899,tdactm,scaf_68,FALSE,FALSE,30736832,7,0
3900,tdactm,scaf_69,TRUE,FALSE,29182880,219,0
3901,tdactm,scaf_7,FALSE,TRUE,92079690,0,1000
3902,tdactm,scaf_70,TRUE,FALSE,28607980,390,0
3903,tdactm,scaf_71,FALSE,FALSE,25940865,0,0
3904,tdactm,scaf_73,FALSE,FALSE,25556642,5,4
3905,tdactm,scaf_74,TRUE,FALSE,24872943,212,0
3906,tdactm,scaf_75,FALSE,FALSE,24603776,1,4
3907,tdactm,scaf_76,TRUE,FALSE,24225616,1030,0
3908,tdactm,scaf_77,FALSE,FALSE,24026420,3,4
3909,tdactm,scaf_78,FALSE,FALSE,23560410,0,0
3910,tdactm,scaf_8,FALSE,FALSE,91718519,0,0
3911,tdactm,scaf_81,FALSE,FALSE,23283819,5,0
3912,tdactm,scaf_82,FALSE,FALSE,23171920,1,2
3913,tdactm,scaf_84,TRUE,FALSE,22860589,118,5
3914,tdactm,scaf_85,FALSE,FALSE,22643329,5,3
3915,tdactm,scaf_86,FALSE,FALSE,22435081,6,5
3916,tdactm,scaf_88,FALSE,FALSE,22310338,3,0
3917,tdactm,scaf_89,FALSE,FALSE,22207572,8,4
3918,tdactm,scaf_90,FALSE,FALSE,22028938,5,0
3919,tdactm,scaf_91,FALSE,FALSE,21729198,0,4
3920,tdactm,scaf_92,FALSE,FALSE,20444915,5,3
3921,tdactm,scaf_93,FALSE,TRUE,20226152,4,440
3922,tdactm,scaf_94,FALSE,FALSE,19420552,3,8
3923,tdactm,scaf_95,FALSE,FALSE,19400437,5,4
3924,tdactm,scaf_96,FALSE,FALSE,18980559,5,2
3925,tdactm,scaf_97,FALSE,FALSE,18964153,2,6
3926,tdactm,scaf_98,FALSE,FALSE,18801350,3,0
3927,telega,ctg_1,FALSE,FALSE,1160137,2,1
3928,telega,ctg_100070,FALSE,FALSE,1798149,0,6
3929,telega,ctg_100399,FALSE,FALSE,2187471,2,3
3930,telega,ctg_100882,TRUE,FALSE,2222640,12,5
3931,telega,ctg_101312,FALSE,FALSE,3721073,6,3
3932,telega,ctg_102012,FALSE,FALSE,4613803,2,2
3933,telega,ctg_102938,FALSE,FALSE,1223941,5,0
3934,telega,ctg_103284,FALSE,FALSE,1503256,3,2
3935,telega,ctg_10346,FALSE,FALSE,1419736,2,0
3936,telega,ctg_103564,FALSE,FALSE,1791102,0,1
3937,telega,ctg_103932,FALSE,FALSE,1464233,2,0
3938,telega,ctg_104352,FALSE,FALSE,3803587,3,3
3939,telega,ctg_105113,FALSE,FALSE,1370788,5,4
3940,telega,ctg_105386,FALSE,FALSE,1344623,3,4
3941,telega,ctg_105649,FALSE,FALSE,1199166,6,6
3942,telega,ctg_105872,FALSE,FALSE,2099601,5,3
3943,telega,ctg_106372,FALSE,FALSE,2905722,3,2
3944,telega,ctg_106943,FALSE,FALSE,1424608,3,4
3945,telega,ctg_107209,FALSE,FALSE,4522056,3,0
3946,telega,ctg_108196,FALSE,FALSE,3222497,2,4
3947,telega,ctg_10857,TRUE,FALSE,995360,14,3
3948,telega,ctg_108798,FALSE,TRUE,1103057,1,27
3949,telega,ctg_108997,FALSE,FALSE,2494627,3,2
3950,telega,ctg_109490,FALSE,FALSE,5994734,3,3
3951,telega,ctg_11041,FALSE,FALSE,1317818,6,2
3952,telega,ctg_110688,FALSE,FALSE,2356733,0,9
3953,telega,ctg_111273,FALSE,FALSE,4638729,7,3
3954,telega,ctg_112321,FALSE,FALSE,3356103,1,2
3955,telega,ctg_112974,FALSE,FALSE,1294682,4,0
3956,telega,ctg_11302,FALSE,FALSE,1886044,2,7
3957,telega,ctg_113230,FALSE,FALSE,2900558,3,8
3958,telega,ctg_113746,FALSE,FALSE,3941595,3,1
3959,telega,ctg_114497,TRUE,FALSE,1267057,14,0
3960,telega,ctg_114733,FALSE,FALSE,3297503,4,7
3961,telega,ctg_115361,FALSE,FALSE,2400685,4,3
3962,telega,ctg_115830,FALSE,FALSE,2790900,6,4
3963,telega,ctg_116362,FALSE,TRUE,4875428,4,22
3964,telega,ctg_11681,FALSE,TRUE,3034593,3,27
3965,telega,ctg_117290,FALSE,FALSE,4088730,7,5
3966,telega,ctg_118099,FALSE,FALSE,3719364,3,6
3967,telega,ctg_118806,FALSE,FALSE,4426740,2,7
3968,telega,ctg_119618,FALSE,FALSE,1547067,5,4
3969,telega,ctg_119900,FALSE,FALSE,1515277,2,3
3970,telega,ctg_120173,FALSE,FALSE,1340531,2,0
3971,telega,ctg_120426,FALSE,FALSE,5322727,6,2
3972,telega,ctg_121606,FALSE,FALSE,2509131,0,3
3973,telega,ctg_122066,FALSE,FALSE,2444221,2,4
3974,telega,ctg_12257,FALSE,FALSE,2298487,6,3
3975,telega,ctg_122620,FALSE,FALSE,3361581,1,4
3976,telega,ctg_123247,FALSE,FALSE,1692661,4,0
3977,telega,ctg_123579,FALSE,FALSE,2099129,2,2
3978,telega,ctg_123991,FALSE,FALSE,2909916,4,4
3979,telega,ctg_124872,FALSE,FALSE,3460583,0,3
3980,telega,ctg_125493,TRUE,FALSE,2374312,715,3
3981,telega,ctg_126049,FALSE,FALSE,3366072,5,5
3982,telega,ctg_126690,FALSE,FALSE,1773494,4,0
3983,telega,ctg_127023,FALSE,FALSE,1267760,3,5
3984,telega,ctg_127275,FALSE,FALSE,1735812,6,0
3985,telega,ctg_12759,FALSE,FALSE,3332988,1,7
3986,telega,ctg_127762,FALSE,FALSE,1346085,1,3
3987,telega,ctg_128008,FALSE,FALSE,2607170,2,7
3988,telega,ctg_128530,FALSE,FALSE,1199990,2,0
3989,telega,ctg_128744,TRUE,TRUE,1343265,27,12
3990,telega,ctg_128993,FALSE,FALSE,1101946,5,1
3991,telega,ctg_129313,FALSE,FALSE,4181731,1,2
3992,telega,ctg_130135,FALSE,TRUE,1846887,2,14
3993,telega,ctg_130494,FALSE,FALSE,3991449,2,0
3994,telega,ctg_131291,FALSE,FALSE,3887870,3,2
3995,telega,ctg_132031,FALSE,FALSE,1680673,3,3
3996,telega,ctg_132327,FALSE,FALSE,6078479,2,2
3997,telega,ctg_133830,FALSE,FALSE,1764021,3,5
3998,telega,ctg_13405,FALSE,FALSE,2089842,2,3
3999,telega,ctg_134322,FALSE,FALSE,1483577,0,2
4000,telega,ctg_134598,FALSE,FALSE,3778797,6,4
4001,telega,ctg_135356,FALSE,FALSE,1356292,3,3
4002,telega,ctg_135773,FALSE,FALSE,3688439,4,1
4003,telega,ctg_136575,FALSE,FALSE,2770446,4,1
4004,telega,ctg_137120,FALSE,FALSE,3121760,3,3
4005,telega,ctg_137741,FALSE,FALSE,2065171,3,1
4006,telega,ctg_13809,FALSE,FALSE,4776683,2,2
4007,telega,ctg_138130,FALSE,FALSE,1439820,2,3
4008,telega,ctg_138401,FALSE,FALSE,1161038,1,1
4009,telega,ctg_138668,FALSE,FALSE,1744286,3,0
4010,telega,ctg_139182,TRUE,FALSE,1440495,12,1
4011,telega,ctg_139605,FALSE,FALSE,1192411,2,2
4012,telega,ctg_140106,FALSE,FALSE,2096241,2,3
4013,telega,ctg_140685,FALSE,FALSE,1400830,0,0
4014,telega,ctg_140927,FALSE,FALSE,1307739,2,5
4015,telega,ctg_141434,FALSE,FALSE,2418497,7,2
4016,telega,ctg_141884,FALSE,FALSE,1170382,3,1
4017,telega,ctg_142109,FALSE,FALSE,1234567,4,0
4018,telega,ctg_142550,FALSE,FALSE,2786071,1,3
4019,telega,ctg_143090,TRUE,FALSE,2539254,23,4
4020,telega,ctg_143643,FALSE,FALSE,2957696,4,5
4021,telega,ctg_144214,FALSE,FALSE,2186607,4,2
4022,telega,ctg_144617,FALSE,FALSE,1731729,4,2
4023,telega,ctg_144967,FALSE,FALSE,1964503,7,2
4024,telega,ctg_145430,FALSE,FALSE,1338989,4,3
4025,telega,ctg_145695,FALSE,FALSE,1288843,4,2
4026,telega,ctg_146120,FALSE,TRUE,1511776,1,27
4027,telega,ctg_146398,FALSE,FALSE,3216502,4,0
4028,telega,ctg_147009,FALSE,FALSE,1277803,4,3
4029,telega,ctg_147272,FALSE,FALSE,2140923,0,5
4030,telega,ctg_147701,FALSE,FALSE,3727503,3,0
4031,telega,ctg_14822,FALSE,FALSE,1186592,1,3
4032,telega,ctg_148479,FALSE,FALSE,10401305,0,3
4033,telega,ctg_150503,FALSE,FALSE,3959935,4,7
4034,telega,ctg_15057,FALSE,FALSE,4164574,6,2
4035,telega,ctg_151282,FALSE,FALSE,3281391,5,1
4036,telega,ctg_152165,FALSE,FALSE,2498220,0,0
4037,telega,ctg_152627,FALSE,FALSE,2729768,6,3
4038,telega,ctg_153471,FALSE,FALSE,4701015,2,6
4039,telega,ctg_154426,TRUE,FALSE,1651725,14,0
4040,telega,ctg_154691,TRUE,FALSE,3095590,15,1
4041,telega,ctg_155368,FALSE,FALSE,2923796,5,1
4042,telega,ctg_155907,FALSE,FALSE,3075202,0,0
4043,telega,ctg_156595,FALSE,FALSE,1026315,3,0
4044,telega,ctg_156785,FALSE,FALSE,1085768,5,3
4045,telega,ctg_156995,FALSE,FALSE,2736300,2,2
4046,telega,ctg_157509,FALSE,FALSE,6142001,5,2
4047,telega,ctg_158666,FALSE,FALSE,2319037,3,2
4048,telega,ctg_15876,FALSE,FALSE,1705532,3,3
4049,telega,ctg_159175,FALSE,FALSE,1832682,8,0
4050,telega,ctg_159508,FALSE,FALSE,1637256,4,4
4051,telega,ctg_159832,FALSE,FALSE,3901579,7,2
4052,telega,ctg_160565,FALSE,FALSE,2705143,3,4
4053,telega,ctg_161044,FALSE,FALSE,4219831,0,7
4054,telega,ctg_161864,FALSE,FALSE,1473281,1,4
4055,telega,ctg_162144,FALSE,FALSE,2052166,3,4
4056,telega,ctg_16216,FALSE,FALSE,2424829,5,4
4057,telega,ctg_162788,FALSE,FALSE,2439658,0,5
4058,telega,ctg_163243,FALSE,FALSE,3262368,5,4
4059,telega,ctg_163869,FALSE,FALSE,1355472,8,7
4060,telega,ctg_164127,FALSE,FALSE,3622371,5,2
4061,telega,ctg_164836,FALSE,FALSE,1487442,5,4
4062,telega,ctg_165197,FALSE,FALSE,1501604,2,4
4063,telega,ctg_165508,FALSE,TRUE,1841437,5,18
4064,telega,ctg_165976,FALSE,FALSE,4211956,9,3
4065,telega,ctg_16631,FALSE,FALSE,12666242,2,0
4066,telega,ctg_166775,FALSE,FALSE,1887454,3,6
4067,telega,ctg_167380,TRUE,FALSE,1206692,15,2
4068,telega,ctg_167596,FALSE,FALSE,1472396,6,1
4069,telega,ctg_168037,TRUE,FALSE,2926544,685,3
4070,telega,ctg_168571,FALSE,FALSE,1113810,4,1
4071,telega,ctg_168920,FALSE,FALSE,2607080,1,3
4072,telega,ctg_169435,FALSE,FALSE,2645722,5,2
4073,telega,ctg_169928,FALSE,FALSE,5052506,0,1
4074,telega,ctg_170927,FALSE,FALSE,2141774,8,4
4075,telega,ctg_171315,FALSE,FALSE,2173633,6,1
4076,telega,ctg_171731,FALSE,FALSE,1397008,3,3
4077,telega,ctg_172110,FALSE,FALSE,2569135,4,2
4078,telega,ctg_172578,FALSE,FALSE,1121889,5,4
4079,telega,ctg_172942,FALSE,FALSE,1325598,4,3
4080,telega,ctg_173188,FALSE,FALSE,3359754,1,0
4081,telega,ctg_173810,FALSE,FALSE,1468877,3,1
4082,telega,ctg_174285,FALSE,FALSE,1504530,4,5
4083,telega,ctg_174572,FALSE,FALSE,1421636,5,1
4084,telega,ctg_174821,TRUE,FALSE,1151608,994,2
4085,telega,ctg_175346,FALSE,FALSE,1484376,3,0
4086,telega,ctg_175624,FALSE,FALSE,1613485,4,4
4087,telega,ctg_175921,FALSE,FALSE,1023561,3,9
4088,telega,ctg_176107,FALSE,FALSE,2620411,3,1
4089,telega,ctg_176572,FALSE,FALSE,2800470,3,0
4090,telega,ctg_177117,FALSE,FALSE,2968737,3,3
4091,telega,ctg_177676,FALSE,FALSE,5541584,0,3
4092,telega,ctg_178844,FALSE,FALSE,1352754,5,2
4093,telega,ctg_179109,FALSE,FALSE,2270889,4,1
4094,telega,ctg_179563,FALSE,FALSE,3283753,6,4
4095,telega,ctg_180171,FALSE,FALSE,1237859,3,3
4096,telega,ctg_180392,FALSE,FALSE,1547172,4,6
4097,telega,ctg_180689,FALSE,FALSE,1878580,0,1
4098,telega,ctg_181077,FALSE,FALSE,2153244,3,4
4099,telega,ctg_181480,FALSE,FALSE,1136691,0,3
4100,telega,ctg_181689,FALSE,FALSE,4662555,3,0
4101,telega,ctg_182615,FALSE,FALSE,2646020,2,2
4102,telega,ctg_183137,FALSE,FALSE,2322847,0,0
4103,telega,ctg_183678,FALSE,FALSE,6081120,3,2
4104,telega,ctg_184950,FALSE,FALSE,3203117,2,1
4105,telega,ctg_185609,FALSE,FALSE,1775433,5,1
4106,telega,ctg_186084,FALSE,FALSE,2043911,0,3
4107,telega,ctg_186467,TRUE,FALSE,1226831,16,4
4108,telega,ctg_186730,FALSE,FALSE,2410424,3,4
4109,telega,ctg_187736,FALSE,FALSE,1404318,3,3
4110,telega,ctg_188065,FALSE,FALSE,2803630,5,0
4111,telega,ctg_188613,FALSE,FALSE,2378121,7,6
4112,telega,ctg_189111,FALSE,FALSE,1213061,0,2
4113,telega,ctg_189344,FALSE,FALSE,1122961,0,2
4114,telega,ctg_189567,FALSE,FALSE,2826827,0,4
4115,telega,ctg_18991,FALSE,FALSE,2173198,2,2
4116,telega,ctg_190111,FALSE,FALSE,1226404,5,4
4117,telega,ctg_190492,FALSE,FALSE,1796702,2,4
4118,telega,ctg_190847,TRUE,FALSE,2337418,15,3
4119,telega,ctg_191267,FALSE,FALSE,1416669,1,4
4120,telega,ctg_191683,FALSE,FALSE,3345057,2,4
4121,telega,ctg_192315,FALSE,FALSE,2687189,5,2
4122,telega,ctg_193168,FALSE,FALSE,3316672,4,2
4123,telega,ctg_193821,FALSE,FALSE,3929445,1,6
4124,telega,ctg_19400,FALSE,FALSE,2536172,4,6
4125,telega,ctg_194534,FALSE,FALSE,1169150,3,5
4126,telega,ctg_194893,TRUE,FALSE,1055509,539,8
4127,telega,ctg_195266,FALSE,FALSE,4472192,2,0
4128,telega,ctg_196130,FALSE,FALSE,2463011,4,0
4129,telega,ctg_196610,FALSE,FALSE,2146171,2,3
4130,telega,ctg_197041,FALSE,FALSE,4405358,2,5
4131,telega,ctg_197884,TRUE,FALSE,3647215,12,6
4132,telega,ctg_19865,FALSE,FALSE,1655704,1,2
4133,telega,ctg_198682,FALSE,FALSE,1890478,1,4
4134,telega,ctg_199051,FALSE,FALSE,2487676,5,2
4135,telega,ctg_199525,FALSE,FALSE,4475912,6,1
4136,telega,ctg_200483,FALSE,FALSE,2352670,2,6
4137,telega,ctg_201042,FALSE,TRUE,4724107,0,22
4138,telega,ctg_20172,FALSE,FALSE,3498925,1,0
4139,telega,ctg_201953,FALSE,FALSE,1360991,3,2
4140,telega,ctg_202281,FALSE,FALSE,2669794,6,5
4141,telega,ctg_202802,FALSE,TRUE,1935361,1,515
4142,telega,ctg_203243,FALSE,FALSE,2142486,3,0
4143,telega,ctg_203920,FALSE,FALSE,1047563,1,3
4144,telega,ctg_204106,FALSE,FALSE,2248678,4,0
4145,telega,ctg_204675,FALSE,FALSE,1819545,5,4
4146,telega,ctg_205024,FALSE,FALSE,1209732,4,0
4147,telega,ctg_205226,FALSE,FALSE,2239194,5,2
4148,telega,ctg_2054,FALSE,FALSE,2627972,5,7
4149,telega,ctg_205670,FALSE,FALSE,3073972,0,0
4150,telega,ctg_206250,TRUE,TRUE,1050819,24,25
4151,telega,ctg_206442,FALSE,FALSE,1169311,3,3
4152,telega,ctg_206657,FALSE,FALSE,2494221,3,3
4153,telega,ctg_207302,FALSE,FALSE,1811324,0,4
4154,telega,ctg_207650,FALSE,FALSE,1495664,0,1
4155,telega,ctg_208076,FALSE,FALSE,1916599,1,3
4156,telega,ctg_208448,FALSE,FALSE,4153750,6,3
4157,telega,ctg_20892,FALSE,FALSE,3376915,6,1
4158,telega,ctg_209275,FALSE,FALSE,2607025,9,0
4159,telega,ctg_209788,FALSE,FALSE,1792639,4,0
4160,telega,ctg_210105,FALSE,FALSE,2032702,2,4
4161,telega,ctg_210679,FALSE,FALSE,2281974,5,1
4162,telega,ctg_211102,FALSE,FALSE,1509872,3,5
4163,telega,ctg_211518,FALSE,FALSE,1691968,3,9
4164,telega,ctg_211842,FALSE,FALSE,2158298,4,2
4165,telega,ctg_212426,FALSE,FALSE,1963209,6,6
4166,telega,ctg_212865,FALSE,FALSE,990863,3,0
4167,telega,ctg_213204,FALSE,FALSE,1251222,1,3
4168,telega,ctg_213429,FALSE,FALSE,1002384,5,0
4169,telega,ctg_213643,FALSE,FALSE,4427912,4,3
4170,telega,ctg_214648,FALSE,FALSE,1703666,1,3
4171,telega,ctg_214995,FALSE,FALSE,1427389,3,2
4172,telega,ctg_215,FALSE,FALSE,2870842,1,2
4173,telega,ctg_21523,FALSE,FALSE,1603894,1,1
4174,telega,ctg_215374,FALSE,FALSE,4140588,4,4
4175,telega,ctg_216179,FALSE,FALSE,1303757,0,1
4176,telega,ctg_216417,FALSE,FALSE,1654848,2,4
4177,telega,ctg_216715,FALSE,FALSE,1776518,3,0
4178,telega,ctg_217034,FALSE,FALSE,1734562,9,3
4179,telega,ctg_217496,FALSE,FALSE,1106640,8,0
4180,telega,ctg_217698,FALSE,FALSE,3985043,1,1
4181,telega,ctg_21829,FALSE,FALSE,5143191,6,2
4182,telega,ctg_218428,FALSE,FALSE,1497478,2,2
4183,telega,ctg_218801,FALSE,TRUE,1418177,2,112
4184,telega,ctg_219180,FALSE,FALSE,1187180,0,2
4185,telega,ctg_219994,FALSE,FALSE,4162202,1,4
4186,telega,ctg_220789,FALSE,FALSE,1395519,0,1
4187,telega,ctg_221066,FALSE,FALSE,2868221,1,3
4188,telega,ctg_221801,FALSE,FALSE,2147923,7,5
4189,telega,ctg_222218,FALSE,FALSE,3650194,4,7
4190,telega,ctg_222906,FALSE,FALSE,3772844,2,2
4191,telega,ctg_224026,TRUE,FALSE,1589186,658,5
4192,telega,ctg_224327,FALSE,FALSE,1390060,2,7
4193,telega,ctg_224601,FALSE,FALSE,1166128,1,2
4194,telega,ctg_224822,FALSE,FALSE,1888930,5,4
4195,telega,ctg_225175,FALSE,FALSE,2106284,5,7
4196,telega,ctg_225556,FALSE,FALSE,1935162,1,2
4197,telega,ctg_225906,TRUE,FALSE,3527905,15,2
4198,telega,ctg_227062,FALSE,FALSE,2543491,6,2
4199,telega,ctg_227642,TRUE,FALSE,1371163,15,2
4200,telega,ctg_227913,FALSE,FALSE,3247111,1,2
4201,telega,ctg_228530,FALSE,FALSE,1768396,3,4
4202,telega,ctg_228872,FALSE,FALSE,2563833,1,3
4203,telega,ctg_22921,TRUE,FALSE,2692175,15,2
4204,telega,ctg_229358,FALSE,FALSE,1977354,4,0
4205,telega,ctg_229750,FALSE,FALSE,3068432,4,5
4206,telega,ctg_230484,FALSE,FALSE,5012434,4,4
4207,telega,ctg_231468,FALSE,FALSE,1431528,0,3
4208,telega,ctg_231824,FALSE,FALSE,1338251,3,2
4209,telega,ctg_232090,FALSE,FALSE,2183112,4,6
4210,telega,ctg_232644,FALSE,FALSE,1399419,1,4
4211,telega,ctg_232922,TRUE,FALSE,1579731,635,3
4212,telega,ctg_233197,FALSE,FALSE,1320232,3,0
4213,telega,ctg_233537,FALSE,FALSE,2073241,3,1
4214,telega,ctg_233919,FALSE,FALSE,3267397,3,1
4215,telega,ctg_23453,FALSE,TRUE,1809418,3,15
4216,telega,ctg_234540,FALSE,FALSE,2041461,3,2
4217,telega,ctg_235071,FALSE,FALSE,2749408,2,6
4218,telega,ctg_235585,FALSE,FALSE,2084529,5,1
4219,telega,ctg_235990,FALSE,FALSE,1819732,4,4
4220,telega,ctg_236336,TRUE,FALSE,1720001,10,3
4221,telega,ctg_236689,FALSE,FALSE,2843921,3,1
4222,telega,ctg_237239,FALSE,FALSE,2144694,6,2
4223,telega,ctg_237662,FALSE,FALSE,2597992,3,5
4224,telega,ctg_238161,FALSE,FALSE,1677589,5,0
4225,telega,ctg_238464,FALSE,FALSE,1591797,6,1
4226,telega,ctg_238770,FALSE,FALSE,2409503,5,5
4227,telega,ctg_239202,FALSE,FALSE,1432258,5,0
4228,telega,ctg_239617,FALSE,FALSE,1673605,3,4
4229,telega,ctg_239945,FALSE,FALSE,2803615,5,3
4230,telega,ctg_240584,FALSE,FALSE,4323979,2,3
4231,telega,ctg_241418,FALSE,FALSE,1218562,4,3
4232,telega,ctg_24156,FALSE,FALSE,2853247,2,3
4233,telega,ctg_241659,FALSE,FALSE,2846607,4,3
4234,telega,ctg_242180,FALSE,FALSE,1465953,3,0
4235,telega,ctg_242444,FALSE,FALSE,2439514,6,5
4236,telega,ctg_243263,FALSE,FALSE,1291464,2,0
4237,telega,ctg_244015,FALSE,FALSE,6978148,2,1
4238,telega,ctg_245436,FALSE,FALSE,1159057,2,0
4239,telega,ctg_245644,FALSE,FALSE,2196267,4,7
4240,telega,ctg_246090,FALSE,FALSE,2534368,1,2
4241,telega,ctg_246608,FALSE,FALSE,1343880,4,3
4242,telega,ctg_246905,FALSE,FALSE,2758623,5,1
4243,telega,ctg_24739,FALSE,FALSE,1538258,7,0
4244,telega,ctg_247510,FALSE,FALSE,2417087,2,4
4245,telega,ctg_247975,FALSE,FALSE,2551848,6,1
4246,telega,ctg_248485,FALSE,FALSE,2729393,3,2
4247,telega,ctg_249199,FALSE,FALSE,1305437,3,2
4248,telega,ctg_249441,FALSE,FALSE,1761496,4,3
4249,telega,ctg_249831,FALSE,FALSE,5320787,2,4
4250,telega,ctg_25037,TRUE,TRUE,1885683,20,19
4251,telega,ctg_250816,FALSE,FALSE,1122320,4,2
4252,telega,ctg_250999,FALSE,FALSE,1529044,3,2
4253,telega,ctg_251420,FALSE,FALSE,2756620,2,2
4254,telega,ctg_252097,FALSE,FALSE,3733206,3,3
4255,telega,ctg_252772,FALSE,FALSE,6166192,2,3
4256,telega,ctg_25375,FALSE,FALSE,3767570,5,2
4257,telega,ctg_253970,FALSE,FALSE,2182625,3,1
4258,telega,ctg_254657,TRUE,FALSE,2529712,28,6
4259,telega,ctg_255218,FALSE,FALSE,2412188,4,1
4260,telega,ctg_255688,FALSE,FALSE,1469385,1,0
4261,telega,ctg_256148,FALSE,FALSE,3823099,1,4
4262,telega,ctg_256840,FALSE,FALSE,3193234,5,1
4263,telega,ctg_257433,FALSE,FALSE,2288752,5,5
4264,telega,ctg_258036,FALSE,FALSE,1141279,3,6
4265,telega,ctg_258432,FALSE,FALSE,1581722,4,2
4266,telega,ctg_258729,FALSE,FALSE,4859606,1,3
4267,telega,ctg_259654,FALSE,FALSE,1759204,3,4
4268,telega,ctg_259963,FALSE,FALSE,1860332,1,0
4269,telega,ctg_260419,FALSE,TRUE,1268271,4,29
4270,telega,ctg_260656,FALSE,FALSE,1172526,2,5
4271,telega,ctg_260871,FALSE,FALSE,3190751,2,4
4272,telega,ctg_26100,FALSE,FALSE,2628260,3,4
4273,telega,ctg_261470,FALSE,FALSE,1197314,4,5
4274,telega,ctg_261695,FALSE,FALSE,1106243,6,6
4275,telega,ctg_261901,FALSE,FALSE,2130743,2,2
4276,telega,ctg_2621,FALSE,FALSE,1207429,5,5
4277,telega,ctg_262311,FALSE,FALSE,1387810,3,0
4278,telega,ctg_262586,FALSE,FALSE,2263486,4,0
4279,telega,ctg_262976,FALSE,FALSE,3646305,4,5
4280,telega,ctg_263679,FALSE,FALSE,1623969,3,2
4281,telega,ctg_263972,FALSE,FALSE,1481563,0,2
4282,telega,ctg_264405,FALSE,FALSE,2611098,2,6
4283,telega,ctg_265020,FALSE,FALSE,1254627,2,2
4284,telega,ctg_265240,FALSE,FALSE,1131057,4,4
4285,telega,ctg_265563,FALSE,FALSE,1589766,2,4
4286,telega,ctg_265890,FALSE,FALSE,2848036,3,3
4287,telega,ctg_26610,FALSE,FALSE,1944957,2,1
4288,telega,ctg_266456,FALSE,FALSE,4543643,3,0
4289,telega,ctg_267304,FALSE,FALSE,1090795,2,1
4290,telega,ctg_267577,FALSE,TRUE,3121793,2,26
4291,telega,ctg_268351,FALSE,FALSE,1383543,4,2
4292,telega,ctg_268606,FALSE,FALSE,2390339,1,0
4293,telega,ctg_269425,FALSE,FALSE,1016342,3,1
4294,telega,ctg_269620,FALSE,FALSE,2493062,6,2
4295,telega,ctg_26987,FALSE,FALSE,1537911,4,0
4296,telega,ctg_270115,FALSE,FALSE,4151793,3,4
4297,telega,ctg_270908,FALSE,FALSE,2137468,2,2
4298,telega,ctg_271312,FALSE,FALSE,1039407,0,6
4299,telega,ctg_271499,FALSE,FALSE,3604047,2,3
4300,telega,ctg_272362,FALSE,FALSE,2206943,3,5
4301,telega,ctg_272772,FALSE,FALSE,1034727,3,5
4302,telega,ctg_27279,FALSE,FALSE,2286842,3,3
4303,telega,ctg_273140,FALSE,FALSE,3370868,4,1
4304,telega,ctg_273930,FALSE,FALSE,3118726,9,2
4305,telega,ctg_274619,FALSE,FALSE,1898713,3,3
4306,telega,ctg_275113,TRUE,FALSE,1017158,689,5
4307,telega,ctg_275612,FALSE,FALSE,2252186,3,3
4308,telega,ctg_276046,FALSE,FALSE,1028097,6,2
4309,telega,ctg_276226,FALSE,FALSE,2091697,3,3
4310,telega,ctg_276637,FALSE,FALSE,1477988,4,6
4311,telega,ctg_276920,FALSE,FALSE,3138401,2,1
4312,telega,ctg_27720,FALSE,FALSE,1617475,5,9
4313,telega,ctg_277501,FALSE,FALSE,1354884,2,2
4314,telega,ctg_277755,FALSE,FALSE,1706001,7,5
4315,telega,ctg_278061,FALSE,FALSE,1362864,1,4
4316,telega,ctg_278442,FALSE,FALSE,2100985,4,5
4317,telega,ctg_278830,FALSE,FALSE,2642455,2,0
4318,telega,ctg_279323,FALSE,FALSE,1098702,2,3
4319,telega,ctg_279729,FALSE,FALSE,3947357,3,0
4320,telega,ctg_28023,FALSE,TRUE,1131518,0,14
4321,telega,ctg_280472,FALSE,FALSE,1613904,3,4
4322,telega,ctg_280768,FALSE,FALSE,1267313,5,5
4323,telega,ctg_280981,FALSE,FALSE,1335224,4,4
4324,telega,ctg_281227,FALSE,FALSE,1241249,0,3
4325,telega,ctg_281485,FALSE,FALSE,1996802,1,2
4326,telega,ctg_281858,TRUE,FALSE,2227206,15,0
4327,telega,ctg_282257,TRUE,FALSE,2035423,12,3
4328,telega,ctg_28244,FALSE,FALSE,2303127,3,1
4329,telega,ctg_282627,FALSE,FALSE,1046058,2,0
4330,telega,ctg_282839,FALSE,FALSE,2988379,2,2
4331,telega,ctg_283610,FALSE,FALSE,2270904,6,1
4332,telega,ctg_284030,FALSE,FALSE,2357042,3,6
4333,telega,ctg_284536,FALSE,FALSE,1250684,1,7
4334,telega,ctg_284822,FALSE,FALSE,2875420,0,2
4335,telega,ctg_285601,FALSE,FALSE,3629540,4,3
4336,telega,ctg_286287,FALSE,FALSE,2197505,4,2
4337,telega,ctg_286712,FALSE,FALSE,1205161,4,2
4338,telega,ctg_28682,FALSE,FALSE,5035988,5,4
4339,telega,ctg_286939,FALSE,FALSE,1042591,2,1
4340,telega,ctg_287129,FALSE,FALSE,1382184,2,1
4341,telega,ctg_287443,FALSE,FALSE,3923341,3,4
4342,telega,ctg_288161,FALSE,FALSE,999136,7,7
4343,telega,ctg_288345,FALSE,FALSE,1626935,4,7
4344,telega,ctg_288646,FALSE,FALSE,1527949,3,7
4345,telega,ctg_288925,FALSE,FALSE,1967888,2,4
4346,telega,ctg_289304,FALSE,FALSE,1388672,6,2
4347,telega,ctg_289572,FALSE,FALSE,1958947,3,6
4348,telega,ctg_289979,FALSE,FALSE,1145317,3,9
4349,telega,ctg_290363,FALSE,FALSE,2683109,3,1
4350,telega,ctg_290858,FALSE,FALSE,1223359,5,3
4351,telega,ctg_291080,TRUE,FALSE,2946082,1344,5
4352,telega,ctg_291658,FALSE,FALSE,2073561,5,1
4353,telega,ctg_292035,FALSE,FALSE,3818855,1,3
4354,telega,ctg_292901,FALSE,FALSE,4316705,0,6
4355,telega,ctg_293707,FALSE,FALSE,2298420,1,4
4356,telega,ctg_294248,FALSE,FALSE,1059032,2,0
4357,telega,ctg_294454,TRUE,FALSE,3706057,24,2
4358,telega,ctg_2950,FALSE,FALSE,2945774,3,5
4359,telega,ctg_295322,FALSE,FALSE,1601747,5,0
4360,telega,ctg_295781,FALSE,FALSE,1560894,3,0
4361,telega,ctg_296091,FALSE,FALSE,1530601,2,2
4362,telega,ctg_296378,FALSE,FALSE,2144467,3,4
4363,telega,ctg_29639,FALSE,FALSE,3309855,3,1
4364,telega,ctg_296810,FALSE,FALSE,1543125,2,4
4365,telega,ctg_297074,FALSE,FALSE,1402910,2,4
4366,telega,ctg_297353,FALSE,FALSE,1019029,2,2
4367,telega,ctg_297550,FALSE,FALSE,2183046,3,3
4368,telega,ctg_297961,FALSE,FALSE,3131862,2,5
4369,telega,ctg_298562,FALSE,FALSE,1314074,1,0
4370,telega,ctg_298802,FALSE,FALSE,1251239,2,6
4371,telega,ctg_299093,FALSE,FALSE,2251428,2,4
4372,telega,ctg_299541,FALSE,FALSE,2583801,1,4
4373,telega,ctg_300023,FALSE,FALSE,1039847,5,5
4374,telega,ctg_300212,FALSE,FALSE,3252771,3,3
4375,telega,ctg_300795,FALSE,FALSE,3797045,2,3
4376,telega,ctg_301537,FALSE,FALSE,1787733,1,0
4377,telega,ctg_301888,FALSE,FALSE,2455057,5,0
4378,telega,ctg_302352,FALSE,FALSE,1883807,0,0
4379,telega,ctg_30270,FALSE,FALSE,1294650,3,1
4380,telega,ctg_302717,FALSE,FALSE,1145084,7,0
4381,telega,ctg_302925,FALSE,FALSE,1060315,3,2
4382,telega,ctg_303121,FALSE,FALSE,1185717,3,6
4383,telega,ctg_303361,FALSE,FALSE,1253638,5,7
4384,telega,ctg_303899,FALSE,FALSE,3899771,4,4
4385,telega,ctg_304635,TRUE,FALSE,1435657,15,1
4386,telega,ctg_304906,FALSE,FALSE,4292944,2,2
4387,telega,ctg_30525,FALSE,FALSE,1971899,3,3
4388,telega,ctg_305903,FALSE,FALSE,1953847,3,0
4389,telega,ctg_306234,FALSE,FALSE,2704191,5,5
4390,telega,ctg_306874,FALSE,FALSE,1342281,0,1
4391,telega,ctg_307118,FALSE,FALSE,3005924,4,4
4392,telega,ctg_307668,FALSE,FALSE,1746734,2,7
4393,telega,ctg_307994,FALSE,FALSE,1715745,6,1
4394,telega,ctg_308326,FALSE,FALSE,1006570,4,3
4395,telega,ctg_308517,FALSE,FALSE,1979032,5,0
4396,telega,ctg_309210,FALSE,FALSE,3339435,7,6
4397,telega,ctg_30930,FALSE,FALSE,2342406,5,1
4398,telega,ctg_309834,FALSE,FALSE,3043745,1,2
4399,telega,ctg_310389,TRUE,TRUE,1101918,148,23
4400,telega,ctg_310567,FALSE,FALSE,1530234,6,1
4401,telega,ctg_310979,FALSE,FALSE,1832284,2,2
4402,telega,ctg_311536,FALSE,FALSE,4958863,1,4
4403,telega,ctg_312531,FALSE,TRUE,1150335,3,15
4404,telega,ctg_312745,TRUE,FALSE,1189173,12,2
4405,telega,ctg_312957,FALSE,FALSE,1738087,2,4
4406,telega,ctg_313316,FALSE,FALSE,1740527,2,2
4407,telega,ctg_313635,FALSE,FALSE,5947361,2,3
4408,telega,ctg_314776,FALSE,FALSE,2262901,0,1
4409,telega,ctg_315546,FALSE,FALSE,3164827,5,5
4410,telega,ctg_316177,FALSE,FALSE,1041210,7,0
4411,telega,ctg_316387,FALSE,FALSE,2767565,2,1
4412,telega,ctg_316917,FALSE,FALSE,1012178,1,2
4413,telega,ctg_317280,FALSE,FALSE,2762954,2,5
4414,telega,ctg_317954,FALSE,FALSE,1099625,1,5
4415,telega,ctg_318325,FALSE,FALSE,2070338,5,1
4416,telega,ctg_318711,FALSE,FALSE,2015365,2,2
4417,telega,ctg_319091,FALSE,FALSE,1132272,3,3
4418,telega,ctg_31923,FALSE,FALSE,3945928,3,3
4419,telega,ctg_319310,FALSE,FALSE,2114247,4,2
4420,telega,ctg_319702,FALSE,FALSE,2299210,5,0
4421,telega,ctg_320110,FALSE,FALSE,1090213,1,5
4422,telega,ctg_320315,FALSE,FALSE,1678227,5,0
4423,telega,ctg_320657,FALSE,FALSE,2365840,2,7
4424,telega,ctg_321310,FALSE,FALSE,1195350,2,2
4425,telega,ctg_321629,FALSE,FALSE,1432680,0,0
4426,telega,ctg_322013,FALSE,FALSE,2183952,1,3
4427,telega,ctg_322440,FALSE,FALSE,2549984,6,8
4428,telega,ctg_322935,FALSE,FALSE,2058503,2,5
4429,telega,ctg_323330,FALSE,FALSE,2584338,6,1
4430,telega,ctg_323843,FALSE,FALSE,1962556,5,4
4431,telega,ctg_324202,FALSE,FALSE,1302924,0,0
4432,telega,ctg_324450,FALSE,FALSE,2440238,5,2
4433,telega,ctg_324938,FALSE,FALSE,1326561,4,0
4434,telega,ctg_325353,FALSE,FALSE,2029479,4,3
4435,telega,ctg_325734,FALSE,FALSE,3497440,6,0
4436,telega,ctg_326730,FALSE,FALSE,1396486,2,7
4437,telega,ctg_32684,FALSE,FALSE,3034621,3,1
4438,telega,ctg_327181,TRUE,FALSE,2742378,13,2
4439,telega,ctg_327671,FALSE,FALSE,1416874,2,1
4440,telega,ctg_328055,FALSE,FALSE,1772598,3,1
4441,telega,ctg_328799,FALSE,FALSE,1513712,1,8
4442,telega,ctg_329095,FALSE,FALSE,1321535,3,3
4443,telega,ctg_329350,FALSE,FALSE,5060256,3,3
4444,telega,ctg_330298,FALSE,FALSE,1663993,3,3
4445,telega,ctg_330865,FALSE,FALSE,3153709,1,0
4446,telega,ctg_331485,TRUE,FALSE,1622153,14,2
4447,telega,ctg_331780,FALSE,FALSE,1944386,5,0
4448,telega,ctg_332166,FALSE,FALSE,2509642,2,8
4449,telega,ctg_33227,FALSE,FALSE,5533057,1,1
4450,telega,ctg_332803,FALSE,FALSE,1765724,4,7
4451,telega,ctg_333240,FALSE,FALSE,5935945,1,3
4452,telega,ctg_334370,FALSE,FALSE,1084606,2,3
4453,telega,ctg_334729,FALSE,TRUE,2559076,6,1151
4454,telega,ctg_335175,TRUE,FALSE,3396478,166,3
4455,telega,ctg_335793,FALSE,FALSE,2173917,2,2
4456,telega,ctg_336200,FALSE,FALSE,2201800,5,8
4457,telega,ctg_336622,FALSE,FALSE,1941884,3,3
4458,telega,ctg_336978,FALSE,FALSE,2247462,2,3
4459,telega,ctg_337489,FALSE,FALSE,1318862,1,2
4460,telega,ctg_337736,FALSE,FALSE,5307595,5,9
4461,telega,ctg_338709,FALSE,FALSE,2555661,4,2
4462,telega,ctg_339256,FALSE,FALSE,2851850,3,6
4463,telega,ctg_339776,FALSE,FALSE,1086288,3,5
4464,telega,ctg_339991,FALSE,FALSE,1256989,4,2
4465,telega,ctg_340226,FALSE,FALSE,3682391,4,4
4466,telega,ctg_340941,FALSE,FALSE,1691801,1,3
4467,telega,ctg_341269,FALSE,FALSE,2420220,1,3
4468,telega,ctg_341793,FALSE,TRUE,2896548,5,10
4469,telega,ctg_342340,FALSE,FALSE,2299337,9,9
4470,telega,ctg_342746,FALSE,FALSE,1082570,4,0
4471,telega,ctg_34308,TRUE,TRUE,1693341,17,28
4472,telega,ctg_343112,FALSE,FALSE,1337713,0,2
4473,telega,ctg_343363,FALSE,FALSE,1176521,5,2
4474,telega,ctg_343648,FALSE,FALSE,2334315,5,5
4475,telega,ctg_344102,FALSE,FALSE,1002776,4,2
4476,telega,ctg_344306,FALSE,FALSE,3466896,3,0
4477,telega,ctg_344961,FALSE,FALSE,1833691,3,1
4478,telega,ctg_345309,FALSE,FALSE,1519874,3,9
4479,telega,ctg_345901,FALSE,FALSE,2804015,1,0
4480,telega,ctg_34608,FALSE,FALSE,1949616,4,7
4481,telega,ctg_346438,FALSE,FALSE,1498901,5,2
4482,telega,ctg_346999,FALSE,FALSE,2990515,7,1
4483,telega,ctg_347585,FALSE,FALSE,1200169,1,0
4484,telega,ctg_347787,FALSE,FALSE,1002020,3,3
4485,telega,ctg_347969,FALSE,FALSE,1243463,0,3
4486,telega,ctg_348690,FALSE,FALSE,2182339,4,3
4487,telega,ctg_349199,FALSE,FALSE,1047587,1,2
4488,telega,ctg_349389,FALSE,FALSE,2576378,3,2
4489,telega,ctg_349841,FALSE,FALSE,1959912,1,3
4490,telega,ctg_35045,FALSE,TRUE,1659930,5,15
4491,telega,ctg_350578,FALSE,FALSE,1462936,4,1
4492,telega,ctg_350849,FALSE,FALSE,1668573,2,2
4493,telega,ctg_351382,FALSE,FALSE,1133896,7,7
4494,telega,ctg_351598,FALSE,FALSE,1213988,2,1
4495,telega,ctg_351942,FALSE,FALSE,2587872,4,3
4496,telega,ctg_352463,FALSE,FALSE,2810623,2,1
4497,telega,ctg_353159,FALSE,TRUE,1569871,5,15
4498,telega,ctg_353691,FALSE,FALSE,1405611,6,4
4499,telega,ctg_354163,FALSE,FALSE,2680405,4,1
4500,telega,ctg_35430,FALSE,FALSE,1651565,2,4
4501,telega,ctg_354666,FALSE,FALSE,1567310,2,2
4502,telega,ctg_355402,FALSE,FALSE,1363918,4,2
4503,telega,ctg_355758,FALSE,FALSE,1000898,2,4
4504,telega,ctg_355945,FALSE,FALSE,1597056,1,4
4505,telega,ctg_356735,FALSE,FALSE,1839529,2,4
4506,telega,ctg_357104,FALSE,FALSE,1965983,1,7
4507,telega,ctg_357548,FALSE,FALSE,2136909,5,4
4508,telega,ctg_358063,FALSE,FALSE,2437796,0,3
4509,telega,ctg_358497,FALSE,TRUE,1081627,0,20
4510,telega,ctg_358696,FALSE,FALSE,2578328,9,2
4511,telega,ctg_35899,FALSE,FALSE,3059567,4,2
4512,telega,ctg_359271,FALSE,FALSE,991437,2,7
4513,telega,ctg_3594,FALSE,FALSE,3288440,0,0
4514,telega,ctg_359443,FALSE,FALSE,2121358,6,1
4515,telega,ctg_359816,FALSE,FALSE,994389,4,4
4516,telega,ctg_360099,FALSE,FALSE,1446877,6,0
4517,telega,ctg_360346,FALSE,FALSE,1574138,5,1
4518,telega,ctg_360773,FALSE,FALSE,3218044,3,5
4519,telega,ctg_361380,FALSE,FALSE,1276718,1,2
4520,telega,ctg_361782,FALSE,FALSE,1348723,5,4
4521,telega,ctg_362080,FALSE,FALSE,1172629,2,2
4522,telega,ctg_362297,FALSE,FALSE,4100533,3,8
4523,telega,ctg_363401,FALSE,FALSE,1745027,3,3
4524,telega,ctg_363738,FALSE,FALSE,3443060,4,1
4525,telega,ctg_364403,FALSE,FALSE,1599988,6,1
4526,telega,ctg_36442,FALSE,FALSE,2485469,8,3
4527,telega,ctg_365036,FALSE,FALSE,2976738,4,6
4528,telega,ctg_365660,FALSE,FALSE,1002650,3,3
4529,telega,ctg_366049,TRUE,FALSE,1503499,15,4
4530,telega,ctg_366467,FALSE,FALSE,1183520,1,0
4531,telega,ctg_366938,FALSE,FALSE,1924929,2,2
4532,telega,ctg_367317,FALSE,TRUE,1210957,7,13
4533,telega,ctg_367547,FALSE,FALSE,2318503,2,3
4534,telega,ctg_367949,FALSE,FALSE,1776520,4,5
4535,telega,ctg_368305,FALSE,FALSE,1853159,7,2
4536,telega,ctg_368650,FALSE,FALSE,2377518,2,2
4537,telega,ctg_369171,FALSE,FALSE,1328231,7,2
4538,telega,ctg_36935,FALSE,FALSE,1315866,2,6
4539,telega,ctg_369427,FALSE,FALSE,1157483,2,1
4540,telega,ctg_369638,FALSE,FALSE,1773395,6,3
4541,telega,ctg_370124,FALSE,FALSE,3884155,4,2
4542,telega,ctg_371143,FALSE,FALSE,3046538,0,5
4543,telega,ctg_371822,FALSE,FALSE,1143433,5,5
4544,telega,ctg_372048,FALSE,FALSE,2680219,1,1
4545,telega,ctg_372577,FALSE,FALSE,1322978,1,5
4546,telega,ctg_37279,FALSE,FALSE,2955023,3,3
4547,telega,ctg_373235,FALSE,FALSE,2183750,1,3
4548,telega,ctg_373844,FALSE,FALSE,1634041,5,1
4549,telega,ctg_374143,FALSE,FALSE,1535874,4,0
4550,telega,ctg_374411,FALSE,FALSE,1728636,2,3
4551,telega,ctg_374758,FALSE,FALSE,6330748,2,2
4552,telega,ctg_376310,FALSE,FALSE,1400649,2,4
4553,telega,ctg_376668,FALSE,FALSE,1124838,5,2
4554,telega,ctg_376879,FALSE,FALSE,1508292,6,4
4555,telega,ctg_377790,FALSE,FALSE,1189387,2,2
4556,telega,ctg_378155,FALSE,FALSE,1004826,2,4
4557,telega,ctg_378341,FALSE,FALSE,2324486,2,1
4558,telega,ctg_37847,FALSE,TRUE,2128980,4,152
4559,telega,ctg_378884,FALSE,FALSE,1421300,2,2
4560,telega,ctg_379286,FALSE,FALSE,3360380,3,3
4561,telega,ctg_380028,FALSE,FALSE,1085941,5,2
4562,telega,ctg_380222,FALSE,FALSE,3112313,6,1
4563,telega,ctg_381285,FALSE,FALSE,1022733,0,3
4564,telega,ctg_381486,FALSE,FALSE,2436444,6,3
4565,telega,ctg_381937,TRUE,TRUE,1521694,420,27
4566,telega,ctg_382358,FALSE,FALSE,1050955,2,5
4567,telega,ctg_38240,FALSE,FALSE,3342938,6,1
4568,telega,ctg_382582,FALSE,FALSE,2611244,0,2
4569,telega,ctg_383102,FALSE,FALSE,1059363,3,4
4570,telega,ctg_383292,FALSE,FALSE,990078,1,0
4571,telega,ctg_383474,FALSE,FALSE,1234242,4,1
4572,telega,ctg_384091,FALSE,FALSE,1170718,3,4
4573,telega,ctg_384319,FALSE,FALSE,1080576,2,1
4574,telega,ctg_384519,FALSE,FALSE,2674992,5,3
4575,telega,ctg_385040,FALSE,FALSE,3295855,5,4
4576,telega,ctg_385790,FALSE,FALSE,1002493,2,5
4577,telega,ctg_386160,FALSE,FALSE,1574923,4,0
4578,telega,ctg_386465,FALSE,FALSE,1318530,5,2
4579,telega,ctg_386767,FALSE,FALSE,1897358,4,0
4580,telega,ctg_387102,FALSE,FALSE,1469879,2,6
4581,telega,ctg_387934,FALSE,FALSE,1520717,8,2
4582,telega,ctg_388534,FALSE,FALSE,1084031,9,9
4583,telega,ctg_388731,FALSE,FALSE,1673227,5,0
4584,telega,ctg_389036,FALSE,FALSE,2528053,3,2
4585,telega,ctg_38936,FALSE,FALSE,1015243,3,3
4586,telega,ctg_389522,FALSE,FALSE,1046220,2,3
4587,telega,ctg_389723,FALSE,FALSE,2714900,2,1
4588,telega,ctg_390442,FALSE,FALSE,1378773,4,6
4589,telega,ctg_390809,FALSE,FALSE,1176613,3,2
4590,telega,ctg_391023,FALSE,FALSE,1574818,3,0
4591,telega,ctg_39128,FALSE,FALSE,1572853,2,4
4592,telega,ctg_391337,FALSE,FALSE,2976239,4,2
4593,telega,ctg_391902,FALSE,FALSE,1032826,3,2
4594,telega,ctg_392104,FALSE,FALSE,2095348,3,6
4595,telega,ctg_392505,FALSE,FALSE,1970053,5,2
4596,telega,ctg_392864,FALSE,FALSE,1189764,2,4
4597,telega,ctg_393224,FALSE,TRUE,1510152,5,11
4598,telega,ctg_393504,FALSE,FALSE,1522899,3,0
4599,telega,ctg_393780,FALSE,FALSE,1135561,7,4
4600,telega,ctg_394018,FALSE,FALSE,2779613,3,0
4601,telega,ctg_39430,FALSE,FALSE,2036899,4,2
4602,telega,ctg_394902,FALSE,FALSE,2313181,2,4
4603,telega,ctg_395357,TRUE,FALSE,2411093,10,1
4604,telega,ctg_395969,FALSE,FALSE,1483158,6,4
4605,telega,ctg_396711,FALSE,TRUE,2015125,4,10
4606,telega,ctg_397539,FALSE,FALSE,1143230,2,0
4607,telega,ctg_397822,FALSE,FALSE,2333225,4,5
4608,telega,ctg_39809,FALSE,FALSE,3958576,5,3
4609,telega,ctg_398428,FALSE,FALSE,1210587,4,2
4610,telega,ctg_398896,FALSE,FALSE,1208578,0,5
4611,telega,ctg_399111,FALSE,FALSE,1881397,8,2
4612,telega,ctg_399485,FALSE,FALSE,1425190,8,6
4613,telega,ctg_399738,FALSE,FALSE,1053759,5,2
4614,telega,ctg_399915,FALSE,FALSE,3280543,5,0
4615,telega,ctg_400800,FALSE,FALSE,2916469,6,2
4616,telega,ctg_401439,FALSE,FALSE,2354793,3,2
4617,telega,ctg_401906,FALSE,FALSE,1601093,3,1
4618,telega,ctg_402197,FALSE,TRUE,1247408,1,13
4619,telega,ctg_402774,FALSE,FALSE,1728851,0,1
4620,telega,ctg_403548,FALSE,FALSE,1017054,2,3
4621,telega,ctg_403810,FALSE,FALSE,2078167,1,4
4622,telega,ctg_404206,FALSE,FALSE,1444376,2,2
4623,telega,ctg_404955,FALSE,FALSE,1580179,1,2
4624,telega,ctg_405426,FALSE,FALSE,1464557,4,1
4625,telega,ctg_40573,FALSE,FALSE,5025622,2,5
4626,telega,ctg_405874,FALSE,FALSE,1433445,1,4
4627,telega,ctg_406143,FALSE,FALSE,1662587,3,2
4628,telega,ctg_406774,FALSE,FALSE,1328946,6,4
4629,telega,ctg_407036,FALSE,FALSE,1279477,7,2
4630,telega,ctg_407271,FALSE,FALSE,1956914,4,4
4631,telega,ctg_407710,FALSE,FALSE,4351990,2,1
4632,telega,ctg_408900,FALSE,FALSE,2111270,1,1
4633,telega,ctg_409328,FALSE,FALSE,1875885,4,0
4634,telega,ctg_409686,FALSE,FALSE,1888962,8,6
4635,telega,ctg_410621,FALSE,FALSE,1239929,5,3
4636,telega,ctg_410852,FALSE,FALSE,1108850,8,0
4637,telega,ctg_411039,FALSE,FALSE,1534759,2,1
4638,telega,ctg_411314,FALSE,FALSE,2011740,5,1
4639,telega,ctg_411702,FALSE,FALSE,1534898,1,0
4640,telega,ctg_412106,FALSE,FALSE,2584005,0,6
4641,telega,ctg_412915,FALSE,FALSE,1122241,2,3
4642,telega,ctg_413607,FALSE,FALSE,1035082,4,3
4643,telega,ctg_413926,FALSE,FALSE,1867205,5,3
4644,telega,ctg_414372,FALSE,FALSE,3460332,2,2
4645,telega,ctg_415071,FALSE,FALSE,3909056,3,1
4646,telega,ctg_41524,FALSE,FALSE,2157493,0,4
4647,telega,ctg_416084,FALSE,FALSE,2744532,4,0
4648,telega,ctg_416655,FALSE,FALSE,3777187,2,2
4649,telega,ctg_417744,FALSE,FALSE,1060930,4,0
4650,telega,ctg_417957,TRUE,FALSE,2075611,23,4
4651,telega,ctg_418377,FALSE,FALSE,1035591,0,4
4652,telega,ctg_418583,FALSE,FALSE,2257942,7,4
4653,telega,ctg_4189,FALSE,FALSE,1398915,4,1
4654,telega,ctg_419028,FALSE,FALSE,1049243,1,7
4655,telega,ctg_419240,FALSE,FALSE,1402733,0,2
4656,telega,ctg_41927,FALSE,FALSE,2367124,5,2
4657,telega,ctg_419512,FALSE,FALSE,2022744,1,3
4658,telega,ctg_419919,FALSE,FALSE,1449213,4,3
4659,telega,ctg_420328,FALSE,FALSE,1877472,4,0
4660,telega,ctg_420677,FALSE,FALSE,2308981,4,4
4661,telega,ctg_421122,FALSE,FALSE,2168331,4,7
4662,telega,ctg_421538,FALSE,FALSE,1211740,3,0
4663,telega,ctg_421820,FALSE,FALSE,1660790,3,2
4664,telega,ctg_422259,FALSE,FALSE,2431882,0,0
4665,telega,ctg_422905,FALSE,FALSE,1460255,7,6
4666,telega,ctg_423211,FALSE,FALSE,1419304,0,2
4667,telega,ctg_423489,FALSE,FALSE,1829029,2,5
4668,telega,ctg_424264,FALSE,FALSE,2025162,5,0
4669,telega,ctg_42470,FALSE,FALSE,2145897,5,1
4670,telega,ctg_424732,FALSE,FALSE,1214195,3,6
4671,telega,ctg_425030,FALSE,FALSE,2086274,3,7
4672,telega,ctg_425442,TRUE,FALSE,1857434,14,0
4673,telega,ctg_425797,FALSE,FALSE,1027551,6,3
4674,telega,ctg_425995,FALSE,FALSE,2030434,3,4
4675,telega,ctg_426378,FALSE,FALSE,1682746,3,4
4676,telega,ctg_426679,FALSE,FALSE,996365,3,1
4677,telega,ctg_426874,FALSE,FALSE,1418790,0,4
4678,telega,ctg_427128,FALSE,FALSE,2186432,2,2
4679,telega,ctg_427794,FALSE,FALSE,1507923,0,0
4680,telega,ctg_428171,FALSE,FALSE,1934905,2,2
4681,telega,ctg_42878,FALSE,FALSE,1842061,4,4
4682,telega,ctg_428866,TRUE,FALSE,1278304,686,0
4683,telega,ctg_429517,FALSE,FALSE,1254829,4,4
4684,telega,ctg_429746,FALSE,FALSE,1858735,6,3
4685,telega,ctg_430099,FALSE,FALSE,1909367,6,3
4686,telega,ctg_430456,FALSE,FALSE,1742237,2,6
4687,telega,ctg_430796,FALSE,FALSE,1817266,3,3
4688,telega,ctg_431383,FALSE,FALSE,1064797,5,7
4689,telega,ctg_431960,FALSE,FALSE,3320860,1,2
4690,telega,ctg_43243,FALSE,FALSE,3954409,0,4
4691,telega,ctg_432608,FALSE,FALSE,1208622,2,1
4692,telega,ctg_432839,FALSE,TRUE,1320673,1,18
4693,telega,ctg_433075,FALSE,FALSE,1116834,1,2
4694,telega,ctg_433299,FALSE,FALSE,1209676,6,2
4695,telega,ctg_433609,FALSE,TRUE,1316527,1,15
4696,telega,ctg_434198,FALSE,FALSE,1431165,3,6
4697,telega,ctg_434780,FALSE,FALSE,1363885,0,1
4698,telega,ctg_435438,FALSE,FALSE,2356222,2,2
4699,telega,ctg_435869,FALSE,FALSE,2256581,3,2
4700,telega,ctg_436267,FALSE,FALSE,1830952,1,2
4701,telega,ctg_436718,FALSE,FALSE,2331267,4,3
4702,telega,ctg_437302,TRUE,TRUE,1243428,27,853
4703,telega,ctg_437519,FALSE,FALSE,1303523,6,5
4704,telega,ctg_437771,FALSE,FALSE,2335042,4,2
4705,telega,ctg_438199,FALSE,FALSE,1404907,3,2
4706,telega,ctg_438455,FALSE,FALSE,1269527,5,6
4707,telega,ctg_438842,FALSE,FALSE,1447248,9,0
4708,telega,ctg_439545,FALSE,FALSE,1616232,7,5
4709,telega,ctg_44001,FALSE,FALSE,1648555,5,5
4710,telega,ctg_440298,FALSE,FALSE,2360617,2,8
4711,telega,ctg_440764,FALSE,FALSE,1324661,6,4
4712,telega,ctg_441263,FALSE,FALSE,1339212,2,6
4713,telega,ctg_441503,FALSE,FALSE,1406794,1,3
4714,telega,ctg_442231,FALSE,FALSE,1484330,2,8
4715,telega,ctg_442813,FALSE,FALSE,1102452,5,5
4716,telega,ctg_44303,FALSE,FALSE,2450512,1,1
4717,telega,ctg_443143,FALSE,FALSE,1762948,1,0
4718,telega,ctg_443664,FALSE,FALSE,2345473,4,1
4719,telega,ctg_444166,FALSE,FALSE,1465153,1,3
4720,telega,ctg_444442,FALSE,FALSE,1763006,2,2
4721,telega,ctg_444779,TRUE,FALSE,3062995,14,0
4722,telega,ctg_445375,FALSE,FALSE,1386460,9,2
4723,telega,ctg_445664,FALSE,FALSE,3632391,1,5
4724,telega,ctg_446350,FALSE,FALSE,1388074,2,6
4725,telega,ctg_446827,FALSE,FALSE,1412137,3,1
4726,telega,ctg_447090,FALSE,FALSE,1600714,3,7
4727,telega,ctg_447451,FALSE,FALSE,2806858,7,1
4728,telega,ctg_447999,FALSE,FALSE,1915899,3,3
4729,telega,ctg_448423,FALSE,FALSE,1714432,4,3
4730,telega,ctg_44848,FALSE,FALSE,1638694,2,6
4731,telega,ctg_449016,FALSE,FALSE,2523389,2,2
4732,telega,ctg_449849,FALSE,FALSE,999301,3,4
4733,telega,ctg_450132,FALSE,TRUE,1092899,9,13
4734,telega,ctg_450385,TRUE,TRUE,1332128,1357,27
4735,telega,ctg_450630,FALSE,FALSE,2189894,4,6
4736,telega,ctg_451384,FALSE,FALSE,1002101,1,6
4737,telega,ctg_451604,FALSE,FALSE,1093370,3,0
4738,telega,ctg_45176,FALSE,FALSE,1186666,1,2
4739,telega,ctg_451887,FALSE,FALSE,1383719,4,2
4740,telega,ctg_452164,TRUE,FALSE,2493141,550,4
4741,telega,ctg_453324,FALSE,FALSE,1237395,7,3
4742,telega,ctg_45394,FALSE,FALSE,1907427,3,2
4743,telega,ctg_454045,FALSE,FALSE,1537289,2,6
4744,telega,ctg_454412,FALSE,TRUE,1134816,4,15
4745,telega,ctg_454723,FALSE,FALSE,2735410,2,2
4746,telega,ctg_455309,FALSE,FALSE,1135134,5,2
4747,telega,ctg_455530,FALSE,FALSE,1990235,0,3
4748,telega,ctg_456050,FALSE,FALSE,1967695,6,3
4749,telega,ctg_4563,TRUE,FALSE,2096639,137,4
4750,telega,ctg_456776,FALSE,FALSE,1959652,0,6
4751,telega,ctg_457433,FALSE,FALSE,1399171,3,1
4752,telega,ctg_45755,FALSE,FALSE,2428827,4,1
4753,telega,ctg_458006,FALSE,FALSE,1370372,2,0
4754,telega,ctg_459046,FALSE,FALSE,1145615,5,5
4755,telega,ctg_459266,FALSE,FALSE,1673002,3,1
4756,telega,ctg_459596,FALSE,TRUE,2581916,5,554
4757,telega,ctg_460307,FALSE,FALSE,2419376,2,4
4758,telega,ctg_461710,FALSE,FALSE,1190398,3,1
4759,telega,ctg_462872,FALSE,FALSE,1006883,5,0
4760,telega,ctg_463065,FALSE,FALSE,1441533,1,3
4761,telega,ctg_46325,FALSE,TRUE,1076493,6,828
4762,telega,ctg_463339,FALSE,FALSE,1178250,3,2
4763,telega,ctg_463623,FALSE,FALSE,1881998,0,6
4764,telega,ctg_463978,FALSE,FALSE,1639542,4,3
4765,telega,ctg_464731,FALSE,TRUE,1627964,4,14
4766,telega,ctg_46538,FALSE,FALSE,5433423,3,1
4767,telega,ctg_465414,FALSE,TRUE,1826411,5,28
4768,telega,ctg_465769,FALSE,FALSE,1757453,7,1
4769,telega,ctg_466296,FALSE,FALSE,1168155,3,2
4770,telega,ctg_466828,FALSE,FALSE,1078668,2,2
4771,telega,ctg_467060,FALSE,FALSE,2001541,5,2
4772,telega,ctg_467457,FALSE,FALSE,1350296,3,3
4773,telega,ctg_467804,FALSE,FALSE,1554151,4,0
4774,telega,ctg_468232,FALSE,FALSE,1803774,4,5
4775,telega,ctg_468774,FALSE,FALSE,2470869,0,4
4776,telega,ctg_469245,FALSE,FALSE,2333446,3,2
4777,telega,ctg_469914,FALSE,FALSE,1180356,3,2
4778,telega,ctg_470422,FALSE,FALSE,2044972,2,3
4779,telega,ctg_470938,FALSE,FALSE,2738552,3,2
4780,telega,ctg_472647,FALSE,FALSE,1525460,6,2
4781,telega,ctg_472929,FALSE,FALSE,1431298,1,0
4782,telega,ctg_473140,FALSE,FALSE,999173,3,0
4783,telega,ctg_473688,FALSE,FALSE,1587821,4,5
4784,telega,ctg_473979,FALSE,FALSE,1350599,4,2
4785,telega,ctg_474422,FALSE,FALSE,1627515,3,2
4786,telega,ctg_475462,FALSE,FALSE,1424796,3,2
4787,telega,ctg_475865,FALSE,FALSE,1034956,4,0
4788,telega,ctg_47590,FALSE,FALSE,1794248,4,5
4789,telega,ctg_477329,FALSE,FALSE,1628358,2,2
4790,telega,ctg_477828,FALSE,FALSE,1782772,5,2
4791,telega,ctg_478764,FALSE,FALSE,1177717,0,6
4792,telega,ctg_478971,FALSE,FALSE,1478537,7,3
4793,telega,ctg_47962,FALSE,FALSE,2289618,5,5
4794,telega,ctg_479704,FALSE,FALSE,2397464,3,2
4795,telega,ctg_480572,FALSE,FALSE,1228937,5,3
4796,telega,ctg_481506,FALSE,FALSE,1297039,3,5
4797,telega,ctg_481757,FALSE,FALSE,1121932,4,0
4798,telega,ctg_482474,FALSE,FALSE,1778946,9,1
4799,telega,ctg_482883,FALSE,FALSE,2936981,1,0
4800,telega,ctg_483580,FALSE,FALSE,1247966,4,6
4801,telega,ctg_483808,FALSE,FALSE,1771134,3,4
4802,telega,ctg_48419,FALSE,FALSE,1663431,3,4
4803,telega,ctg_484984,FALSE,TRUE,1123864,7,13
4804,telega,ctg_485328,FALSE,FALSE,1082115,4,0
4805,telega,ctg_485618,FALSE,FALSE,1130218,3,3
4806,telega,ctg_485841,FALSE,FALSE,1203727,2,2
4807,telega,ctg_486235,FALSE,FALSE,1562546,3,4
4808,telega,ctg_487449,FALSE,FALSE,1025646,3,0
4809,telega,ctg_487988,FALSE,FALSE,1319844,3,0
4810,telega,ctg_488685,FALSE,FALSE,1313264,3,2
4811,telega,ctg_489538,FALSE,FALSE,1582110,0,3
4812,telega,ctg_490372,FALSE,FALSE,1182078,3,2
4813,telega,ctg_49095,FALSE,FALSE,2168745,1,5
4814,telega,ctg_491055,FALSE,FALSE,1973436,6,1
4815,telega,ctg_491998,FALSE,FALSE,1177438,2,1
4816,telega,ctg_493009,FALSE,FALSE,1455448,5,5
4817,telega,ctg_494007,FALSE,FALSE,1343020,4,0
4818,telega,ctg_494236,FALSE,FALSE,3166196,0,1
4819,telega,ctg_494872,FALSE,FALSE,1093277,3,2
4820,telega,ctg_495057,FALSE,FALSE,1146589,4,2
4821,telega,ctg_49507,FALSE,FALSE,1033031,0,0
4822,telega,ctg_495674,FALSE,FALSE,1566437,0,3
4823,telega,ctg_496251,FALSE,FALSE,1109535,2,2
4824,telega,ctg_496457,FALSE,FALSE,1710063,3,2
4825,telega,ctg_496889,FALSE,TRUE,1205189,5,531
4826,telega,ctg_4973,FALSE,FALSE,2852211,3,8
4827,telega,ctg_497612,FALSE,FALSE,1467381,4,5
4828,telega,ctg_497906,FALSE,FALSE,1249507,3,1
4829,telega,ctg_49847,FALSE,FALSE,3459272,2,3
4830,telega,ctg_498941,FALSE,FALSE,1545963,4,3
4831,telega,ctg_499392,FALSE,FALSE,1047139,3,2
4832,telega,ctg_499961,FALSE,FALSE,1668187,0,0
4833,telega,ctg_500455,FALSE,TRUE,1077706,3,11
4834,telega,ctg_500731,FALSE,FALSE,1001922,3,3
4835,telega,ctg_501629,TRUE,FALSE,1385631,15,6
4836,telega,ctg_502307,FALSE,FALSE,1121809,2,2
4837,telega,ctg_502581,FALSE,FALSE,1244184,5,6
4838,telega,ctg_502896,FALSE,FALSE,2075630,5,6
4839,telega,ctg_503538,FALSE,FALSE,2374164,3,2
4840,telega,ctg_504059,FALSE,FALSE,1488556,5,2
4841,telega,ctg_504434,FALSE,FALSE,1023624,4,2
4842,telega,ctg_50519,FALSE,FALSE,1032059,2,3
4843,telega,ctg_505707,FALSE,FALSE,1935694,1,2
4844,telega,ctg_506153,FALSE,FALSE,1149609,1,7
4845,telega,ctg_506535,FALSE,FALSE,1048117,3,5
4846,telega,ctg_50805,FALSE,FALSE,2768155,1,4
4847,telega,ctg_508179,FALSE,FALSE,1014401,2,1
4848,telega,ctg_508967,TRUE,TRUE,1153779,22,200
4849,telega,ctg_509754,FALSE,FALSE,1424889,2,2
4850,telega,ctg_511730,FALSE,FALSE,1540718,3,0
4851,telega,ctg_512521,FALSE,FALSE,1474001,5,3
4852,telega,ctg_51335,FALSE,FALSE,1133524,6,0
4853,telega,ctg_514367,FALSE,FALSE,1795754,2,2
4854,telega,ctg_51524,FALSE,FALSE,2363628,7,4
4855,telega,ctg_517713,FALSE,FALSE,1937432,2,2
4856,telega,ctg_519955,FALSE,FALSE,1091316,2,0
4857,telega,ctg_520568,TRUE,FALSE,1035274,618,0
4858,telega,ctg_520753,FALSE,TRUE,1172765,5,427
4859,telega,ctg_52147,FALSE,TRUE,3144242,2,15
4860,telega,ctg_521593,TRUE,TRUE,1419134,19,27
4861,telega,ctg_522743,FALSE,FALSE,1138409,9,2
4862,telega,ctg_523104,FALSE,FALSE,1054206,4,5
4863,telega,ctg_523305,FALSE,FALSE,1194214,4,3
4864,telega,ctg_523532,FALSE,FALSE,1779932,9,1
4865,telega,ctg_525949,FALSE,FALSE,1158577,3,4
4866,telega,ctg_52765,FALSE,FALSE,3485615,1,2
4867,telega,ctg_528280,FALSE,FALSE,1387869,6,3
4868,telega,ctg_528672,FALSE,FALSE,1767503,6,7
4869,telega,ctg_528997,FALSE,FALSE,1302870,6,5
4870,telega,ctg_530728,FALSE,FALSE,1200363,1,1
4871,telega,ctg_531301,FALSE,FALSE,1137128,7,4
4872,telega,ctg_532683,FALSE,FALSE,996324,1,0
4873,telega,ctg_534018,FALSE,FALSE,1029077,5,2
4874,telega,ctg_53447,FALSE,FALSE,6979927,8,3
4875,telega,ctg_535611,FALSE,TRUE,1057425,2,22
4876,telega,ctg_535801,FALSE,FALSE,1031250,5,3
4877,telega,ctg_536634,FALSE,FALSE,1073818,3,2
4878,telega,ctg_537153,FALSE,FALSE,1090371,0,0
4879,telega,ctg_539546,FALSE,FALSE,1171472,6,2
4880,telega,ctg_542043,FALSE,FALSE,1265314,8,1
4881,telega,ctg_542787,FALSE,FALSE,1169200,1,3
4882,telega,ctg_546131,TRUE,FALSE,1147838,18,2
4883,telega,ctg_54835,FALSE,FALSE,1168125,0,4
4884,telega,ctg_55050,TRUE,FALSE,1457021,14,3
4885,telega,ctg_551280,FALSE,FALSE,1267017,3,2
4886,telega,ctg_55645,FALSE,FALSE,1525320,4,7
4887,telega,ctg_5579,FALSE,FALSE,2075179,5,4
4888,telega,ctg_55917,FALSE,FALSE,1189173,3,4
4889,telega,ctg_56310,FALSE,FALSE,3246518,2,1
4890,telega,ctg_57049,FALSE,FALSE,2814302,0,2
4891,telega,ctg_57781,FALSE,FALSE,4951031,1,1
4892,telega,ctg_58708,FALSE,FALSE,3047824,7,3
4893,telega,ctg_59307,TRUE,FALSE,1429705,14,5
4894,telega,ctg_5951,FALSE,FALSE,1011280,2,1
4895,telega,ctg_59585,FALSE,FALSE,2062150,5,3
4896,telega,ctg_59958,FALSE,FALSE,2070651,2,4
4897,telega,ctg_60344,FALSE,FALSE,4115395,1,2
4898,telega,ctg_61115,FALSE,FALSE,1000366,7,4
4899,telega,ctg_6147,FALSE,FALSE,7591564,3,5
4900,telega,ctg_61483,TRUE,FALSE,2276024,10,4
4901,telega,ctg_61927,FALSE,FALSE,1780022,3,5
4902,telega,ctg_62255,FALSE,FALSE,1125995,5,0
4903,telega,ctg_62479,FALSE,FALSE,1298949,0,3
4904,telega,ctg_63101,FALSE,FALSE,5226707,2,3
4905,telega,ctg_64099,FALSE,FALSE,3490573,5,1
4906,telega,ctg_64753,FALSE,FALSE,3830786,4,3
4907,telega,ctg_65488,FALSE,FALSE,2023375,0,3
4908,telega,ctg_65889,FALSE,TRUE,2202207,8,15
4909,telega,ctg_66288,FALSE,FALSE,2753150,4,4
4910,telega,ctg_66814,FALSE,FALSE,1518061,0,0
4911,telega,ctg_67082,TRUE,FALSE,1687707,32,1
4912,telega,ctg_67453,FALSE,FALSE,5105363,1,6
4913,telega,ctg_68552,FALSE,FALSE,4272338,0,0
4914,telega,ctg_69311,FALSE,FALSE,1729691,4,1
4915,telega,ctg_69647,FALSE,FALSE,1125475,5,2
4916,telega,ctg_69853,TRUE,FALSE,3802642,13,2
4917,telega,ctg_70567,FALSE,FALSE,3350995,4,5
4918,telega,ctg_71201,FALSE,FALSE,3671106,1,0
4919,telega,ctg_71956,FALSE,FALSE,3831403,2,5
4920,telega,ctg_72669,TRUE,FALSE,3738104,10,5
4921,telega,ctg_73404,FALSE,FALSE,2263649,4,4
4922,telega,ctg_73841,FALSE,FALSE,2064824,0,0
4923,telega,ctg_74222,FALSE,FALSE,1111943,2,5
4924,telega,ctg_74425,FALSE,FALSE,2360884,4,4
4925,telega,ctg_74864,FALSE,FALSE,2457894,6,2
4926,telega,ctg_75316,FALSE,FALSE,4085704,9,5
4927,telega,ctg_7600,FALSE,TRUE,1606553,1,15
4928,telega,ctg_76209,FALSE,TRUE,3191816,2,14
4929,telega,ctg_76926,FALSE,FALSE,2684304,2,4
4930,telega,ctg_77433,FALSE,FALSE,2957797,0,2
4931,telega,ctg_77947,FALSE,FALSE,1282488,2,2
4932,telega,ctg_78187,FALSE,FALSE,1186284,5,4
4933,telega,ctg_78577,TRUE,FALSE,1077043,26,3
4934,telega,ctg_78766,FALSE,FALSE,2482047,5,5
4935,telega,ctg_7913,FALSE,FALSE,2445537,1,3
4936,telega,ctg_79213,TRUE,TRUE,2295926,27,28
4937,telega,ctg_79653,FALSE,FALSE,1002317,1,3
4938,telega,ctg_79850,FALSE,FALSE,3190761,6,1
4939,telega,ctg_80669,FALSE,FALSE,4776052,3,4
4940,telega,ctg_81574,FALSE,FALSE,1172519,4,0
4941,telega,ctg_81789,FALSE,FALSE,2299342,8,1
4942,telega,ctg_82216,FALSE,FALSE,1816423,0,2
4943,telega,ctg_82540,FALSE,FALSE,1559835,3,3
4944,telega,ctg_82844,FALSE,TRUE,1868756,4,25
4945,telega,ctg_83320,FALSE,FALSE,2769888,3,4
4946,telega,ctg_8371,FALSE,FALSE,1206280,0,2
4947,telega,ctg_83872,FALSE,FALSE,2434857,3,4
4948,telega,ctg_84333,FALSE,FALSE,2831338,3,4
4949,telega,ctg_85148,FALSE,FALSE,1591830,0,0
4950,telega,ctg_85435,FALSE,FALSE,1911219,3,1
4951,telega,ctg_85814,TRUE,FALSE,1909625,12,0
4952,telega,ctg_8591,FALSE,FALSE,3618913,2,1
4953,telega,ctg_86185,FALSE,FALSE,1286189,6,0
4954,telega,ctg_86547,FALSE,FALSE,1575561,3,2
4955,telega,ctg_86843,FALSE,FALSE,3551550,2,0
4956,telega,ctg_87503,FALSE,FALSE,1054326,4,2
4957,telega,ctg_87705,FALSE,TRUE,1594778,0,15
4958,telega,ctg_88005,FALSE,FALSE,1400037,3,2
4959,telega,ctg_88262,FALSE,FALSE,2723632,5,0
4960,telega,ctg_88774,FALSE,FALSE,2143284,3,1
4961,telega,ctg_89375,FALSE,FALSE,2225194,0,1
4962,telega,ctg_89802,FALSE,FALSE,2073045,4,2
4963,telega,ctg_90205,FALSE,FALSE,2190358,3,0
4964,telega,ctg_90658,FALSE,FALSE,3591371,0,6
4965,telega,ctg_91311,FALSE,FALSE,1799033,3,0
4966,telega,ctg_91648,FALSE,FALSE,2038596,5,7
4967,telega,ctg_92040,FALSE,TRUE,1083642,4,15
4968,telega,ctg_92250,FALSE,FALSE,1139665,2,0
4969,telega,ctg_92620,FALSE,FALSE,1087193,2,3
4970,telega,ctg_93006,FALSE,FALSE,1068176,4,3
4971,telega,ctg_9301,FALSE,FALSE,1674942,0,2
4972,telega,ctg_93471,FALSE,FALSE,2107640,2,6
4973,telega,ctg_93845,FALSE,FALSE,3071914,6,2
4974,telega,ctg_94426,FALSE,FALSE,3067245,1,4
4975,telega,ctg_945,FALSE,FALSE,5887728,5,2
4976,telega,ctg_95002,FALSE,FALSE,1452551,3,7
4977,telega,ctg_95281,FALSE,FALSE,2256798,6,3
4978,telega,ctg_95735,FALSE,FALSE,2032919,0,2
4979,telega,ctg_9608,FALSE,TRUE,3933102,8,13
4980,telega,ctg_96433,FALSE,FALSE,2195381,5,2
4981,telega,ctg_96890,FALSE,FALSE,2425287,2,5
4982,telega,ctg_97369,FALSE,FALSE,2175090,1,2
4983,telega,ctg_97781,FALSE,FALSE,1984341,2,5
4984,telega,ctg_98232,TRUE,FALSE,4240427,12,2
4985,telega,ctg_99013,FALSE,FALSE,1881157,3,1
4986,telega,ctg_99614,FALSE,FALSE,2462199,0,3
4987,ttrian,alt-scaf_14,FALSE,FALSE,28952565,0,5
4988,ttrian,alt-scaf_16,FALSE,FALSE,27805982,0,2
4989,ttrian,alt-scaf_2,FALSE,FALSE,49882569,6,2
4990,ttrian,alt-scaf_20,FALSE,FALSE,25990526,2,3
4991,ttrian,alt-scaf_23,FALSE,FALSE,24881879,3,3
4992,ttrian,alt-scaf_24,FALSE,FALSE,24497139,2,3
4993,ttrian,alt-scaf_25,FALSE,FALSE,22080700,4,1
4994,ttrian,alt-scaf_27,TRUE,FALSE,21554111,917,2
4995,ttrian,alt-scaf_29,FALSE,FALSE,20114593,3,3
4996,ttrian,alt-scaf_32,FALSE,FALSE,18992619,6,2
4997,ttrian,alt-scaf_34,FALSE,FALSE,14601305,3,6
4998,ttrian,alt-scaf_35,FALSE,TRUE,13987345,3,427
4999,ttrian,alt-scaf_36,FALSE,FALSE,13508382,0,1
5000,ttrian,alt-scaf_38,TRUE,FALSE,13028422,1072,4
5001,ttrian,alt-scaf_39,FALSE,FALSE,12411733,1,2
5002,ttrian,alt-scaf_40,FALSE,FALSE,11058263,2,0
5003,ttrian,alt-scaf_42,FALSE,FALSE,10651802,4,0
5004,ttrian,alt-scaf_45,FALSE,FALSE,9843534,3,0
5005,ttrian,alt-scaf_48,FALSE,FALSE,8633260,8,2
5006,ttrian,alt-scaf_51,FALSE,FALSE,7684072,2,9
5007,ttrian,alt-scaf_52,FALSE,FALSE,7249093,1,2
5008,ttrian,alt-scaf_53,FALSE,FALSE,7100217,2,4
5009,ttrian,alt-scaf_54,FALSE,FALSE,6936402,2,3
5010,ttrian,alt-scaf_55,FALSE,FALSE,6681843,2,6
5011,ttrian,alt-scaf_56,FALSE,FALSE,6153410,1,1
5012,ttrian,alt-scaf_60,FALSE,FALSE,5711758,5,1
5013,ttrian,alt-scaf_62,FALSE,FALSE,4635735,2,5
5014,ttrian,alt-scaf_63,FALSE,FALSE,4477585,5,1
5015,ttrian,alt-scaf_65,FALSE,FALSE,4297173,4,4
5016,ttrian,alt-scaf_7,FALSE,FALSE,37823535,3,3
5017,ttrian,alt-scaf_9,FALSE,FALSE,36874958,2,1
5018,ttrian,scaf_1,FALSE,FALSE,58105638,4,0
5019,ttrian,scaf_10,FALSE,FALSE,32667914,2,2
5020,ttrian,scaf_11,FALSE,FALSE,31984897,6,3
5021,ttrian,scaf_12,FALSE,TRUE,30010974,0,615
5022,ttrian,scaf_13,FALSE,FALSE,29735677,1,1
5023,ttrian,scaf_15,TRUE,FALSE,28776323,14,3
5024,ttrian,scaf_17,FALSE,FALSE,27575990,2,3
5025,ttrian,scaf_18,FALSE,FALSE,26875011,2,2
5026,ttrian,scaf_19,FALSE,FALSE,26356720,0,4
5027,ttrian,scaf_21,FALSE,FALSE,25983615,4,4
5028,ttrian,scaf_22,FALSE,FALSE,25153718,4,0
5029,ttrian,scaf_26,FALSE,FALSE,21822631,3,0
5030,ttrian,scaf_28,FALSE,FALSE,20311859,4,0
5031,ttrian,scaf_3,TRUE,FALSE,48166754,634,3
5032,ttrian,scaf_30,FALSE,FALSE,19677751,2,2
5033,ttrian,scaf_31,FALSE,FALSE,19481866,3,2
5034,ttrian,scaf_33,FALSE,FALSE,15680119,8,0
5035,ttrian,scaf_37,FALSE,FALSE,13489454,0,3
5036,ttrian,scaf_4,FALSE,FALSE,42647389,0,4
5037,ttrian,scaf_41,FALSE,FALSE,10698835,4,5
5038,ttrian,scaf_43,FALSE,FALSE,10529548,3,0
5039,ttrian,scaf_44,FALSE,FALSE,10310142,2,0
5040,ttrian,scaf_46,FALSE,FALSE,9124572,1,2
5041,ttrian,scaf_47,FALSE,FALSE,8961118,1,2
5042,ttrian,scaf_49,FALSE,FALSE,8358901,4,2
5043,ttrian,scaf_5,FALSE,FALSE,38302780,2,2
5044,ttrian,scaf_50,FALSE,FALSE,7708156,3,3
5045,ttrian,scaf_57,FALSE,FALSE,5994681,0,2
5046,ttrian,scaf_58,FALSE,FALSE,5965752,4,0
5047,ttrian,scaf_59,FALSE,FALSE,5768360,3,1
5048,ttrian,scaf_6,FALSE,FALSE,38058699,2,2
5049,ttrian,scaf_61,FALSE,FALSE,5305330,1,3
5050,ttrian,scaf_64,FALSE,FALSE,4432827,3,3
5051,ttrian,scaf_66,FALSE,FALSE,2853968,1,2
5052,ttrian,scaf_67,FALSE,TRUE,2581558,1,13
5053,ttrian,scaf_68,FALSE,FALSE,1674248,2,3
5054,ttrian,scaf_69,FALSE,FALSE,1592246,3,2
5055,ttrian,scaf_70,FALSE,FALSE,1530430,3,1
5056,ttrian,scaf_71,FALSE,FALSE,1503500,4,3
5057,ttrian,scaf_72,FALSE,FALSE,1253586,3,0
5058,ttrian,scaf_73,FALSE,FALSE,1250301,2,3
5059,ttrian,scaf_74,FALSE,FALSE,1232939,4,5
5060,ttrian,scaf_75,FALSE,FALSE,1151604,2,1
5061,ttrian,scaf_76,FALSE,FALSE,1032381,5,3
5062,ttrian,scaf_77,FALSE,FALSE,1019535,4,2
5063,ttrian,scaf_78,FALSE,FALSE,1006582,0,3
5064,ttrian,scaf_8,FALSE,FALSE,37069041,2,5
5065,tzopol,ctg_1001,FALSE,FALSE,1633573,4,1
5066,tzopol,ctg_1001356,FALSE,FALSE,1159310,4,5
5067,tzopol,ctg_1007759,FALSE,FALSE,1286540,4,6
5068,tzopol,ctg_1008110,FALSE,FALSE,2095949,4,3
5069,tzopol,ctg_101267,FALSE,FALSE,1506903,2,2
5070,tzopol,ctg_101738,FALSE,FALSE,1275560,7,2
5071,tzopol,ctg_10199,FALSE,FALSE,2097130,2,5
5072,tzopol,ctg_102342,FALSE,FALSE,2705081,6,4
5073,tzopol,ctg_1024215,FALSE,FALSE,1046501,2,2
5074,tzopol,ctg_1027256,FALSE,FALSE,1051188,9,5
5075,tzopol,ctg_103,FALSE,FALSE,1501339,4,5
5076,tzopol,ctg_103230,FALSE,FALSE,1540672,1,7
5077,tzopol,ctg_1034517,FALSE,FALSE,2297622,2,3
5078,tzopol,ctg_104050,FALSE,FALSE,1235368,2,2
5079,tzopol,ctg_104519,FALSE,FALSE,1279099,4,4
5080,tzopol,ctg_105410,FALSE,FALSE,1279241,2,4
5081,tzopol,ctg_105647,FALSE,FALSE,1415663,2,3
5082,tzopol,ctg_10623,TRUE,FALSE,1041193,11,4
5083,tzopol,ctg_106352,FALSE,FALSE,1259636,5,2
5084,tzopol,ctg_107189,FALSE,FALSE,1168453,5,3
5085,tzopol,ctg_107529,FALSE,FALSE,1324794,2,6
5086,tzopol,ctg_107806,FALSE,FALSE,1267700,4,2
5087,tzopol,ctg_108447,FALSE,FALSE,1273606,2,2
5088,tzopol,ctg_10907,FALSE,FALSE,3693032,4,2
5089,tzopol,ctg_109466,FALSE,FALSE,1011021,3,2
5090,tzopol,ctg_110132,FALSE,FALSE,1178925,4,4
5091,tzopol,ctg_110383,FALSE,FALSE,2054723,3,1
5092,tzopol,ctg_110950,FALSE,TRUE,1065094,5,49
5093,tzopol,ctg_111278,FALSE,FALSE,2774987,4,1
5094,tzopol,ctg_112018,FALSE,FALSE,6005295,4,3
5095,tzopol,ctg_113805,FALSE,FALSE,1681001,4,0
5096,tzopol,ctg_114195,FALSE,FALSE,1979430,4,3
5097,tzopol,ctg_114780,FALSE,FALSE,1020592,3,2
5098,tzopol,ctg_115084,FALSE,FALSE,1044562,3,3
5099,tzopol,ctg_115279,FALSE,FALSE,2307624,6,4
5100,tzopol,ctg_115762,FALSE,FALSE,2463950,2,4
5101,tzopol,ctg_116267,FALSE,FALSE,2856802,4,6
5102,tzopol,ctg_116900,FALSE,FALSE,1821945,8,4
5103,tzopol,ctg_117630,FALSE,FALSE,1273419,5,6
5104,tzopol,ctg_117881,FALSE,FALSE,1366138,2,4
5105,tzopol,ctg_118483,FALSE,FALSE,1545848,6,4
5106,tzopol,ctg_118912,FALSE,FALSE,1470592,6,3
5107,tzopol,ctg_119472,FALSE,FALSE,1172733,3,2
5108,tzopol,ctg_119697,FALSE,FALSE,1544667,5,2
5109,tzopol,ctg_120114,FALSE,FALSE,2275419,3,3
5110,tzopol,ctg_120909,FALSE,FALSE,1452910,6,1
5111,tzopol,ctg_121342,FALSE,FALSE,2371316,4,4
5112,tzopol,ctg_122026,FALSE,FALSE,1036651,3,5
5113,tzopol,ctg_122275,FALSE,FALSE,1952820,3,5
5114,tzopol,ctg_122800,FALSE,FALSE,1016930,5,3
5115,tzopol,ctg_123335,FALSE,FALSE,1063470,6,4
5116,tzopol,ctg_123539,FALSE,FALSE,1101842,2,1
5117,tzopol,ctg_12385,FALSE,FALSE,1100515,5,5
5118,tzopol,ctg_124145,FALSE,FALSE,1225582,5,3
5119,tzopol,ctg_124910,FALSE,FALSE,1098728,7,6
5120,tzopol,ctg_125468,FALSE,FALSE,1573257,4,5
5121,tzopol,ctg_125841,FALSE,FALSE,1158265,3,2
5122,tzopol,ctg_12598,FALSE,FALSE,1375725,3,1
5123,tzopol,ctg_126602,FALSE,FALSE,1080741,5,5
5124,tzopol,ctg_127621,FALSE,FALSE,1279604,6,5
5125,tzopol,ctg_128319,FALSE,FALSE,1889781,8,6
5126,tzopol,ctg_129042,FALSE,FALSE,2001623,4,2
5127,tzopol,ctg_13044,FALSE,FALSE,1068672,6,7
5128,tzopol,ctg_130524,FALSE,FALSE,1425430,4,5
5129,tzopol,ctg_131162,FALSE,FALSE,1123279,2,3
5130,tzopol,ctg_131720,FALSE,FALSE,1199312,4,5
5131,tzopol,ctg_131929,FALSE,FALSE,1187326,7,5
5132,tzopol,ctg_132458,FALSE,FALSE,2737145,4,4
5133,tzopol,ctg_133129,FALSE,FALSE,1115215,3,4
5134,tzopol,ctg_133341,FALSE,FALSE,1294407,2,4
5135,tzopol,ctg_133876,FALSE,FALSE,1225116,3,5
5136,tzopol,ctg_134382,FALSE,FALSE,2474714,5,2
5137,tzopol,ctg_135019,FALSE,FALSE,1058519,2,3
5138,tzopol,ctg_135234,FALSE,FALSE,1610543,4,4
5139,tzopol,ctg_135595,FALSE,FALSE,1253246,3,5
5140,tzopol,ctg_136576,FALSE,FALSE,5701093,2,2
5141,tzopol,ctg_138654,FALSE,FALSE,1262575,5,3
5142,tzopol,ctg_139378,FALSE,FALSE,1580869,5,2
5143,tzopol,ctg_140108,FALSE,FALSE,1649819,2,3
5144,tzopol,ctg_140508,FALSE,FALSE,2243476,5,6
5145,tzopol,ctg_141376,FALSE,FALSE,1399876,3,7
5146,tzopol,ctg_141669,FALSE,FALSE,2459273,3,6
5147,tzopol,ctg_143620,FALSE,FALSE,1250130,3,2
5148,tzopol,ctg_145076,TRUE,FALSE,1143530,61,4
5149,tzopol,ctg_145386,FALSE,FALSE,1121744,3,3
5150,tzopol,ctg_145781,FALSE,FALSE,1140365,5,4
5151,tzopol,ctg_14604,FALSE,FALSE,2480770,5,1
5152,tzopol,ctg_146081,FALSE,FALSE,1404856,1,5
5153,tzopol,ctg_146359,FALSE,FALSE,1139730,2,6
5154,tzopol,ctg_146589,FALSE,FALSE,1914026,2,2
5155,tzopol,ctg_147274,FALSE,FALSE,1639712,2,5
5156,tzopol,ctg_147699,FALSE,FALSE,1280593,6,4
5157,tzopol,ctg_148594,FALSE,FALSE,1770246,3,3
5158,tzopol,ctg_151192,FALSE,FALSE,1054548,4,4
5159,tzopol,ctg_15180,FALSE,FALSE,1042126,2,2
5160,tzopol,ctg_151894,FALSE,FALSE,3454707,4,1
5161,tzopol,ctg_152651,FALSE,FALSE,1070390,2,3
5162,tzopol,ctg_152870,FALSE,FALSE,1983178,2,5
5163,tzopol,ctg_153368,FALSE,FALSE,1444455,4,4
5164,tzopol,ctg_153669,FALSE,FALSE,1201199,5,6
5165,tzopol,ctg_154441,FALSE,FALSE,3564449,7,4
5166,tzopol,ctg_155301,FALSE,FALSE,1107700,2,4
5167,tzopol,ctg_155640,FALSE,FALSE,2503339,1,1
5168,tzopol,ctg_15641,FALSE,FALSE,4343774,6,3
5169,tzopol,ctg_156427,FALSE,FALSE,1575988,4,2
5170,tzopol,ctg_156733,FALSE,FALSE,1020949,3,4
5171,tzopol,ctg_157199,FALSE,FALSE,1452861,6,3
5172,tzopol,ctg_157730,FALSE,FALSE,1348965,2,5
5173,tzopol,ctg_158112,FALSE,FALSE,1324120,3,5
5174,tzopol,ctg_158370,FALSE,FALSE,1066876,5,3
5175,tzopol,ctg_158804,FALSE,FALSE,2494582,2,3
5176,tzopol,ctg_159624,FALSE,FALSE,2160187,5,2
5177,tzopol,ctg_160068,FALSE,FALSE,1054097,4,3
5178,tzopol,ctg_160522,FALSE,FALSE,2471891,3,5
5179,tzopol,ctg_161501,FALSE,FALSE,1248153,2,3
5180,tzopol,ctg_161956,FALSE,FALSE,1215043,3,2
5181,tzopol,ctg_163659,FALSE,FALSE,2328238,4,5
5182,tzopol,ctg_164654,FALSE,FALSE,4329829,4,7
5183,tzopol,ctg_165859,FALSE,FALSE,1883344,4,7
5184,tzopol,ctg_16616,FALSE,FALSE,1112494,4,5
5185,tzopol,ctg_166441,FALSE,FALSE,1616242,3,5
5186,tzopol,ctg_166822,FALSE,FALSE,1521612,4,4
5187,tzopol,ctg_167387,FALSE,FALSE,1802039,4,1
5188,tzopol,ctg_167752,FALSE,FALSE,1748351,4,6
5189,tzopol,ctg_16921,FALSE,FALSE,2393424,2,6
5190,tzopol,ctg_169254,FALSE,FALSE,1229953,3,1
5191,tzopol,ctg_170089,FALSE,FALSE,1687738,3,5
5192,tzopol,ctg_170698,FALSE,FALSE,1022094,3,1
5193,tzopol,ctg_171403,FALSE,FALSE,2356715,2,3
5194,tzopol,ctg_172104,FALSE,FALSE,1043348,8,3
5195,tzopol,ctg_173387,FALSE,FALSE,990751,5,1
5196,tzopol,ctg_173685,FALSE,FALSE,1327917,4,4
5197,tzopol,ctg_173987,FALSE,FALSE,2756713,6,2
5198,tzopol,ctg_175078,FALSE,FALSE,1208747,4,2
5199,tzopol,ctg_175413,FALSE,FALSE,3001630,5,3
5200,tzopol,ctg_17551,FALSE,FALSE,1722610,2,3
5201,tzopol,ctg_176995,FALSE,FALSE,1120175,5,3
5202,tzopol,ctg_177362,FALSE,FALSE,1059635,8,4
5203,tzopol,ctg_177572,FALSE,FALSE,1087917,5,4
5204,tzopol,ctg_178026,FALSE,FALSE,1485660,1,4
5205,tzopol,ctg_178890,FALSE,FALSE,2898755,7,2
5206,tzopol,ctg_180031,FALSE,FALSE,1467138,4,2
5207,tzopol,ctg_18060,FALSE,FALSE,1377758,6,5
5208,tzopol,ctg_181065,FALSE,FALSE,1869727,4,6
5209,tzopol,ctg_181728,FALSE,FALSE,1271008,6,3
5210,tzopol,ctg_183882,FALSE,FALSE,2260125,4,3
5211,tzopol,ctg_184772,FALSE,FALSE,1420653,5,4
5212,tzopol,ctg_185503,FALSE,FALSE,1128157,2,2
5213,tzopol,ctg_185742,FALSE,FALSE,1552167,4,3
5214,tzopol,ctg_186301,FALSE,FALSE,1108531,5,3
5215,tzopol,ctg_18673,FALSE,FALSE,1124278,2,6
5216,tzopol,ctg_187110,FALSE,FALSE,1648884,7,4
5217,tzopol,ctg_187579,FALSE,FALSE,1000829,2,2
5218,tzopol,ctg_188147,FALSE,FALSE,1588693,2,5
5219,tzopol,ctg_188507,FALSE,FALSE,1593368,2,2
5220,tzopol,ctg_188962,FALSE,FALSE,1017524,5,4
5221,tzopol,ctg_18901,FALSE,FALSE,1005866,3,2
5222,tzopol,ctg_189731,FALSE,FALSE,1441193,1,4
5223,tzopol,ctg_191066,FALSE,FALSE,1057547,3,8
5224,tzopol,ctg_191561,FALSE,FALSE,2327341,1,7
5225,tzopol,ctg_192818,TRUE,FALSE,1072230,51,2
5226,tzopol,ctg_194997,FALSE,FALSE,1436856,4,4
5227,tzopol,ctg_195705,FALSE,FALSE,2041986,3,1
5228,tzopol,ctg_196186,FALSE,FALSE,1459830,2,6
5229,tzopol,ctg_196526,FALSE,FALSE,1154114,1,3
5230,tzopol,ctg_19850,FALSE,FALSE,2601113,3,3
5231,tzopol,ctg_199153,FALSE,FALSE,1208406,3,5
5232,tzopol,ctg_199768,FALSE,FALSE,1911380,6,3
5233,tzopol,ctg_2003,FALSE,FALSE,1069146,3,4
5234,tzopol,ctg_203398,FALSE,FALSE,1008835,2,6
5235,tzopol,ctg_203933,FALSE,FALSE,1098102,5,2
5236,tzopol,ctg_204447,TRUE,FALSE,1024491,14,3
5237,tzopol,ctg_20538,FALSE,FALSE,2026741,3,3
5238,tzopol,ctg_205561,FALSE,FALSE,4190835,4,1
5239,tzopol,ctg_206913,FALSE,FALSE,1101011,2,5
5240,tzopol,ctg_207820,FALSE,FALSE,1435217,4,4
5241,tzopol,ctg_208472,FALSE,FALSE,2103032,3,6
5242,tzopol,ctg_209565,FALSE,FALSE,1623409,2,3
5243,tzopol,ctg_210044,FALSE,FALSE,1486059,4,2
5244,tzopol,ctg_210344,FALSE,FALSE,1331546,7,3
5245,tzopol,ctg_210986,FALSE,FALSE,2931767,4,3
5246,tzopol,ctg_211585,FALSE,FALSE,2654404,4,5
5247,tzopol,ctg_21233,FALSE,FALSE,1039857,3,3
5248,tzopol,ctg_212662,FALSE,FALSE,1298819,3,3
5249,tzopol,ctg_213102,FALSE,FALSE,1197386,6,4
5250,tzopol,ctg_213419,FALSE,FALSE,1785475,4,2
5251,tzopol,ctg_214053,FALSE,FALSE,1231462,7,3
5252,tzopol,ctg_214296,FALSE,FALSE,1116679,5,5
5253,tzopol,ctg_215148,FALSE,FALSE,1445532,5,4
5254,tzopol,ctg_21573,FALSE,FALSE,1056071,2,4
5255,tzopol,ctg_215914,FALSE,FALSE,2080145,3,3
5256,tzopol,ctg_216790,FALSE,FALSE,1618095,4,4
5257,tzopol,ctg_217124,FALSE,FALSE,2017240,4,2
5258,tzopol,ctg_217632,FALSE,FALSE,1211607,2,3
5259,tzopol,ctg_218295,FALSE,FALSE,991428,6,4
5260,tzopol,ctg_218503,FALSE,FALSE,996509,4,4
5261,tzopol,ctg_219118,FALSE,FALSE,1135640,7,5
5262,tzopol,ctg_219462,FALSE,FALSE,1272764,3,1
5263,tzopol,ctg_220291,FALSE,FALSE,1576329,2,1
5264,tzopol,ctg_220720,FALSE,FALSE,1429799,7,3
5265,tzopol,ctg_221030,FALSE,FALSE,1205530,5,6
5266,tzopol,ctg_222349,FALSE,FALSE,1361757,2,3
5267,tzopol,ctg_223118,FALSE,FALSE,1406678,6,3
5268,tzopol,ctg_223562,FALSE,FALSE,1005721,1,3
5269,tzopol,ctg_224277,FALSE,FALSE,1093795,2,1
5270,tzopol,ctg_224518,FALSE,FALSE,1187531,9,5
5271,tzopol,ctg_225121,FALSE,FALSE,2480516,6,5
5272,tzopol,ctg_225736,FALSE,FALSE,1191141,2,3
5273,tzopol,ctg_226039,FALSE,FALSE,1811827,5,1
5274,tzopol,ctg_226417,FALSE,FALSE,1450359,4,2
5275,tzopol,ctg_22842,FALSE,FALSE,2190688,4,2
5276,tzopol,ctg_228720,FALSE,TRUE,1345422,4,12
5277,tzopol,ctg_229049,FALSE,FALSE,3941860,5,4
5278,tzopol,ctg_230150,FALSE,FALSE,3174154,1,2
5279,tzopol,ctg_231568,FALSE,FALSE,1692796,4,5
5280,tzopol,ctg_232013,FALSE,FALSE,1453502,3,2
5281,tzopol,ctg_232752,FALSE,FALSE,1473822,5,4
5282,tzopol,ctg_233393,FALSE,FALSE,2502600,8,2
5283,tzopol,ctg_23341,FALSE,FALSE,1793609,2,3
5284,tzopol,ctg_233987,FALSE,FALSE,1042805,3,3
5285,tzopol,ctg_234262,FALSE,FALSE,1139286,1,4
5286,tzopol,ctg_234822,FALSE,FALSE,1518626,1,2
5287,tzopol,ctg_235097,FALSE,FALSE,2038918,2,1
5288,tzopol,ctg_235737,FALSE,FALSE,3536019,7,4
5289,tzopol,ctg_236851,FALSE,FALSE,2158305,9,4
5290,tzopol,ctg_237469,FALSE,FALSE,1424112,1,2
5291,tzopol,ctg_238072,FALSE,FALSE,1244111,3,3
5292,tzopol,ctg_238495,FALSE,FALSE,2124030,4,4
5293,tzopol,ctg_239802,FALSE,FALSE,2250706,6,2
5294,tzopol,ctg_240232,FALSE,FALSE,3880110,2,3
5295,tzopol,ctg_2406,FALSE,FALSE,1993318,2,4
5296,tzopol,ctg_241003,FALSE,FALSE,1857049,6,1
5297,tzopol,ctg_241550,FALSE,FALSE,1541365,3,2
5298,tzopol,ctg_242312,FALSE,FALSE,997124,5,4
5299,tzopol,ctg_243232,FALSE,FALSE,2582132,6,4
5300,tzopol,ctg_244058,FALSE,FALSE,1085755,1,2
5301,tzopol,ctg_244475,FALSE,FALSE,1002904,4,3
5302,tzopol,ctg_244709,FALSE,FALSE,1388235,1,1
5303,tzopol,ctg_24532,FALSE,FALSE,3144821,2,3
5304,tzopol,ctg_245774,TRUE,FALSE,2227801,11,7
5305,tzopol,ctg_246467,FALSE,FALSE,1039078,4,5
5306,tzopol,ctg_247005,FALSE,FALSE,1695599,2,6
5307,tzopol,ctg_249830,FALSE,FALSE,1301591,5,6
5308,tzopol,ctg_250178,FALSE,FALSE,1031203,2,3
5309,tzopol,ctg_250539,FALSE,FALSE,1553030,2,5
5310,tzopol,ctg_251045,FALSE,FALSE,1510664,3,3
5311,tzopol,ctg_252140,FALSE,FALSE,1639568,4,2
5312,tzopol,ctg_253506,FALSE,FALSE,2002031,2,3
5313,tzopol,ctg_253914,FALSE,FALSE,1268488,2,5
5314,tzopol,ctg_254675,FALSE,FALSE,1372187,3,1
5315,tzopol,ctg_255095,FALSE,FALSE,1232435,3,4
5316,tzopol,ctg_255497,FALSE,FALSE,1894936,1,4
5317,tzopol,ctg_256150,FALSE,FALSE,1815741,6,6
5318,tzopol,ctg_256629,FALSE,FALSE,1189986,2,2
5319,tzopol,ctg_257273,FALSE,FALSE,1745699,3,3
5320,tzopol,ctg_259213,FALSE,FALSE,2477203,2,7
5321,tzopol,ctg_259847,FALSE,FALSE,2754679,2,6
5322,tzopol,ctg_261327,FALSE,FALSE,1182757,5,3
5323,tzopol,ctg_261925,FALSE,FALSE,1791954,3,4
5324,tzopol,ctg_263764,FALSE,FALSE,1279118,2,6
5325,tzopol,ctg_264055,FALSE,FALSE,1154891,1,2
5326,tzopol,ctg_264453,FALSE,FALSE,1366925,5,2
5327,tzopol,ctg_265223,FALSE,FALSE,1422640,6,5
5328,tzopol,ctg_265848,FALSE,FALSE,2982920,4,5
5329,tzopol,ctg_266579,FALSE,FALSE,1094252,2,4
5330,tzopol,ctg_266793,FALSE,FALSE,1957006,4,3
5331,tzopol,ctg_267189,FALSE,FALSE,1522176,5,6
5332,tzopol,ctg_267632,FALSE,FALSE,1249503,9,6
5333,tzopol,ctg_26828,FALSE,FALSE,1107421,2,7
5334,tzopol,ctg_269317,FALSE,FALSE,1269303,3,3
5335,tzopol,ctg_269586,FALSE,FALSE,2155573,3,2
5336,tzopol,ctg_27140,FALSE,FALSE,2257144,2,4
5337,tzopol,ctg_271977,FALSE,FALSE,1790322,2,3
5338,tzopol,ctg_272416,FALSE,TRUE,1196450,1,10
5339,tzopol,ctg_273351,FALSE,FALSE,1705814,3,3
5340,tzopol,ctg_273850,FALSE,FALSE,2260709,5,3
5341,tzopol,ctg_275294,FALSE,FALSE,1356165,3,2
5342,tzopol,ctg_275617,FALSE,FALSE,1712269,6,3
5343,tzopol,ctg_275972,FALSE,FALSE,1183587,4,4
5344,tzopol,ctg_276196,FALSE,FALSE,1235969,3,3
5345,tzopol,ctg_276744,FALSE,FALSE,1730691,2,9
5346,tzopol,ctg_277140,FALSE,FALSE,1993383,4,5
5347,tzopol,ctg_27752,FALSE,FALSE,2207950,5,1
5348,tzopol,ctg_277655,FALSE,FALSE,1249095,5,3
5349,tzopol,ctg_278936,FALSE,FALSE,1201057,3,4
5350,tzopol,ctg_280250,FALSE,FALSE,1074727,5,4
5351,tzopol,ctg_282860,FALSE,FALSE,1407899,7,6
5352,tzopol,ctg_283427,FALSE,FALSE,1897793,3,4
5353,tzopol,ctg_284301,FALSE,FALSE,1021821,5,2
5354,tzopol,ctg_285030,FALSE,FALSE,1584323,1,4
5355,tzopol,ctg_285433,FALSE,FALSE,3734910,5,4
5356,tzopol,ctg_286261,FALSE,FALSE,1057750,2,1
5357,tzopol,ctg_286680,FALSE,FALSE,1580260,2,2
5358,tzopol,ctg_286985,FALSE,FALSE,1113807,3,3
5359,tzopol,ctg_28723,FALSE,FALSE,2259176,4,2
5360,tzopol,ctg_287718,FALSE,FALSE,1014191,9,3
5361,tzopol,ctg_288508,FALSE,TRUE,1053779,5,13
5362,tzopol,ctg_288908,FALSE,FALSE,1022031,2,6
5363,tzopol,ctg_289762,FALSE,FALSE,1278969,3,2
5364,tzopol,ctg_291051,FALSE,FALSE,1036733,2,3
5365,tzopol,ctg_291739,FALSE,FALSE,1062140,4,3
5366,tzopol,ctg_293234,FALSE,FALSE,1841409,6,5
5367,tzopol,ctg_293830,FALSE,FALSE,1236076,2,4
5368,tzopol,ctg_294793,FALSE,FALSE,1133649,4,3
5369,tzopol,ctg_29532,FALSE,FALSE,1680173,7,1
5370,tzopol,ctg_296726,FALSE,FALSE,1442030,7,3
5371,tzopol,ctg_297379,FALSE,FALSE,2414617,5,1
5372,tzopol,ctg_298159,FALSE,FALSE,1156365,4,5
5373,tzopol,ctg_29878,FALSE,FALSE,1658309,2,6
5374,tzopol,ctg_299281,FALSE,FALSE,2295915,3,4
5375,tzopol,ctg_300116,FALSE,FALSE,1058786,5,4
5376,tzopol,ctg_302062,FALSE,FALSE,1420236,5,5
5377,tzopol,ctg_303221,FALSE,FALSE,1316152,2,3
5378,tzopol,ctg_303859,FALSE,FALSE,1268984,6,2
5379,tzopol,ctg_304840,FALSE,FALSE,1222690,1,2
5380,tzopol,ctg_30520,FALSE,FALSE,4279479,2,3
5381,tzopol,ctg_305779,FALSE,FALSE,1022756,7,5
5382,tzopol,ctg_306029,FALSE,FALSE,2173712,3,2
5383,tzopol,ctg_307268,FALSE,FALSE,1780319,6,4
5384,tzopol,ctg_307964,FALSE,FALSE,1006427,1,4
5385,tzopol,ctg_308884,FALSE,FALSE,1442268,8,5
5386,tzopol,ctg_309303,FALSE,FALSE,1565547,3,3
5387,tzopol,ctg_309821,FALSE,TRUE,1021787,2,18
5388,tzopol,ctg_310042,FALSE,FALSE,2863390,4,4
5389,tzopol,ctg_310748,FALSE,FALSE,1493895,1,2
5390,tzopol,ctg_312151,FALSE,FALSE,1351124,5,5
5391,tzopol,ctg_312474,FALSE,FALSE,1281129,5,2
5392,tzopol,ctg_31464,FALSE,FALSE,2236410,5,4
5393,tzopol,ctg_314756,TRUE,FALSE,1898066,10,8
5394,tzopol,ctg_317237,FALSE,FALSE,1177605,6,2
5395,tzopol,ctg_317468,FALSE,FALSE,1289570,3,5
5396,tzopol,ctg_318084,FALSE,FALSE,991962,4,4
5397,tzopol,ctg_318279,FALSE,FALSE,1030987,4,3
5398,tzopol,ctg_318653,FALSE,FALSE,2016698,6,3
5399,tzopol,ctg_31926,FALSE,FALSE,1739885,1,5
5400,tzopol,ctg_319757,FALSE,FALSE,1044348,4,3
5401,tzopol,ctg_320104,FALSE,FALSE,1030625,2,5
5402,tzopol,ctg_320325,FALSE,FALSE,1295377,3,3
5403,tzopol,ctg_320749,FALSE,FALSE,995992,3,7
5404,tzopol,ctg_321833,FALSE,TRUE,1352275,3,10
5405,tzopol,ctg_322467,FALSE,FALSE,1318440,4,4
5406,tzopol,ctg_322866,FALSE,FALSE,1036807,3,3
5407,tzopol,ctg_323335,FALSE,TRUE,990237,2,10
5408,tzopol,ctg_323831,FALSE,FALSE,2308643,3,4
5409,tzopol,ctg_32404,FALSE,FALSE,1006363,3,2
5410,tzopol,ctg_324543,FALSE,FALSE,1065554,2,2
5411,tzopol,ctg_325082,FALSE,FALSE,1273573,4,2
5412,tzopol,ctg_325336,FALSE,FALSE,1626418,3,4
5413,tzopol,ctg_325656,FALSE,FALSE,2108247,4,2
5414,tzopol,ctg_326321,FALSE,FALSE,1070091,3,0
5415,tzopol,ctg_327495,FALSE,FALSE,1880548,8,4
5416,tzopol,ctg_328592,FALSE,FALSE,1582145,5,5
5417,tzopol,ctg_328923,FALSE,FALSE,1893517,3,3
5418,tzopol,ctg_330010,FALSE,TRUE,1207286,1,21
5419,tzopol,ctg_330336,FALSE,FALSE,1540394,3,6
5420,tzopol,ctg_330724,FALSE,FALSE,1280840,5,3
5421,tzopol,ctg_331523,FALSE,FALSE,2309149,3,4
5422,tzopol,ctg_332265,FALSE,FALSE,1380568,6,5
5423,tzopol,ctg_332625,FALSE,FALSE,1193332,4,1
5424,tzopol,ctg_332905,FALSE,FALSE,1139193,2,3
5425,tzopol,ctg_33336,FALSE,FALSE,1315490,6,4
5426,tzopol,ctg_333604,FALSE,FALSE,2086725,4,3
5427,tzopol,ctg_336138,FALSE,FALSE,1312842,4,2
5428,tzopol,ctg_336580,FALSE,FALSE,1041264,3,3
5429,tzopol,ctg_337314,FALSE,FALSE,1734896,3,3
5430,tzopol,ctg_3392,FALSE,FALSE,1046140,4,0
5431,tzopol,ctg_339599,FALSE,FALSE,1174060,3,4
5432,tzopol,ctg_339836,FALSE,FALSE,1627648,2,2
5433,tzopol,ctg_340706,FALSE,FALSE,1102193,6,3
5434,tzopol,ctg_340948,FALSE,FALSE,1517944,6,4
5435,tzopol,ctg_342282,FALSE,FALSE,2687597,3,2
5436,tzopol,ctg_344285,FALSE,FALSE,4682772,6,2
5437,tzopol,ctg_345644,FALSE,FALSE,1123944,3,3
5438,tzopol,ctg_34671,FALSE,FALSE,1188749,2,2
5439,tzopol,ctg_348065,FALSE,FALSE,2759643,7,1
5440,tzopol,ctg_349035,FALSE,FALSE,1788953,3,3
5441,tzopol,ctg_351081,FALSE,FALSE,1447470,4,6
5442,tzopol,ctg_35215,FALSE,FALSE,3379346,4,4
5443,tzopol,ctg_352599,FALSE,FALSE,1414241,4,2
5444,tzopol,ctg_352925,FALSE,FALSE,1004744,5,3
5445,tzopol,ctg_353113,FALSE,FALSE,1550127,0,1
5446,tzopol,ctg_353519,FALSE,FALSE,1389121,2,3
5447,tzopol,ctg_354943,FALSE,FALSE,2513878,5,2
5448,tzopol,ctg_355843,FALSE,FALSE,1078895,1,0
5449,tzopol,ctg_356111,FALSE,FALSE,1158565,7,4
5450,tzopol,ctg_358017,FALSE,FALSE,1199892,4,3
5451,tzopol,ctg_358968,FALSE,FALSE,1493431,3,5
5452,tzopol,ctg_359367,FALSE,FALSE,1074778,4,5
5453,tzopol,ctg_359580,FALSE,FALSE,1219129,3,4
5454,tzopol,ctg_360178,FALSE,FALSE,1275215,4,5
5455,tzopol,ctg_361006,FALSE,FALSE,2102447,3,4
5456,tzopol,ctg_361499,FALSE,FALSE,1350291,7,2
5457,tzopol,ctg_362358,FALSE,FALSE,1202889,3,3
5458,tzopol,ctg_362978,FALSE,FALSE,1436791,4,6
5459,tzopol,ctg_363264,FALSE,FALSE,1168563,8,5
5460,tzopol,ctg_36366,FALSE,FALSE,1259105,2,3
5461,tzopol,ctg_364136,FALSE,FALSE,1155855,2,3
5462,tzopol,ctg_364735,FALSE,FALSE,1334287,2,3
5463,tzopol,ctg_364993,FALSE,FALSE,1327568,5,4
5464,tzopol,ctg_365528,FALSE,FALSE,1911323,4,5
5465,tzopol,ctg_366150,FALSE,FALSE,1607796,2,3
5466,tzopol,ctg_36738,FALSE,FALSE,3949795,2,4
5467,tzopol,ctg_367428,FALSE,FALSE,1231378,4,2
5468,tzopol,ctg_368111,FALSE,FALSE,1265396,3,1
5469,tzopol,ctg_369808,FALSE,FALSE,1243940,4,5
5470,tzopol,ctg_371769,FALSE,FALSE,1306909,4,3
5471,tzopol,ctg_372142,FALSE,FALSE,1236851,6,4
5472,tzopol,ctg_374053,FALSE,FALSE,1085382,3,2
5473,tzopol,ctg_37567,FALSE,FALSE,1608714,6,3
5474,tzopol,ctg_375878,FALSE,FALSE,1317103,1,4
5475,tzopol,ctg_376854,FALSE,FALSE,1853029,9,7
5476,tzopol,ctg_377434,FALSE,FALSE,1309633,3,2
5477,tzopol,ctg_378097,FALSE,FALSE,1620192,3,6
5478,tzopol,ctg_378570,FALSE,FALSE,1344855,3,2
5479,tzopol,ctg_379107,FALSE,FALSE,1045127,6,1
5480,tzopol,ctg_37922,FALSE,FALSE,4113059,6,3
5481,tzopol,ctg_379822,FALSE,FALSE,1030908,5,4
5482,tzopol,ctg_380225,FALSE,FALSE,1337807,4,7
5483,tzopol,ctg_382333,FALSE,FALSE,1233898,6,1
5484,tzopol,ctg_383002,FALSE,FALSE,1136131,6,3
5485,tzopol,ctg_383238,FALSE,FALSE,1471963,1,3
5486,tzopol,ctg_384343,FALSE,FALSE,1818866,5,4
5487,tzopol,ctg_385901,FALSE,FALSE,1853209,3,4
5488,tzopol,ctg_386481,FALSE,FALSE,2131245,6,3
5489,tzopol,ctg_387240,FALSE,FALSE,1545010,6,4
5490,tzopol,ctg_388280,FALSE,FALSE,1074597,4,3
5491,tzopol,ctg_390220,FALSE,FALSE,1093560,4,3
5492,tzopol,ctg_39088,FALSE,FALSE,1640392,3,3
5493,tzopol,ctg_390984,FALSE,FALSE,1435743,3,3
5494,tzopol,ctg_391608,FALSE,FALSE,1118783,4,5
5495,tzopol,ctg_391981,FALSE,FALSE,1169863,3,3
5496,tzopol,ctg_392439,FALSE,FALSE,1349177,2,6
5497,tzopol,ctg_392728,FALSE,FALSE,1098545,7,3
5498,tzopol,ctg_393304,FALSE,FALSE,1010877,7,1
5499,tzopol,ctg_394972,FALSE,FALSE,2726572,6,0
5500,tzopol,ctg_39511,FALSE,FALSE,1341209,2,2
5501,tzopol,ctg_396613,FALSE,FALSE,1687519,3,7
5502,tzopol,ctg_397030,FALSE,FALSE,1686179,1,1
5503,tzopol,ctg_397817,FALSE,FALSE,1093914,3,5
5504,tzopol,ctg_398582,FALSE,FALSE,1158843,2,2
5505,tzopol,ctg_398955,FALSE,FALSE,1016011,3,6
5506,tzopol,ctg_399151,FALSE,FALSE,1722872,3,4
5507,tzopol,ctg_399897,FALSE,FALSE,1507990,4,4
5508,tzopol,ctg_400951,FALSE,FALSE,2011133,6,2
5509,tzopol,ctg_401879,FALSE,FALSE,1271268,3,5
5510,tzopol,ctg_402269,FALSE,FALSE,1232573,6,1
5511,tzopol,ctg_402636,FALSE,FALSE,1268203,4,6
5512,tzopol,ctg_403209,FALSE,FALSE,3260778,4,5
5513,tzopol,ctg_404362,FALSE,FALSE,1037837,3,3
5514,tzopol,ctg_40481,FALSE,FALSE,2482788,2,2
5515,tzopol,ctg_405709,FALSE,FALSE,1375337,4,2
5516,tzopol,ctg_406765,FALSE,FALSE,996276,1,3
5517,tzopol,ctg_407540,FALSE,FALSE,1179993,4,3
5518,tzopol,ctg_407846,FALSE,FALSE,1031702,5,3
5519,tzopol,ctg_408143,FALSE,FALSE,1791193,3,3
5520,tzopol,ctg_408913,FALSE,FALSE,1040741,2,1
5521,tzopol,ctg_4092,FALSE,FALSE,1624174,4,4
5522,tzopol,ctg_40991,FALSE,FALSE,1028664,3,2
5523,tzopol,ctg_411284,FALSE,FALSE,1184035,2,6
5524,tzopol,ctg_412774,FALSE,FALSE,1051036,2,2
5525,tzopol,ctg_413579,FALSE,FALSE,2765802,8,6
5526,tzopol,ctg_414278,FALSE,FALSE,997595,3,6
5527,tzopol,ctg_415503,FALSE,FALSE,1815027,3,3
5528,tzopol,ctg_416177,FALSE,TRUE,1418432,3,12
5529,tzopol,ctg_418242,FALSE,FALSE,1793252,2,5
5530,tzopol,ctg_41847,FALSE,FALSE,998273,5,5
5531,tzopol,ctg_419587,FALSE,FALSE,1127989,4,6
5532,tzopol,ctg_420773,FALSE,FALSE,2529172,6,2
5533,tzopol,ctg_421,FALSE,FALSE,1316746,8,4
5534,tzopol,ctg_424965,FALSE,FALSE,1281209,1,6
5535,tzopol,ctg_426348,FALSE,FALSE,1486436,3,7
5536,tzopol,ctg_42710,FALSE,FALSE,1574643,3,4
5537,tzopol,ctg_427894,FALSE,FALSE,1554575,4,6
5538,tzopol,ctg_428847,TRUE,FALSE,1063770,10,4
5539,tzopol,ctg_429355,FALSE,FALSE,1549196,2,4
5540,tzopol,ctg_43009,FALSE,FALSE,1084876,3,5
5541,tzopol,ctg_430439,FALSE,FALSE,1152889,5,4
5542,tzopol,ctg_431033,FALSE,TRUE,1268497,7,11
5543,tzopol,ctg_431517,FALSE,FALSE,1074929,7,1
5544,tzopol,ctg_433939,FALSE,FALSE,1668851,4,4
5545,tzopol,ctg_43427,FALSE,FALSE,1988460,2,2
5546,tzopol,ctg_435036,FALSE,FALSE,1106368,2,1
5547,tzopol,ctg_435246,FALSE,FALSE,1548856,6,4
5548,tzopol,ctg_436151,FALSE,FALSE,1176182,5,6
5549,tzopol,ctg_437535,FALSE,FALSE,1021183,5,3
5550,tzopol,ctg_438085,FALSE,FALSE,1827653,3,2
5551,tzopol,ctg_438502,FALSE,FALSE,1533878,6,5
5552,tzopol,ctg_439075,FALSE,FALSE,1939809,5,4
5553,tzopol,ctg_440532,FALSE,FALSE,2117710,3,2
5554,tzopol,ctg_440939,FALSE,FALSE,1200310,7,5
5555,tzopol,ctg_44116,FALSE,FALSE,1385259,4,3
5556,tzopol,ctg_441165,FALSE,FALSE,1301902,4,3
5557,tzopol,ctg_442126,FALSE,FALSE,1893016,4,6
5558,tzopol,ctg_443172,FALSE,FALSE,1252749,4,2
5559,tzopol,ctg_44368,FALSE,FALSE,1424673,5,3
5560,tzopol,ctg_445365,FALSE,FALSE,2615560,3,4
5561,tzopol,ctg_446202,FALSE,FALSE,1294649,2,5
5562,tzopol,ctg_44670,FALSE,FALSE,1315912,4,5
5563,tzopol,ctg_447348,FALSE,FALSE,2219338,8,1
5564,tzopol,ctg_448723,FALSE,FALSE,1005898,3,2
5565,tzopol,ctg_44936,FALSE,FALSE,1105546,5,2
5566,tzopol,ctg_450033,FALSE,FALSE,1100814,5,1
5567,tzopol,ctg_451507,FALSE,FALSE,1350859,4,3
5568,tzopol,ctg_452095,FALSE,FALSE,1088895,5,2
5569,tzopol,ctg_452556,FALSE,FALSE,2744658,3,7
5570,tzopol,ctg_453493,FALSE,FALSE,1727774,2,2
5571,tzopol,ctg_456079,FALSE,FALSE,1271731,3,1
5572,tzopol,ctg_456363,FALSE,FALSE,1144117,6,2
5573,tzopol,ctg_45651,FALSE,FALSE,2759385,6,4
5574,tzopol,ctg_456918,FALSE,FALSE,1077494,6,6
5575,tzopol,ctg_458501,FALSE,FALSE,1307338,5,7
5576,tzopol,ctg_459198,FALSE,FALSE,2347106,3,2
5577,tzopol,ctg_460963,FALSE,FALSE,1850968,5,2
5578,tzopol,ctg_461379,FALSE,FALSE,1553481,4,3
5579,tzopol,ctg_462518,FALSE,FALSE,1381290,1,4
5580,tzopol,ctg_463549,FALSE,FALSE,1025707,4,3
5581,tzopol,ctg_463887,FALSE,FALSE,1655576,2,2
5582,tzopol,ctg_46455,FALSE,FALSE,1217543,7,2
5583,tzopol,ctg_465192,FALSE,FALSE,1506670,6,6
5584,tzopol,ctg_46684,FALSE,FALSE,1511194,5,3
5585,tzopol,ctg_467224,FALSE,FALSE,1665875,3,7
5586,tzopol,ctg_468219,FALSE,FALSE,1560013,3,2
5587,tzopol,ctg_468594,FALSE,FALSE,1616658,6,7
5588,tzopol,ctg_469604,FALSE,FALSE,1130427,2,3
5589,tzopol,ctg_469831,FALSE,FALSE,1286505,4,3
5590,tzopol,ctg_470245,FALSE,FALSE,1301884,6,3
5591,tzopol,ctg_471791,FALSE,FALSE,1178130,4,3
5592,tzopol,ctg_472768,FALSE,FALSE,1315803,4,6
5593,tzopol,ctg_473218,FALSE,FALSE,1067565,4,2
5594,tzopol,ctg_473946,FALSE,FALSE,1090658,5,4
5595,tzopol,ctg_474225,FALSE,FALSE,1335087,5,2
5596,tzopol,ctg_475352,FALSE,FALSE,1393481,7,4
5597,tzopol,ctg_476797,FALSE,FALSE,1240640,5,4
5598,tzopol,ctg_477589,FALSE,FALSE,1205979,1,3
5599,tzopol,ctg_477973,FALSE,FALSE,1134570,4,5
5600,tzopol,ctg_478793,FALSE,FALSE,1289476,5,3
5601,tzopol,ctg_480148,FALSE,FALSE,1002835,5,2
5602,tzopol,ctg_4806,FALSE,FALSE,1468028,4,3
5603,tzopol,ctg_480962,FALSE,FALSE,1048754,4,3
5604,tzopol,ctg_482489,FALSE,FALSE,3056282,8,3
5605,tzopol,ctg_48393,FALSE,FALSE,1207444,3,2
5606,tzopol,ctg_484418,FALSE,FALSE,1778505,4,5
5607,tzopol,ctg_485647,FALSE,FALSE,1092845,4,5
5608,tzopol,ctg_487155,FALSE,FALSE,2192063,4,2
5609,tzopol,ctg_487847,FALSE,FALSE,1840526,4,2
5610,tzopol,ctg_48856,FALSE,FALSE,2704589,4,2
5611,tzopol,ctg_490518,FALSE,FALSE,1015797,4,8
5612,tzopol,ctg_490816,FALSE,FALSE,998561,4,6
5613,tzopol,ctg_491071,FALSE,FALSE,1451607,2,4
5614,tzopol,ctg_491723,FALSE,FALSE,1159969,4,4
5615,tzopol,ctg_492017,FALSE,FALSE,1822186,3,2
5616,tzopol,ctg_493148,FALSE,FALSE,1078505,1,5
5617,tzopol,ctg_497057,FALSE,FALSE,1187837,3,2
5618,tzopol,ctg_497520,FALSE,FALSE,1359202,5,3
5619,tzopol,ctg_497809,FALSE,FALSE,1079998,5,6
5620,tzopol,ctg_499033,FALSE,FALSE,1696638,4,3
5621,tzopol,ctg_499446,FALSE,FALSE,1059281,1,3
5622,tzopol,ctg_499994,FALSE,FALSE,1036348,5,3
5623,tzopol,ctg_500190,FALSE,FALSE,1825273,4,0
5624,tzopol,ctg_50023,FALSE,FALSE,2082250,5,5
5625,tzopol,ctg_500896,FALSE,FALSE,1271437,5,5
5626,tzopol,ctg_501196,FALSE,FALSE,1481142,2,1
5627,tzopol,ctg_502051,FALSE,FALSE,2257007,3,2
5628,tzopol,ctg_502832,FALSE,FALSE,1329574,2,4
5629,tzopol,ctg_505451,FALSE,FALSE,1022372,6,3
5630,tzopol,ctg_506145,TRUE,FALSE,996207,25,3
5631,tzopol,ctg_506357,FALSE,FALSE,1694833,1,2
5632,tzopol,ctg_50745,FALSE,FALSE,1118537,6,6
5633,tzopol,ctg_507585,FALSE,FALSE,1937869,5,2
5634,tzopol,ctg_508029,FALSE,FALSE,1625128,1,6
5635,tzopol,ctg_508342,FALSE,FALSE,1067401,4,2
5636,tzopol,ctg_510617,FALSE,FALSE,1248494,4,1
5637,tzopol,ctg_510912,FALSE,FALSE,1570334,2,4
5638,tzopol,ctg_511514,FALSE,FALSE,1531207,4,4
5639,tzopol,ctg_512285,FALSE,FALSE,1585583,4,2
5640,tzopol,ctg_512891,FALSE,TRUE,1726123,1,11
5641,tzopol,ctg_513346,FALSE,FALSE,1015638,3,2
5642,tzopol,ctg_513967,FALSE,FALSE,1828212,4,4
5643,tzopol,ctg_515485,FALSE,FALSE,1115677,4,2
5644,tzopol,ctg_515838,FALSE,FALSE,1066535,4,5
5645,tzopol,ctg_516091,FALSE,FALSE,1528956,7,2
5646,tzopol,ctg_516662,FALSE,FALSE,1482450,4,4
5647,tzopol,ctg_51736,FALSE,FALSE,1257265,4,6
5648,tzopol,ctg_517596,FALSE,FALSE,1169212,4,3
5649,tzopol,ctg_518124,FALSE,FALSE,1065926,4,5
5650,tzopol,ctg_518617,FALSE,FALSE,2607427,6,1
5651,tzopol,ctg_519116,FALSE,FALSE,1175955,3,4
5652,tzopol,ctg_519908,FALSE,FALSE,1182970,1,4
5653,tzopol,ctg_521897,FALSE,FALSE,1919975,5,6
5654,tzopol,ctg_523244,FALSE,FALSE,2094232,7,4
5655,tzopol,ctg_5243,FALSE,FALSE,1264517,6,4
5656,tzopol,ctg_525512,FALSE,FALSE,1369578,4,1
5657,tzopol,ctg_526281,FALSE,FALSE,2068401,3,5
5658,tzopol,ctg_526693,FALSE,FALSE,1734298,2,3
5659,tzopol,ctg_52822,FALSE,FALSE,2642118,4,3
5660,tzopol,ctg_528242,FALSE,FALSE,1307538,3,3
5661,tzopol,ctg_528509,FALSE,FALSE,4223376,4,4
5662,tzopol,ctg_529691,FALSE,FALSE,1665028,7,4
5663,tzopol,ctg_530646,FALSE,FALSE,1120065,5,1
5664,tzopol,ctg_531460,FALSE,FALSE,2294348,2,4
5665,tzopol,ctg_533587,FALSE,FALSE,2324653,9,6
5666,tzopol,ctg_534077,FALSE,FALSE,1441374,3,4
5667,tzopol,ctg_534332,FALSE,FALSE,1216812,3,5
5668,tzopol,ctg_53497,FALSE,FALSE,1886636,6,7
5669,tzopol,ctg_535273,FALSE,FALSE,1008359,4,3
5670,tzopol,ctg_536059,FALSE,FALSE,1949830,4,3
5671,tzopol,ctg_536839,FALSE,FALSE,1019918,4,3
5672,tzopol,ctg_538813,FALSE,FALSE,1306411,4,1
5673,tzopol,ctg_539549,FALSE,FALSE,1031294,4,3
5674,tzopol,ctg_54039,FALSE,FALSE,1524290,5,2
5675,tzopol,ctg_541304,FALSE,FALSE,1860685,7,1
5676,tzopol,ctg_542237,FALSE,FALSE,1087769,4,7
5677,tzopol,ctg_543295,FALSE,FALSE,1693092,2,3
5678,tzopol,ctg_54441,FALSE,FALSE,2247839,3,6
5679,tzopol,ctg_544751,FALSE,FALSE,1126814,5,2
5680,tzopol,ctg_546248,FALSE,FALSE,1938122,9,3
5681,tzopol,ctg_546808,FALSE,FALSE,1330935,4,1
5682,tzopol,ctg_54882,FALSE,FALSE,1221727,4,4
5683,tzopol,ctg_549084,FALSE,FALSE,1889647,5,2
5684,tzopol,ctg_549895,FALSE,FALSE,1010604,6,3
5685,tzopol,ctg_551112,FALSE,FALSE,1131733,4,0
5686,tzopol,ctg_55155,FALSE,FALSE,1645508,3,5
5687,tzopol,ctg_552231,FALSE,FALSE,1467136,8,2
5688,tzopol,ctg_554918,FALSE,FALSE,1468764,5,4
5689,tzopol,ctg_555949,FALSE,FALSE,1434384,5,5
5690,tzopol,ctg_556467,FALSE,FALSE,4088652,2,5
5691,tzopol,ctg_560598,FALSE,FALSE,992963,6,2
5692,tzopol,ctg_56079,FALSE,FALSE,1666068,3,5
5693,tzopol,ctg_562928,FALSE,FALSE,1738011,4,4
5694,tzopol,ctg_563326,FALSE,FALSE,1547200,5,3
5695,tzopol,ctg_563641,FALSE,FALSE,1169443,3,4
5696,tzopol,ctg_564468,FALSE,FALSE,1364684,5,6
5697,tzopol,ctg_566659,FALSE,FALSE,1589348,1,6
5698,tzopol,ctg_56752,FALSE,FALSE,1188428,3,2
5699,tzopol,ctg_567906,FALSE,FALSE,1095774,4,2
5700,tzopol,ctg_569105,FALSE,FALSE,1549166,3,5
5701,tzopol,ctg_569723,FALSE,FALSE,1234323,2,5
5702,tzopol,ctg_572078,FALSE,FALSE,1469767,8,4
5703,tzopol,ctg_572760,FALSE,FALSE,998151,3,2
5704,tzopol,ctg_572964,FALSE,FALSE,1558372,5,3
5705,tzopol,ctg_573914,FALSE,FALSE,1158231,5,3
5706,tzopol,ctg_574658,FALSE,FALSE,2107536,6,2
5707,tzopol,ctg_57480,FALSE,FALSE,2350244,4,3
5708,tzopol,ctg_575242,FALSE,FALSE,1545349,2,3
5709,tzopol,ctg_576045,FALSE,FALSE,1344731,3,1
5710,tzopol,ctg_576550,FALSE,FALSE,1740845,7,1
5711,tzopol,ctg_577983,FALSE,FALSE,1053533,3,3
5712,tzopol,ctg_579253,FALSE,FALSE,1121030,5,4
5713,tzopol,ctg_580918,FALSE,FALSE,1027448,2,0
5714,tzopol,ctg_581195,FALSE,FALSE,1079861,3,3
5715,tzopol,ctg_581629,FALSE,FALSE,1174171,6,6
5716,tzopol,ctg_582349,FALSE,FALSE,1146854,1,4
5717,tzopol,ctg_583789,FALSE,FALSE,1584182,3,5
5718,tzopol,ctg_584531,FALSE,FALSE,998420,2,7
5719,tzopol,ctg_585747,FALSE,FALSE,1301943,6,2
5720,tzopol,ctg_586107,FALSE,FALSE,1156030,2,2
5721,tzopol,ctg_588109,FALSE,FALSE,1512232,6,5
5722,tzopol,ctg_588945,FALSE,FALSE,1011184,5,3
5723,tzopol,ctg_589320,FALSE,FALSE,1426487,5,4
5724,tzopol,ctg_589616,FALSE,FALSE,1022130,4,1
5725,tzopol,ctg_589813,FALSE,FALSE,1548325,2,3
5726,tzopol,ctg_590131,FALSE,FALSE,1092371,4,4
5727,tzopol,ctg_591778,FALSE,FALSE,1808390,8,3
5728,tzopol,ctg_592216,FALSE,FALSE,1587079,2,4
5729,tzopol,ctg_593622,FALSE,FALSE,1088678,3,2
5730,tzopol,ctg_595782,FALSE,FALSE,1496675,5,5
5731,tzopol,ctg_596845,FALSE,FALSE,1812137,2,3
5732,tzopol,ctg_598333,FALSE,FALSE,1037077,3,7
5733,tzopol,ctg_598536,FALSE,FALSE,1333504,3,1
5734,tzopol,ctg_598966,FALSE,FALSE,1267792,4,5
5735,tzopol,ctg_59978,FALSE,FALSE,998837,3,5
5736,tzopol,ctg_601578,FALSE,FALSE,996616,3,8
5737,tzopol,ctg_601950,FALSE,FALSE,1056243,3,4
5738,tzopol,ctg_602842,FALSE,FALSE,1106612,3,3
5739,tzopol,ctg_603171,FALSE,FALSE,1268389,4,5
5740,tzopol,ctg_60478,FALSE,FALSE,1021749,3,5
5741,tzopol,ctg_605535,FALSE,FALSE,1240733,6,7
5742,tzopol,ctg_605788,FALSE,FALSE,2261401,4,5
5743,tzopol,ctg_606577,FALSE,FALSE,1057228,4,3
5744,tzopol,ctg_607845,FALSE,FALSE,1083960,3,2
5745,tzopol,ctg_608454,FALSE,FALSE,1263976,2,2
5746,tzopol,ctg_608697,FALSE,FALSE,1814471,2,9
5747,tzopol,ctg_609963,FALSE,FALSE,1198764,4,5
5748,tzopol,ctg_613579,FALSE,FALSE,1947834,2,4
5749,tzopol,ctg_614276,FALSE,FALSE,1183338,4,5
5750,tzopol,ctg_614781,FALSE,FALSE,1011744,1,1
5751,tzopol,ctg_6151,FALSE,FALSE,5796816,7,3
5752,tzopol,ctg_615305,FALSE,FALSE,1373128,7,3
5753,tzopol,ctg_616016,FALSE,FALSE,1676080,4,2
5754,tzopol,ctg_617057,FALSE,FALSE,2480732,2,7
5755,tzopol,ctg_617566,FALSE,FALSE,1010203,2,2
5756,tzopol,ctg_61896,FALSE,FALSE,2002269,7,2
5757,tzopol,ctg_619356,FALSE,FALSE,1153157,3,5
5758,tzopol,ctg_620353,FALSE,FALSE,1397522,4,4
5759,tzopol,ctg_620780,FALSE,FALSE,1259968,3,2
5760,tzopol,ctg_622362,FALSE,FALSE,1538811,3,4
5761,tzopol,ctg_622721,FALSE,FALSE,3882014,2,3
5762,tzopol,ctg_62310,FALSE,FALSE,1076491,7,2
5763,tzopol,ctg_623874,FALSE,FALSE,1194382,6,1
5764,tzopol,ctg_625022,FALSE,FALSE,1363530,5,1
5765,tzopol,ctg_62683,FALSE,FALSE,3024096,3,4
5766,tzopol,ctg_628548,FALSE,FALSE,1034164,3,1
5767,tzopol,ctg_629009,FALSE,FALSE,1396901,2,1
5768,tzopol,ctg_630901,FALSE,FALSE,1879596,2,3
5769,tzopol,ctg_631853,FALSE,FALSE,1625999,5,5
5770,tzopol,ctg_632595,FALSE,FALSE,1335807,4,4
5771,tzopol,ctg_633473,FALSE,FALSE,1045287,3,2
5772,tzopol,ctg_63350,FALSE,FALSE,1856853,6,5
5773,tzopol,ctg_634119,FALSE,FALSE,1558019,3,4
5774,tzopol,ctg_635208,FALSE,FALSE,1228085,4,4
5775,tzopol,ctg_635571,FALSE,FALSE,1119031,3,3
5776,tzopol,ctg_639351,TRUE,FALSE,1439466,16,3
5777,tzopol,ctg_64258,FALSE,FALSE,1912375,2,2
5778,tzopol,ctg_643609,FALSE,FALSE,1484278,2,7
5779,tzopol,ctg_645948,FALSE,FALSE,1345961,3,5
5780,tzopol,ctg_64729,FALSE,FALSE,1573242,4,4
5781,tzopol,ctg_648163,FALSE,FALSE,1769237,4,5
5782,tzopol,ctg_649748,FALSE,FALSE,1115191,5,2
5783,tzopol,ctg_649992,FALSE,FALSE,1171458,4,3
5784,tzopol,ctg_651597,FALSE,FALSE,2422879,6,2
5785,tzopol,ctg_65257,FALSE,FALSE,1908930,5,3
5786,tzopol,ctg_654166,FALSE,FALSE,1006279,4,5
5787,tzopol,ctg_654476,FALSE,FALSE,1382835,1,4
5788,tzopol,ctg_655474,FALSE,FALSE,1064328,2,4
5789,tzopol,ctg_655816,FALSE,FALSE,1046097,4,4
5790,tzopol,ctg_656642,FALSE,FALSE,1608267,5,2
5791,tzopol,ctg_659415,FALSE,FALSE,1271691,5,4
5792,tzopol,ctg_660306,FALSE,FALSE,1800313,5,2
5793,tzopol,ctg_661354,FALSE,FALSE,2608462,4,3
5794,tzopol,ctg_661920,FALSE,FALSE,1190294,4,2
5795,tzopol,ctg_662649,FALSE,FALSE,1203203,4,1
5796,tzopol,ctg_663460,FALSE,FALSE,1232567,4,3
5797,tzopol,ctg_664869,FALSE,FALSE,1344600,2,2
5798,tzopol,ctg_666604,FALSE,FALSE,1689685,5,3
5799,tzopol,ctg_668747,FALSE,FALSE,1002714,6,3
5800,tzopol,ctg_66966,FALSE,FALSE,1403671,4,2
5801,tzopol,ctg_670767,FALSE,FALSE,2285037,7,4
5802,tzopol,ctg_671229,FALSE,FALSE,1786131,6,3
5803,tzopol,ctg_671634,FALSE,FALSE,1266458,5,3
5804,tzopol,ctg_672666,FALSE,FALSE,1332662,3,4
5805,tzopol,ctg_676525,FALSE,FALSE,1920942,5,3
5806,tzopol,ctg_677519,FALSE,FALSE,1317806,3,3
5807,tzopol,ctg_677868,FALSE,FALSE,2240479,3,1
5808,tzopol,ctg_679075,FALSE,FALSE,1400561,6,3
5809,tzopol,ctg_67980,FALSE,FALSE,1113575,2,4
5810,tzopol,ctg_683124,FALSE,FALSE,991148,4,0
5811,tzopol,ctg_684730,FALSE,FALSE,1310755,3,2
5812,tzopol,ctg_686749,FALSE,FALSE,1665288,1,5
5813,tzopol,ctg_687749,FALSE,FALSE,1345607,6,4
5814,tzopol,ctg_68806,FALSE,FALSE,1909886,4,5
5815,tzopol,ctg_689306,FALSE,FALSE,1041989,1,6
5816,tzopol,ctg_690460,FALSE,FALSE,1375307,3,2
5817,tzopol,ctg_690988,FALSE,FALSE,3001659,5,5
5818,tzopol,ctg_694497,FALSE,FALSE,1568075,5,4
5819,tzopol,ctg_696165,FALSE,FALSE,997710,3,7
5820,tzopol,ctg_69735,FALSE,FALSE,1545310,3,4
5821,tzopol,ctg_698368,FALSE,FALSE,1123879,3,2
5822,tzopol,ctg_699660,FALSE,FALSE,1182557,6,4
5823,tzopol,ctg_699970,FALSE,FALSE,1018195,4,5
5824,tzopol,ctg_70026,FALSE,FALSE,1115754,4,1
5825,tzopol,ctg_700477,FALSE,FALSE,1018662,6,2
5826,tzopol,ctg_702698,FALSE,FALSE,1357710,8,3
5827,tzopol,ctg_704296,FALSE,FALSE,1417218,6,4
5828,tzopol,ctg_704973,FALSE,FALSE,1273027,3,1
5829,tzopol,ctg_70625,FALSE,FALSE,7443821,4,5
5830,tzopol,ctg_706551,FALSE,FALSE,1036508,1,3
5831,tzopol,ctg_708446,FALSE,FALSE,1931407,0,0
5832,tzopol,ctg_709383,FALSE,FALSE,1683125,5,2
5833,tzopol,ctg_711692,FALSE,FALSE,1036411,3,1
5834,tzopol,ctg_713309,FALSE,FALSE,1549147,5,5
5835,tzopol,ctg_715708,FALSE,FALSE,1960171,4,2
5836,tzopol,ctg_716233,FALSE,FALSE,1135180,4,4
5837,tzopol,ctg_719427,FALSE,FALSE,2110003,2,2
5838,tzopol,ctg_722400,FALSE,FALSE,1115853,5,4
5839,tzopol,ctg_72469,FALSE,FALSE,1046761,3,2
5840,tzopol,ctg_725240,FALSE,FALSE,1131075,2,4
5841,tzopol,ctg_725981,FALSE,FALSE,991822,2,4
5842,tzopol,ctg_730211,FALSE,FALSE,1197615,2,1
5843,tzopol,ctg_731460,FALSE,FALSE,1073715,5,3
5844,tzopol,ctg_732310,FALSE,FALSE,1071166,2,2
5845,tzopol,ctg_734234,FALSE,TRUE,1110255,5,12
5846,tzopol,ctg_73478,FALSE,FALSE,1123989,5,3
5847,tzopol,ctg_739493,FALSE,FALSE,1096366,1,4
5848,tzopol,ctg_740520,FALSE,FALSE,1269936,2,3
5849,tzopol,ctg_742716,FALSE,FALSE,1444161,3,5
5850,tzopol,ctg_743803,FALSE,FALSE,1337322,4,2
5851,tzopol,ctg_74448,FALSE,FALSE,2243124,5,5
5852,tzopol,ctg_7452,FALSE,FALSE,3485295,6,3
5853,tzopol,ctg_746315,FALSE,FALSE,2041516,4,6
5854,tzopol,ctg_747526,TRUE,FALSE,1266099,13,5
5855,tzopol,ctg_748497,FALSE,FALSE,2133502,2,2
5856,tzopol,ctg_749363,FALSE,FALSE,1120211,5,5
5857,tzopol,ctg_74971,FALSE,FALSE,1958449,5,4
5858,tzopol,ctg_750222,FALSE,FALSE,1056175,7,5
5859,tzopol,ctg_752030,FALSE,FALSE,1307079,3,4
5860,tzopol,ctg_757054,FALSE,FALSE,2940916,4,3
5861,tzopol,ctg_759985,FALSE,FALSE,2589761,4,4
5862,tzopol,ctg_761535,FALSE,FALSE,1097235,2,3
5863,tzopol,ctg_762949,FALSE,FALSE,1033895,5,1
5864,tzopol,ctg_764468,FALSE,FALSE,1091279,4,5
5865,tzopol,ctg_767459,FALSE,FALSE,1592510,2,2
5866,tzopol,ctg_768251,FALSE,FALSE,1134563,6,5
5867,tzopol,ctg_770716,FALSE,FALSE,996210,3,3
5868,tzopol,ctg_771944,FALSE,FALSE,2262463,6,6
5869,tzopol,ctg_772665,FALSE,FALSE,1461873,2,3
5870,tzopol,ctg_773224,FALSE,FALSE,1385328,2,3
5871,tzopol,ctg_774286,FALSE,FALSE,1056564,4,6
5872,tzopol,ctg_777340,FALSE,FALSE,1118194,4,2
5873,tzopol,ctg_777928,FALSE,FALSE,1067742,3,3
5874,tzopol,ctg_778131,FALSE,FALSE,1075496,3,4
5875,tzopol,ctg_780806,FALSE,FALSE,2167059,9,8
5876,tzopol,ctg_782346,FALSE,FALSE,1260166,4,3
5877,tzopol,ctg_78256,FALSE,FALSE,1753797,3,3
5878,tzopol,ctg_784905,FALSE,FALSE,1475807,1,1
5879,tzopol,ctg_78694,FALSE,FALSE,2234738,8,3
5880,tzopol,ctg_790023,TRUE,FALSE,1059860,12,2
5881,tzopol,ctg_791119,FALSE,FALSE,1354820,3,3
5882,tzopol,ctg_795210,FALSE,FALSE,1131360,3,1
5883,tzopol,ctg_799782,FALSE,FALSE,2122773,2,2
5884,tzopol,ctg_809478,FALSE,FALSE,1295258,4,3
5885,tzopol,ctg_810829,FALSE,FALSE,1266729,7,4
5886,tzopol,ctg_81101,FALSE,FALSE,1831246,8,6
5887,tzopol,ctg_811517,FALSE,FALSE,2564982,2,1
5888,tzopol,ctg_812983,FALSE,FALSE,1031285,4,4
5889,tzopol,ctg_81607,TRUE,FALSE,1604743,11,1
5890,tzopol,ctg_818188,FALSE,FALSE,1148014,3,3
5891,tzopol,ctg_819509,FALSE,FALSE,1087356,3,2
5892,tzopol,ctg_823358,FALSE,FALSE,1173490,3,7
5893,tzopol,ctg_82397,FALSE,FALSE,1349538,5,4
5894,tzopol,ctg_824992,FALSE,FALSE,2874227,3,2
5895,tzopol,ctg_831596,FALSE,FALSE,1290228,6,5
5896,tzopol,ctg_832162,FALSE,FALSE,1969077,1,4
5897,tzopol,ctg_833732,FALSE,FALSE,1340179,2,1
5898,tzopol,ctg_8338,FALSE,FALSE,996691,3,3
5899,tzopol,ctg_835508,FALSE,FALSE,1357607,4,5
5900,tzopol,ctg_835891,FALSE,FALSE,1044462,2,4
5901,tzopol,ctg_83721,TRUE,FALSE,997786,23,2
5902,tzopol,ctg_838820,FALSE,FALSE,1445036,5,2
5903,tzopol,ctg_83936,FALSE,FALSE,1022951,4,3
5904,tzopol,ctg_84149,FALSE,FALSE,1291098,3,2
5905,tzopol,ctg_843621,FALSE,FALSE,1722018,2,3
5906,tzopol,ctg_84407,FALSE,FALSE,1206895,3,2
5907,tzopol,ctg_845509,FALSE,FALSE,2122695,2,3
5908,tzopol,ctg_848669,FALSE,FALSE,1178744,3,7
5909,tzopol,ctg_849680,FALSE,FALSE,1202259,4,4
5910,tzopol,ctg_850170,FALSE,FALSE,1387490,3,4
5911,tzopol,ctg_850483,FALSE,FALSE,1042190,6,6
5912,tzopol,ctg_85068,FALSE,FALSE,3004856,4,2
5913,tzopol,ctg_850732,FALSE,FALSE,1128903,1,6
5914,tzopol,ctg_851049,FALSE,TRUE,1769144,6,12
5915,tzopol,ctg_853289,FALSE,FALSE,1899189,1,4
5916,tzopol,ctg_856451,FALSE,FALSE,1784664,3,4
5917,tzopol,ctg_856817,FALSE,FALSE,4821299,5,3
5918,tzopol,ctg_8575,FALSE,FALSE,3350863,1,3
5919,tzopol,ctg_85884,FALSE,TRUE,1112616,1,18
5920,tzopol,ctg_862001,FALSE,FALSE,1084822,2,7
5921,tzopol,ctg_863634,FALSE,FALSE,1325683,3,2
5922,tzopol,ctg_87126,FALSE,FALSE,3310058,5,7
5923,tzopol,ctg_880402,FALSE,FALSE,1233740,4,1
5924,tzopol,ctg_881000,FALSE,FALSE,1331751,5,5
5925,tzopol,ctg_882193,FALSE,FALSE,1075880,3,4
5926,tzopol,ctg_883353,FALSE,FALSE,2288449,3,3
5927,tzopol,ctg_886231,FALSE,FALSE,1016563,7,2
5928,tzopol,ctg_887539,FALSE,FALSE,2938988,4,3
5929,tzopol,ctg_89072,FALSE,FALSE,1105184,3,1
5930,tzopol,ctg_892560,FALSE,FALSE,1243829,2,1
5931,tzopol,ctg_89291,FALSE,FALSE,1288192,2,2
5932,tzopol,ctg_896782,FALSE,FALSE,2538074,3,5
5933,tzopol,ctg_897719,FALSE,FALSE,2911163,3,9
5934,tzopol,ctg_899120,FALSE,FALSE,1300043,5,1
5935,tzopol,ctg_899418,FALSE,FALSE,1262093,1,2
5936,tzopol,ctg_90206,FALSE,FALSE,1258509,6,8
5937,tzopol,ctg_902371,FALSE,FALSE,1004919,2,3
5938,tzopol,ctg_903058,FALSE,FALSE,990836,2,2
5939,tzopol,ctg_907721,FALSE,FALSE,1661722,4,3
5940,tzopol,ctg_90822,FALSE,FALSE,1315044,2,8
5941,tzopol,ctg_908870,FALSE,FALSE,1314962,4,2
5942,tzopol,ctg_909578,FALSE,FALSE,1533865,8,2
5943,tzopol,ctg_91091,FALSE,FALSE,1334245,2,8
5944,tzopol,ctg_911138,FALSE,FALSE,1293452,5,2
5945,tzopol,ctg_914467,FALSE,TRUE,1292573,3,24
5946,tzopol,ctg_915011,FALSE,FALSE,1426897,2,3
5947,tzopol,ctg_916425,FALSE,FALSE,1264793,2,2
5948,tzopol,ctg_917343,FALSE,FALSE,1295693,5,3
5949,tzopol,ctg_92318,FALSE,FALSE,1023781,3,5
5950,tzopol,ctg_925336,FALSE,FALSE,1751336,6,1
5951,tzopol,ctg_926592,FALSE,FALSE,1004722,6,2
5952,tzopol,ctg_92672,FALSE,FALSE,1031294,4,6
5953,tzopol,ctg_9296,FALSE,FALSE,1729137,5,3
5954,tzopol,ctg_930233,FALSE,FALSE,1464683,8,5
5955,tzopol,ctg_93107,FALSE,FALSE,2804097,2,7
5956,tzopol,ctg_93699,FALSE,FALSE,1098710,3,2
5957,tzopol,ctg_939880,FALSE,FALSE,2303483,5,3
5958,tzopol,ctg_94199,FALSE,FALSE,1400706,1,2
5959,tzopol,ctg_94916,FALSE,FALSE,1230646,5,3
5960,tzopol,ctg_950416,FALSE,FALSE,990029,2,2
5961,tzopol,ctg_950736,FALSE,FALSE,1246910,5,4
5962,tzopol,ctg_95177,FALSE,FALSE,2747001,4,4
5963,tzopol,ctg_953501,FALSE,FALSE,3602400,3,2
5964,tzopol,ctg_96158,FALSE,FALSE,1368922,4,5
5965,tzopol,ctg_961661,FALSE,FALSE,1230566,5,1
5966,tzopol,ctg_9662,FALSE,FALSE,1797992,3,2
5967,tzopol,ctg_968113,FALSE,FALSE,1417860,1,2
5968,tzopol,ctg_96959,FALSE,FALSE,2453052,4,3
5969,tzopol,ctg_971052,FALSE,FALSE,2162010,2,6
5970,tzopol,ctg_976894,FALSE,FALSE,1271738,6,2
5971,tzopol,ctg_982193,FALSE,FALSE,1929451,4,6
5972,tzopol,ctg_98382,FALSE,FALSE,1729768,7,5
5973,tzopol,ctg_988221,FALSE,FALSE,1278623,3,7
5974,tzopol,ctg_99628,FALSE,FALSE,1078368,4,8
5975,tzopol,ctg_996424,FALSE,FALSE,1558922,6,4
5976,udigit,scaf_1,TRUE,TRUE,244495298,865,1006
5977,udigit,scaf_10,TRUE,FALSE,147240711,1194,5
5978,udigit,scaf_11,TRUE,TRUE,146916075,1275,791
5979,udigit,scaf_12,TRUE,TRUE,146607532,437,494
5980,udigit,scaf_13,TRUE,TRUE,146238476,579,735
5981,udigit,scaf_14,FALSE,FALSE,145358948,1,0
5982,udigit,scaf_15,FALSE,TRUE,143780302,0,281
5983,udigit,scaf_16,FALSE,TRUE,139443899,8,465
5984,udigit,scaf_17,TRUE,TRUE,136900160,541,1241
5985,udigit,scaf_18,TRUE,FALSE,136290849,1328,4
5986,udigit,scaf_19,TRUE,FALSE,132607900,559,4
5987,udigit,scaf_2,TRUE,FALSE,220589638,1332,0
5988,udigit,scaf_20,TRUE,FALSE,124232080,501,7
5989,udigit,scaf_21,FALSE,TRUE,115740949,1,92
5990,udigit,scaf_22,FALSE,FALSE,114574446,0,1
5991,udigit,scaf_23,TRUE,TRUE,107884001,283,1226
5992,udigit,scaf_24,TRUE,FALSE,107686487,1335,1
5993,udigit,scaf_25,FALSE,TRUE,104679805,0,1009
5994,udigit,scaf_26,TRUE,TRUE,103854414,454,403
5995,udigit,scaf_27,TRUE,TRUE,100295619,788,481
5996,udigit,scaf_28,FALSE,FALSE,89770171,3,0
5997,udigit,scaf_29,TRUE,FALSE,77518149,566,2
5998,udigit,scaf_3,TRUE,TRUE,218044790,409,1332
5999,udigit,scaf_30,FALSE,FALSE,58872152,0,1
6000,udigit,scaf_31,FALSE,TRUE,57129157,6,1127
6001,udigit,scaf_32,FALSE,TRUE,56479295,2,214
6002,udigit,scaf_33,FALSE,FALSE,51673629,0,0
6003,udigit,scaf_34,FALSE,TRUE,47939159,0,286
6004,udigit,scaf_35,FALSE,FALSE,47875141,0,1
6005,udigit,scaf_36,FALSE,FALSE,47170375,3,5
6006,udigit,scaf_37,TRUE,FALSE,37458573,417,0
6007,udigit,scaf_38,TRUE,FALSE,35299643,1104,2
6008,udigit,scaf_39,FALSE,FALSE,27184103,4,3
6009,udigit,scaf_4,TRUE,TRUE,200289373,326,462
6010,udigit,scaf_40,TRUE,TRUE,23589512,11,276
6011,udigit,scaf_41,FALSE,FALSE,18408255,3,1
6012,udigit,scaf_42,FALSE,FALSE,10621403,3,4
6013,udigit,scaf_43,FALSE,FALSE,3001084,0,0
6014,udigit,scaf_44,FALSE,FALSE,1615467,1,0
6015,udigit,scaf_45,FALSE,FALSE,1337199,0,0
6016,udigit,scaf_46,FALSE,FALSE,1272428,0,0
6017,udigit,scaf_47,FALSE,FALSE,1107133,4,1
6018,udigit,scaf_48,FALSE,FALSE,1091381,0,0
6019,udigit,scaf_5,FALSE,TRUE,181138472,6,687
6020,udigit,scaf_6,TRUE,TRUE,169507994,385,568
6021,udigit,scaf_7,TRUE,TRUE,160017888,1270,900
6022,udigit,scaf_8,FALSE,TRUE,147636590,1,702
6023,udigit,scaf_9,TRUE,TRUE,147278452,505,1215
6024,vcuspi,alt-scaf_109,FALSE,FALSE,1217569,3,2
6025,vcuspi,alt-scaf_11,TRUE,FALSE,38012244,1324,2
6026,vcuspi,alt-scaf_13,FALSE,TRUE,36959303,9,1250
6027,vcuspi,alt-scaf_16,TRUE,FALSE,33785170,1391,2
6028,vcuspi,alt-scaf_18,FALSE,FALSE,31483360,4,3
6029,vcuspi,alt-scaf_19,FALSE,FALSE,31122320,0,0
6030,vcuspi,alt-scaf_24,TRUE,FALSE,28922987,1401,0
6031,vcuspi,alt-scaf_25,TRUE,FALSE,28905181,1327,0
6032,vcuspi,alt-scaf_26,FALSE,TRUE,28471798,2,1410
6033,vcuspi,alt-scaf_28,TRUE,FALSE,27955450,1277,4
6034,vcuspi,alt-scaf_29,TRUE,FALSE,27931368,646,1
6035,vcuspi,alt-scaf_33,TRUE,FALSE,24519003,604,0
6036,vcuspi,alt-scaf_35,FALSE,TRUE,24037316,4,774
6037,vcuspi,alt-scaf_36,FALSE,TRUE,23879133,4,611
6038,vcuspi,alt-scaf_37,FALSE,FALSE,23498337,2,0
6039,vcuspi,alt-scaf_39,FALSE,FALSE,22622709,5,2
6040,vcuspi,alt-scaf_4,TRUE,TRUE,57208700,1169,817
6041,vcuspi,alt-scaf_40,FALSE,FALSE,22283556,1,2
6042,vcuspi,alt-scaf_47,FALSE,FALSE,17584666,3,2
6043,vcuspi,alt-scaf_51,TRUE,FALSE,15586280,1304,1
6044,vcuspi,alt-scaf_52,FALSE,FALSE,15492629,4,1
6045,vcuspi,alt-scaf_53,FALSE,TRUE,15031432,4,85
6046,vcuspi,alt-scaf_54,FALSE,FALSE,13948383,5,6
6047,vcuspi,alt-scaf_55,FALSE,TRUE,13832999,1,1254
6048,vcuspi,alt-scaf_56,FALSE,FALSE,12490734,1,4
6049,vcuspi,alt-scaf_57,FALSE,FALSE,12123738,0,7
6050,vcuspi,alt-scaf_58,FALSE,FALSE,11351285,3,2
6051,vcuspi,alt-scaf_59,TRUE,FALSE,10747976,1421,3
6052,vcuspi,alt-scaf_62,FALSE,TRUE,9399373,1,1309
6053,vcuspi,alt-scaf_64,FALSE,FALSE,9332781,1,4
6054,vcuspi,alt-scaf_65,TRUE,FALSE,8940630,1130,0
6055,vcuspi,alt-scaf_69,FALSE,FALSE,8166152,0,3
6056,vcuspi,alt-scaf_7,FALSE,FALSE,39824618,6,1
6057,vcuspi,alt-scaf_71,FALSE,FALSE,7382724,4,4
6058,vcuspi,alt-scaf_73,FALSE,TRUE,6477467,0,581
6059,vcuspi,alt-scaf_79,FALSE,TRUE,6110927,3,370
6060,vcuspi,alt-scaf_8,FALSE,FALSE,39438711,5,0
6061,vcuspi,alt-scaf_80,FALSE,FALSE,5895229,5,3
6062,vcuspi,alt-scaf_82,FALSE,TRUE,4934328,2,515
6063,vcuspi,alt-scaf_84,FALSE,FALSE,4844775,0,4
6064,vcuspi,scaf_1,TRUE,TRUE,75353746,1397,1416
6065,vcuspi,scaf_10,FALSE,TRUE,38283300,5,1373
6066,vcuspi,scaf_100,FALSE,FALSE,1703467,3,4
6067,vcuspi,scaf_101,FALSE,FALSE,1687951,1,4
6068,vcuspi,scaf_102,FALSE,FALSE,1448016,2,2
6069,vcuspi,scaf_103,FALSE,FALSE,1446404,2,2
6070,vcuspi,scaf_104,FALSE,FALSE,1409825,6,3
6071,vcuspi,scaf_105,FALSE,FALSE,1373779,1,5
6072,vcuspi,scaf_106,FALSE,FALSE,1368438,5,4
6073,vcuspi,scaf_107,FALSE,FALSE,1263323,2,6
6074,vcuspi,scaf_108,FALSE,FALSE,1234244,6,3
6075,vcuspi,scaf_110,FALSE,FALSE,1210156,8,1
6076,vcuspi,scaf_111,FALSE,FALSE,1190986,2,3
6077,vcuspi,scaf_112,FALSE,FALSE,1188849,7,4
6078,vcuspi,scaf_113,FALSE,FALSE,1134260,2,4
6079,vcuspi,scaf_114,FALSE,FALSE,1134055,4,1
6080,vcuspi,scaf_115,FALSE,FALSE,1130184,3,1
6081,vcuspi,scaf_116,FALSE,FALSE,1101422,4,1
6082,vcuspi,scaf_117,FALSE,FALSE,1098772,6,1
6083,vcuspi,scaf_118,FALSE,FALSE,1068666,3,3
6084,vcuspi,scaf_119,FALSE,FALSE,1038845,5,0
6085,vcuspi,scaf_12,FALSE,FALSE,37522654,1,2
6086,vcuspi,scaf_120,FALSE,FALSE,1034619,2,4
6087,vcuspi,scaf_121,FALSE,FALSE,1014850,2,8
6088,vcuspi,scaf_122,FALSE,FALSE,1001775,4,7
6089,vcuspi,scaf_14,FALSE,FALSE,35406949,2,0
6090,vcuspi,scaf_15,TRUE,FALSE,35178573,1374,0
6091,vcuspi,scaf_17,TRUE,FALSE,31515144,915,0
6092,vcuspi,scaf_2,TRUE,TRUE,58765928,1355,1393
6093,vcuspi,scaf_20,FALSE,TRUE,30169258,0,1253
6094,vcuspi,scaf_21,FALSE,FALSE,29340149,2,0
6095,vcuspi,scaf_22,FALSE,TRUE,29334896,2,1427
6096,vcuspi,scaf_23,TRUE,TRUE,29300493,1179,13
6097,vcuspi,scaf_27,FALSE,TRUE,28336978,3,1006
6098,vcuspi,scaf_3,TRUE,TRUE,57952788,1397,341
6099,vcuspi,scaf_30,TRUE,FALSE,26370812,1264,3
6100,vcuspi,scaf_31,FALSE,FALSE,25724170,8,3
6101,vcuspi,scaf_32,TRUE,FALSE,24532866,1376,0
6102,vcuspi,scaf_34,FALSE,FALSE,24133060,6,2
6103,vcuspi,scaf_38,FALSE,FALSE,23396223,0,4
6104,vcuspi,scaf_41,TRUE,TRUE,22078305,10,1153
6105,vcuspi,scaf_42,TRUE,FALSE,21865042,1388,0
6106,vcuspi,scaf_43,FALSE,FALSE,20880099,0,0
6107,vcuspi,scaf_44,FALSE,FALSE,20301659,8,2
6108,vcuspi,scaf_45,FALSE,FALSE,20064653,0,2
6109,vcuspi,scaf_46,TRUE,FALSE,18940270,1382,3
6110,vcuspi,scaf_48,TRUE,FALSE,17487080,1368,0
6111,vcuspi,scaf_49,FALSE,FALSE,17113294,0,0
6112,vcuspi,scaf_5,TRUE,FALSE,42478104,1411,0
6113,vcuspi,scaf_50,FALSE,FALSE,15634002,6,0
6114,vcuspi,scaf_6,FALSE,TRUE,40597275,0,609
6115,vcuspi,scaf_60,TRUE,FALSE,10605306,1359,2
6116,vcuspi,scaf_61,FALSE,FALSE,10039731,6,7
6117,vcuspi,scaf_63,FALSE,FALSE,9357995,0,0
6118,vcuspi,scaf_66,FALSE,FALSE,8880462,0,0
6119,vcuspi,scaf_67,FALSE,FALSE,8678447,0,0
6120,vcuspi,scaf_68,FALSE,FALSE,8269999,8,4
6121,vcuspi,scaf_70,FALSE,TRUE,8098489,4,1381
6122,vcuspi,scaf_72,FALSE,FALSE,6667257,1,4
6123,vcuspi,scaf_74,FALSE,FALSE,6376851,6,0
6124,vcuspi,scaf_75,FALSE,FALSE,6363337,3,3
6125,vcuspi,scaf_76,FALSE,FALSE,6349272,4,1
6126,vcuspi,scaf_77,TRUE,FALSE,6207397,371,1
6127,vcuspi,scaf_78,FALSE,FALSE,6113306,3,3
6128,vcuspi,scaf_81,TRUE,FALSE,5688109,1289,4
6129,vcuspi,scaf_83,FALSE,FALSE,4847170,0,3
6130,vcuspi,scaf_85,FALSE,FALSE,4484138,4,0
6131,vcuspi,scaf_86,FALSE,FALSE,4142667,2,3
6132,vcuspi,scaf_87,FALSE,FALSE,3774988,5,3
6133,vcuspi,scaf_88,FALSE,FALSE,3462265,2,3
6134,vcuspi,scaf_89,FALSE,FALSE,3364204,0,3
6135,vcuspi,scaf_9,FALSE,TRUE,38457743,5,338
6136,vcuspi,scaf_90,FALSE,FALSE,3210586,2,5
6137,vcuspi,scaf_91,FALSE,FALSE,3080215,3,3
6138,vcuspi,scaf_92,FALSE,FALSE,2996360,5,7
6139,vcuspi,scaf_93,FALSE,FALSE,2839321,4,2
6140,vcuspi,scaf_94,FALSE,FALSE,2808298,3,4
6141,vcuspi,scaf_95,FALSE,FALSE,2521862,5,2
6142,vcuspi,scaf_96,FALSE,FALSE,2069520,3,2
6143,vcuspi,scaf_97,FALSE,FALSE,1939291,2,5
6144,vcuspi,scaf_98,FALSE,FALSE,1826957,3,3
6145,vcuspi,scaf_99,FALSE,FALSE,1748076,2,1
6146,zTIL01,alt-scaf_19,FALSE,FALSE,17378830,9,2
6147,zTIL01,alt-scaf_38,FALSE,FALSE,1348597,0,0
6148,zTIL01,chr1,TRUE,TRUE,319290476,314,362
6149,zTIL01,chr10,TRUE,FALSE,157537249,223,1
6150,zTIL01,chr2,TRUE,TRUE,337603503,319,450
6151,zTIL01,chr3,TRUE,TRUE,285992450,394,325
6152,zTIL01,chr4,FALSE,TRUE,298410574,3,22
6153,zTIL01,chr5,TRUE,TRUE,262447929,213,372
6154,zTIL01,chr6,FALSE,FALSE,203781702,4,1
6155,zTIL01,chr7,TRUE,TRUE,193586074,111,345
6156,zTIL01,chr8,TRUE,TRUE,238324246,396,352
6157,zTIL01,chr9,TRUE,TRUE,197153923,186,394
6158,zTIL01,scaf_20,FALSE,FALSE,14434414,4,3
6159,zTIL01,scaf_21,FALSE,FALSE,9455817,1,3
6160,zTIL01,scaf_22,FALSE,FALSE,6942171,0,0
6161,zTIL01,scaf_24,FALSE,FALSE,5058722,0,0
6162,zTIL01,scaf_25,FALSE,TRUE,4836239,0,337
6163,zTIL01,scaf_26,FALSE,FALSE,4380926,4,3
6164,zTIL01,scaf_27,FALSE,FALSE,3822865,1,2
6165,zTIL01,scaf_28,FALSE,FALSE,3390339,2,0
6166,zTIL01,scaf_29,FALSE,FALSE,3358058,0,3
6167,zTIL01,scaf_30,FALSE,FALSE,3044535,0,0
6168,zTIL01,scaf_31,FALSE,FALSE,2959918,0,2
6169,zTIL01,scaf_32,FALSE,FALSE,2932582,1,0
6170,zTIL01,scaf_33,FALSE,FALSE,2397816,0,2
6171,zTIL01,scaf_34,FALSE,FALSE,1971948,2,2
6172,zTIL01,scaf_35,FALSE,FALSE,1908052,2,1
6173,zTIL01,scaf_36,FALSE,FALSE,1563828,0,1
6174,zTIL01,scaf_37,FALSE,FALSE,1488403,0,0
6175,zTIL01,scaf_39,FALSE,FALSE,1240998,0,0
6176,zTIL01,scaf_40,FALSE,FALSE,1214079,0,1
6177,zTIL01,scaf_41,FALSE,FALSE,1136954,0,0
6178,zTIL01,scaf_42,FALSE,FALSE,1057298,3,0
6179,zTIL11,alt-scaf_28,FALSE,FALSE,10625941,0,5
6180,zTIL11,chr1,TRUE,TRUE,307219434,563,553
6181,zTIL11,chr10,TRUE,TRUE,166840323,526,496
6182,zTIL11,chr2,TRUE,TRUE,250023789,12,497
6183,zTIL11,chr3,TRUE,TRUE,253166499,584,578
6184,zTIL11,chr4,FALSE,TRUE,258570313,0,10
6185,zTIL11,chr5,TRUE,TRUE,236736115,35,259
6186,zTIL11,chr6,TRUE,TRUE,191654672,579,469
6187,zTIL11,chr7,FALSE,TRUE,194646329,0,718
6188,zTIL11,chr8,FALSE,TRUE,190219403,3,34
6189,zTIL11,chr9,FALSE,TRUE,169147988,4,448
6190,zTIL11,scaf_30,TRUE,FALSE,3653051,493,0
6191,zTIL11,scaf_31,FALSE,FALSE,3305860,2,0
6192,zTIL11,scaf_32,FALSE,FALSE,3218409,0,0
6193,zTIL11,scaf_33,FALSE,FALSE,2754098,3,1
6194,zTIL11,scaf_34,FALSE,FALSE,2267785,0,0
6195,zTIL11,scaf_35,FALSE,FALSE,2124150,0,0
6196,zTIL11,scaf_36,FALSE,FALSE,2067677,0,7
6197,zTIL11,scaf_37,FALSE,FALSE,2059721,3,0
6198,zTIL11,scaf_38,FALSE,FALSE,1861671,1,0
6199,zTIL11,scaf_39,FALSE,FALSE,1756607,0,0
6200,zTIL11,scaf_40,FALSE,FALSE,1747757,1,1
6201,zTIL11,scaf_41,FALSE,FALSE,1704650,1,1
6202,zTIL11,scaf_42,FALSE,FALSE,1599705,0,0
6203,zTIL11,scaf_43,FALSE,FALSE,1439989,3,0
6204,zTIL11,scaf_44,FALSE,FALSE,1276953,0,4
6205,zTIL11,scaf_45,FALSE,FALSE,1160880,0,0
6206,zTIL11,scaf_46,FALSE,FALSE,1076660,0,0
6207,zTIL11,scaf_47,FALSE,FALSE,1048859,0,0
6208,zTIL11,scaf_48,FALSE,FALSE,1000097,0,0
6209,zTIL11,scaf_49,FALSE,FALSE,998983,0,0
6210,zTIL18,alt-scaf_20,FALSE,FALSE,13852164,3,4
6211,zTIL18,alt-scaf_28,FALSE,FALSE,1471470,3,3
6212,zTIL18,chr1,TRUE,TRUE,332008716,1379,534
6213,zTIL18,chr10,TRUE,TRUE,144562906,1267,1159
6214,zTIL18,chr2,TRUE,TRUE,318725593,14,766
6215,zTIL18,chr3,TRUE,TRUE,262918895,1372,1034
6216,zTIL18,chr4,FALSE,TRUE,274445545,0,1042
6217,zTIL18,chr5,TRUE,TRUE,246335587,1153,770
6218,zTIL18,chr6,TRUE,TRUE,210983680,1088,22
6219,zTIL18,chr7,FALSE,TRUE,235668447,0,1030
6220,zTIL18,chr8,TRUE,TRUE,198800924,1271,953
6221,zTIL18,chr9,FALSE,TRUE,201929880,0,1044
6222,zTIL18,scaf_22,FALSE,FALSE,5686949,0,0
6223,zTIL18,scaf_23,FALSE,FALSE,4223308,0,0
6224,zTIL18,scaf_24,FALSE,FALSE,3733869,0,0
6225,zTIL18,scaf_25,FALSE,FALSE,2381806,4,4
6226,zTIL18,scaf_26,FALSE,FALSE,2003628,4,0
6227,zTIL18,scaf_27,FALSE,FALSE,1485731,3,0
6228,zTIL18,scaf_29,FALSE,FALSE,1079383,0,0
6229,zTIL18,scaf_30,FALSE,FALSE,1034050,1,0
6230,zTIL25,alt-scaf_22,FALSE,FALSE,6603399,1,3
6231,zTIL25,alt-scaf_23,FALSE,FALSE,3553593,4,2
6232,zTIL25,alt-scaf_26,FALSE,FALSE,1001011,2,2
6233,zTIL25,chr1,TRUE,TRUE,290130562,788,824
6234,zTIL25,chr10,TRUE,TRUE,140119944,793,874
6235,zTIL25,chr2,TRUE,TRUE,253629036,662,657
6236,zTIL25,chr3,TRUE,TRUE,230281780,837,664
6237,zTIL25,chr4,TRUE,TRUE,243216980,1119,17
6238,zTIL25,chr5,TRUE,TRUE,221446964,837,940
6239,zTIL25,chr6,FALSE,TRUE,184816179,5,26
6240,zTIL25,chr7,TRUE,TRUE,175335757,1405,803
6241,zTIL25,chr8,TRUE,TRUE,189826852,276,597
6242,zTIL25,chr9,FALSE,TRUE,160118252,0,87
6243,zTIL25,scaf_24,FALSE,FALSE,1219745,4,4
6244,zTIL25,scaf_25,FALSE,FALSE,1051961,2,1
6245,zdgigi,alt-scaf_100,FALSE,FALSE,1041865,2,4
6246,zdgigi,alt-scaf_101,FALSE,FALSE,1038770,6,3
6247,zdgigi,alt-scaf_102,FALSE,FALSE,1034284,4,4
6248,zdgigi,alt-scaf_103,FALSE,FALSE,1023058,3,3
6249,zdgigi,alt-scaf_104,FALSE,FALSE,1015208,3,2
6250,zdgigi,alt-scaf_105,TRUE,FALSE,1005990,18,3
6251,zdgigi,alt-scaf_106,FALSE,FALSE,1004884,4,3
6252,zdgigi,alt-scaf_1263,FALSE,FALSE,1586159,4,4
6253,zdgigi,alt-scaf_1271,FALSE,FALSE,1274046,0,8
6254,zdgigi,alt-scaf_1273,FALSE,FALSE,1181241,0,1
6255,zdgigi,alt-scaf_1283,FALSE,FALSE,1081862,0,9
6256,zdgigi,alt-scaf_1286,FALSE,FALSE,1015873,3,3
6257,zdgigi,alt-scaf_18,FALSE,FALSE,20171108,9,3
6258,zdgigi,alt-scaf_19,FALSE,FALSE,17129465,0,5
6259,zdgigi,alt-scaf_20,FALSE,FALSE,13987353,4,3
6260,zdgigi,alt-scaf_22,FALSE,FALSE,9655136,3,3
6261,zdgigi,alt-scaf_23,FALSE,FALSE,9470568,5,3
6262,zdgigi,alt-scaf_24,FALSE,FALSE,9106278,3,2
6263,zdgigi,alt-scaf_25,FALSE,FALSE,7182305,5,2
6264,zdgigi,alt-scaf_26,FALSE,FALSE,6420003,3,0
6265,zdgigi,alt-scaf_27,FALSE,FALSE,5876999,2,4
6266,zdgigi,alt-scaf_28,FALSE,FALSE,5659655,4,3
6267,zdgigi,alt-scaf_29,FALSE,FALSE,5605267,4,5
6268,zdgigi,alt-scaf_30,FALSE,FALSE,5560345,4,3
6269,zdgigi,alt-scaf_31,FALSE,FALSE,5447891,2,4
6270,zdgigi,alt-scaf_32,TRUE,FALSE,5447093,10,3
6271,zdgigi,alt-scaf_33,FALSE,FALSE,5342399,5,0
6272,zdgigi,alt-scaf_34,FALSE,FALSE,4811394,2,2
6273,zdgigi,alt-scaf_35,FALSE,FALSE,4710137,4,1
6274,zdgigi,alt-scaf_36,FALSE,FALSE,4581065,0,6
6275,zdgigi,alt-scaf_37,FALSE,FALSE,4112660,7,1
6276,zdgigi,alt-scaf_38,FALSE,FALSE,4080296,3,3
6277,zdgigi,alt-scaf_39,FALSE,FALSE,3901988,6,3
6278,zdgigi,alt-scaf_40,FALSE,FALSE,3813613,4,4
6279,zdgigi,alt-scaf_41,FALSE,FALSE,3614208,0,2
6280,zdgigi,alt-scaf_42,TRUE,FALSE,3455495,10,2
6281,zdgigi,alt-scaf_43,FALSE,FALSE,3386891,1,3
6282,zdgigi,alt-scaf_44,FALSE,FALSE,3228501,9,3
6283,zdgigi,alt-scaf_45,FALSE,FALSE,3146977,8,1
6284,zdgigi,alt-scaf_46,FALSE,FALSE,3111445,4,7
6285,zdgigi,alt-scaf_47,FALSE,FALSE,2981609,3,3
6286,zdgigi,alt-scaf_48,FALSE,FALSE,2763637,4,2
6287,zdgigi,alt-scaf_49,FALSE,FALSE,2713542,5,1
6288,zdgigi,alt-scaf_50,FALSE,FALSE,2668520,2,4
6289,zdgigi,alt-scaf_51,FALSE,FALSE,2639456,1,4
6290,zdgigi,alt-scaf_52,FALSE,FALSE,2474627,1,4
6291,zdgigi,alt-scaf_53,FALSE,FALSE,2400204,4,1
6292,zdgigi,alt-scaf_54,FALSE,FALSE,2330539,4,4
6293,zdgigi,alt-scaf_55,FALSE,FALSE,2289832,7,5
6294,zdgigi,alt-scaf_56,FALSE,FALSE,2276035,0,3
6295,zdgigi,alt-scaf_57,FALSE,FALSE,2228455,6,2
6296,zdgigi,alt-scaf_58,FALSE,FALSE,2213147,4,4
6297,zdgigi,alt-scaf_59,FALSE,FALSE,2146859,4,3
6298,zdgigi,alt-scaf_60,FALSE,FALSE,2059741,5,2
6299,zdgigi,alt-scaf_61,FALSE,FALSE,2020353,3,1
6300,zdgigi,alt-scaf_62,FALSE,FALSE,2001118,4,4
6301,zdgigi,alt-scaf_63,FALSE,FALSE,1922589,4,2
6302,zdgigi,alt-scaf_64,FALSE,FALSE,1900829,1,3
6303,zdgigi,alt-scaf_65,FALSE,FALSE,1894729,1,0
6304,zdgigi,alt-scaf_66,FALSE,FALSE,1887833,4,3
6305,zdgigi,alt-scaf_67,FALSE,FALSE,1852978,8,3
6306,zdgigi,alt-scaf_68,FALSE,FALSE,1836161,1,2
6307,zdgigi,alt-scaf_69,FALSE,FALSE,1774862,4,5
6308,zdgigi,alt-scaf_70,FALSE,FALSE,1771984,5,5
6309,zdgigi,alt-scaf_71,FALSE,FALSE,1752314,2,0
6310,zdgigi,alt-scaf_72,TRUE,FALSE,1745458,11,3
6311,zdgigi,alt-scaf_73,FALSE,FALSE,1656461,3,3
6312,zdgigi,alt-scaf_74,FALSE,FALSE,1610815,9,4
6313,zdgigi,alt-scaf_75,FALSE,FALSE,1556525,2,4
6314,zdgigi,alt-scaf_76,FALSE,FALSE,1528926,4,2
6315,zdgigi,alt-scaf_77,FALSE,TRUE,1496932,5,10
6316,zdgigi,alt-scaf_78,FALSE,FALSE,1451839,4,2
6317,zdgigi,alt-scaf_79,FALSE,FALSE,1447898,2,3
6318,zdgigi,alt-scaf_80,FALSE,FALSE,1440932,1,3
6319,zdgigi,alt-scaf_81,FALSE,FALSE,1433213,5,1
6320,zdgigi,alt-scaf_82,FALSE,FALSE,1366328,5,3
6321,zdgigi,alt-scaf_83,FALSE,FALSE,1323373,4,6
6322,zdgigi,alt-scaf_84,FALSE,FALSE,1271772,3,5
6323,zdgigi,alt-scaf_85,FALSE,FALSE,1270174,4,0
6324,zdgigi,alt-scaf_86,FALSE,FALSE,1237730,5,3
6325,zdgigi,alt-scaf_87,FALSE,FALSE,1234884,3,4
6326,zdgigi,alt-scaf_88,FALSE,FALSE,1234369,3,3
6327,zdgigi,alt-scaf_89,FALSE,FALSE,1180291,4,3
6328,zdgigi,alt-scaf_90,FALSE,FALSE,1171772,3,2
6329,zdgigi,alt-scaf_91,FALSE,FALSE,1165830,7,5
6330,zdgigi,alt-scaf_92,FALSE,FALSE,1165328,4,2
6331,zdgigi,alt-scaf_93,FALSE,FALSE,1141331,6,3
6332,zdgigi,alt-scaf_94,FALSE,FALSE,1121517,3,6
6333,zdgigi,alt-scaf_95,TRUE,FALSE,1080577,13,2
6334,zdgigi,alt-scaf_96,FALSE,FALSE,1077388,2,3
6335,zdgigi,alt-scaf_97,FALSE,FALSE,1076947,4,8
6336,zdgigi,alt-scaf_98,FALSE,FALSE,1066333,3,2
6337,zdgigi,alt-scaf_99,FALSE,FALSE,1042688,3,5
6338,zdgigi,chr1,FALSE,TRUE,294039681,2,1364
6339,zdgigi,chr10,TRUE,FALSE,147160289,615,6
6340,zdgigi,chr2,FALSE,FALSE,249091817,0,0
6341,zdgigi,chr3,FALSE,FALSE,230503210,1,0
6342,zdgigi,chr4,TRUE,TRUE,267378275,1426,1330
6343,zdgigi,chr5,FALSE,TRUE,224420580,1,1425
6344,zdgigi,chr6,FALSE,FALSE,182817304,3,2
6345,zdgigi,chr7,TRUE,FALSE,175094470,1323,0
6346,zdgigi,chr8,FALSE,FALSE,178340417,0,0
6347,zdgigi,chr9,FALSE,FALSE,164523074,0,6
6348,zdgigi,scaf_1233,FALSE,TRUE,4385958,0,15
6349,zdgigi,scaf_1234,FALSE,FALSE,3673039,3,3
6350,zdgigi,scaf_1235,FALSE,FALSE,3228311,0,0
6351,zdgigi,scaf_1236,FALSE,FALSE,3162997,0,0
6352,zdgigi,scaf_1237,FALSE,FALSE,3142031,0,0
6353,zdgigi,scaf_1238,FALSE,FALSE,3134827,0,0
6354,zdgigi,scaf_1239,FALSE,FALSE,3065456,0,0
6355,zdgigi,scaf_1240,FALSE,FALSE,2950837,0,0
6356,zdgigi,scaf_1241,FALSE,FALSE,2829403,0,0
6357,zdgigi,scaf_1242,FALSE,FALSE,2813608,0,2
6358,zdgigi,scaf_1243,FALSE,FALSE,2715216,0,0
6359,zdgigi,scaf_1244,FALSE,FALSE,2644230,0,0
6360,zdgigi,scaf_1245,FALSE,FALSE,2560729,0,2
6361,zdgigi,scaf_1246,FALSE,FALSE,2220929,6,0
6362,zdgigi,scaf_1247,FALSE,FALSE,2101266,0,1
6363,zdgigi,scaf_1248,FALSE,FALSE,2051996,0,0
6364,zdgigi,scaf_1249,FALSE,FALSE,1966872,0,0
6365,zdgigi,scaf_1250,FALSE,FALSE,1918994,0,1
6366,zdgigi,scaf_1251,FALSE,FALSE,1916977,0,0
6367,zdgigi,scaf_1252,FALSE,FALSE,1908627,0,0
6368,zdgigi,scaf_1253,FALSE,FALSE,1861993,0,0
6369,zdgigi,scaf_1254,FALSE,FALSE,1825845,0,0
6370,zdgigi,scaf_1255,FALSE,FALSE,1804820,3,0
6371,zdgigi,scaf_1256,TRUE,FALSE,1795670,557,0
6372,zdgigi,scaf_1257,FALSE,FALSE,1779739,0,2
6373,zdgigi,scaf_1258,FALSE,FALSE,1777074,4,0
6374,zdgigi,scaf_1259,FALSE,FALSE,1729886,0,0
6375,zdgigi,scaf_1260,FALSE,FALSE,1665868,4,0
6376,zdgigi,scaf_1261,TRUE,FALSE,1642280,1124,2
6377,zdgigi,scaf_1262,FALSE,FALSE,1590381,0,0
6378,zdgigi,scaf_1264,FALSE,FALSE,1543913,0,0
6379,zdgigi,scaf_1265,FALSE,FALSE,1504325,0,8
6380,zdgigi,scaf_1266,FALSE,FALSE,1480721,0,0
6381,zdgigi,scaf_1267,FALSE,FALSE,1478411,0,0
6382,zdgigi,scaf_1268,FALSE,FALSE,1463323,0,0
6383,zdgigi,scaf_1269,FALSE,FALSE,1458866,0,0
6384,zdgigi,scaf_1270,FALSE,FALSE,1319922,2,0
6385,zdgigi,scaf_1272,FALSE,FALSE,1261786,0,0
6386,zdgigi,scaf_1274,FALSE,FALSE,1177235,0,0
6387,zdgigi,scaf_1275,FALSE,FALSE,1166850,0,0
6388,zdgigi,scaf_1276,FALSE,FALSE,1166145,1,0
6389,zdgigi,scaf_1277,FALSE,FALSE,1146146,0,0
6390,zdgigi,scaf_1278,FALSE,TRUE,1142902,2,10
6391,zdgigi,scaf_1279,FALSE,FALSE,1134800,0,0
6392,zdgigi,scaf_1280,FALSE,FALSE,1128573,0,9
6393,zdgigi,scaf_1281,FALSE,FALSE,1116552,0,0
6394,zdgigi,scaf_1282,FALSE,FALSE,1085336,0,0
6395,zdgigi,scaf_1284,FALSE,FALSE,1073094,0,8
6396,zdgigi,scaf_1285,FALSE,FALSE,1045727,0,0
6397,zdmomo,alt-ctg_1170,FALSE,FALSE,5549357,7,2
6398,zdmomo,alt-ctg_141006,FALSE,FALSE,5795541,2,3
6399,zdmomo,alt-ctg_142521,FALSE,FALSE,10076569,3,2
6400,zdmomo,alt-ctg_168086,FALSE,FALSE,4814881,4,3
6401,zdmomo,alt-ctg_19572,FALSE,FALSE,4701891,3,5
6402,zdmomo,alt-ctg_198214,FALSE,FALSE,8158991,5,4
6403,zdmomo,alt-ctg_216584,FALSE,TRUE,2196268,6,10
6404,zdmomo,alt-ctg_277751,FALSE,FALSE,5090821,2,3
6405,zdmomo,alt-ctg_291694,FALSE,FALSE,2637903,3,4
6406,zdmomo,alt-ctg_299470,FALSE,FALSE,1067852,4,0
6407,zdmomo,alt-ctg_325200,FALSE,FALSE,3740918,3,9
6408,zdmomo,alt-ctg_349914,FALSE,FALSE,3368443,6,3
6409,zdmomo,alt-ctg_352152,FALSE,FALSE,11212521,2,5
6410,zdmomo,alt-ctg_365409,FALSE,FALSE,1235374,5,3
6411,zdmomo,alt-ctg_383546,FALSE,FALSE,2777691,8,1
6412,zdmomo,alt-ctg_384370,FALSE,FALSE,1145456,5,3
6413,zdmomo,alt-ctg_384696,FALSE,FALSE,2183347,3,4
6414,zdmomo,alt-ctg_386110,FALSE,FALSE,1173206,3,4
6415,zdmomo,alt-ctg_390932,FALSE,FALSE,1245723,3,3
6416,zdmomo,alt-ctg_391593,FALSE,FALSE,3638741,3,6
6417,zdmomo,alt-ctg_442185,FALSE,FALSE,3844614,4,3
6418,zdmomo,alt-ctg_453101,TRUE,FALSE,1270270,11,2
6419,zdmomo,alt-ctg_470347,FALSE,FALSE,10322083,4,5
6420,zdmomo,alt-ctg_473061,FALSE,FALSE,1060531,4,1
6421,zdmomo,alt-ctg_473300,FALSE,FALSE,4509673,2,2
6422,zdmomo,alt-ctg_474881,FALSE,FALSE,1569183,5,3
6423,zdmomo,alt-ctg_478149,FALSE,FALSE,2505911,1,3
6424,zdmomo,alt-ctg_478770,FALSE,FALSE,1092310,5,7
6425,zdmomo,alt-ctg_496907,FALSE,FALSE,1862417,3,3
6426,zdmomo,alt-ctg_497384,FALSE,FALSE,2255700,4,4
6427,zdmomo,alt-ctg_501330,FALSE,FALSE,2078715,9,4
6428,zdmomo,alt-ctg_502027,FALSE,FALSE,1806363,3,7
6429,zdmomo,alt-ctg_510136,TRUE,FALSE,1604629,10,3
6430,zdmomo,alt-ctg_526141,FALSE,FALSE,1390091,2,2
6431,zdmomo,alt-ctg_526492,FALSE,FALSE,994939,2,1
6432,zdmomo,alt-ctg_526758,FALSE,FALSE,1925026,1,3
6433,zdmomo,alt-ctg_527261,FALSE,FALSE,1057944,4,3
6434,zdmomo,alt-ctg_530569,FALSE,FALSE,1335481,3,3
6435,zdmomo,alt-ctg_539295,FALSE,FALSE,1854755,2,8
6436,zdmomo,alt-ctg_540162,FALSE,FALSE,12429294,4,7
6437,zdmomo,alt-ctg_546851,FALSE,FALSE,2201802,2,3
6438,zdmomo,alt-ctg_548226,FALSE,FALSE,1157278,4,4
6439,zdmomo,alt-ctg_549247,FALSE,FALSE,1019814,5,3
6440,zdmomo,alt-ctg_549518,FALSE,FALSE,1965162,2,7
6441,zdmomo,alt-ctg_550511,FALSE,FALSE,1879004,4,2
6442,zdmomo,alt-ctg_551945,FALSE,FALSE,1350594,3,4
6443,zdmomo,alt-ctg_561303,FALSE,FALSE,3454228,2,6
6444,zdmomo,alt-ctg_563951,FALSE,FALSE,2663564,4,2
6445,zdmomo,alt-ctg_564748,FALSE,FALSE,1008332,4,4
6446,zdmomo,alt-ctg_565058,FALSE,FALSE,3775155,6,7
6447,zdmomo,alt-ctg_566017,FALSE,FALSE,1046752,3,4
6448,zdmomo,alt-ctg_574764,FALSE,FALSE,1399339,0,1
6449,zdmomo,alt-ctg_577857,FALSE,FALSE,1276344,2,2
6450,zdmomo,alt-ctg_578994,FALSE,FALSE,1702561,3,8
6451,zdmomo,alt-ctg_582317,FALSE,FALSE,1815929,3,3
6452,zdmomo,alt-ctg_582862,FALSE,FALSE,3746587,4,2
6453,zdmomo,alt-ctg_593677,FALSE,FALSE,1502878,0,1
6454,zdmomo,alt-ctg_595387,FALSE,FALSE,3833240,8,3
6455,zdmomo,alt-ctg_597589,FALSE,FALSE,1208258,3,1
6456,zdmomo,alt-ctg_598410,FALSE,FALSE,1222954,2,3
6457,zdmomo,alt-ctg_608888,FALSE,FALSE,1249234,4,6
6458,zdmomo,alt-ctg_609267,FALSE,FALSE,2152674,3,4
6459,zdmomo,alt-ctg_611034,TRUE,FALSE,1644458,572,3
6460,zdmomo,alt-ctg_615198,FALSE,FALSE,1942891,2,2
6461,zdmomo,alt-ctg_616483,FALSE,FALSE,1117404,3,2
6462,zdmomo,alt-ctg_616746,FALSE,FALSE,1594767,2,5
6463,zdmomo,alt-ctg_617263,FALSE,FALSE,1902240,2,0
6464,zdmomo,alt-ctg_618095,FALSE,FALSE,2382169,4,2
6465,zdmomo,alt-ctg_618765,FALSE,FALSE,1172495,2,2
6466,zdmomo,alt-ctg_619759,FALSE,FALSE,1547117,2,2
6467,zdmomo,alt-ctg_620162,TRUE,FALSE,3429976,877,3
6468,zdmomo,alt-ctg_623966,FALSE,FALSE,1428877,4,7
6469,zdmomo,alt-ctg_624420,FALSE,FALSE,1313220,3,3
6470,zdmomo,alt-ctg_625951,FALSE,FALSE,1649417,3,2
6471,zdmomo,alt-ctg_627097,FALSE,FALSE,1458874,3,2
6472,zdmomo,alt-ctg_627478,TRUE,FALSE,1276011,10,3
6473,zdmomo,alt-ctg_627795,TRUE,FALSE,1248661,15,3
6474,zdmomo,alt-ctg_628887,FALSE,FALSE,2033252,3,6
6475,zdmomo,alt-ctg_631199,FALSE,FALSE,1507753,5,4
6476,zdmomo,alt-ctg_631591,FALSE,FALSE,1902191,1,2
6477,zdmomo,alt-ctg_632133,FALSE,TRUE,1211641,4,10
6478,zdmomo,alt-ctg_632534,FALSE,FALSE,1867100,4,2
6479,zdmomo,alt-ctg_633164,FALSE,FALSE,992725,7,0
6480,zdmomo,alt-ctg_633533,FALSE,FALSE,1082365,8,2
6481,zdmomo,alt-ctg_635488,FALSE,FALSE,1106056,2,3
6482,zdmomo,alt-ctg_636867,FALSE,FALSE,1237666,6,2
6483,zdmomo,alt-ctg_638578,FALSE,FALSE,1080218,3,3
6484,zdmomo,alt-ctg_82706,FALSE,FALSE,12041744,8,1
6485,zdmomo,chr1,TRUE,FALSE,294352397,315,7
6486,zdmomo,chr10,TRUE,FALSE,158855243,1117,7
6487,zdmomo,chr2,FALSE,TRUE,252883518,6,372
6488,zdmomo,chr3,FALSE,FALSE,238974549,1,0
6489,zdmomo,chr4,FALSE,FALSE,268471770,0,2
6490,zdmomo,chr5,FALSE,TRUE,219421280,1,10
6491,zdmomo,chr6,FALSE,FALSE,171090713,2,0
6492,zdmomo,chr7,TRUE,FALSE,171543552,1428,0
6493,zdmomo,chr8,TRUE,FALSE,174179937,1427,1
6494,zdmomo,chr9,FALSE,FALSE,158923013,4,1
6495,zdmomo,ctg_362547,FALSE,FALSE,1184142,0,4
6496,zdmomo,ctg_391246,TRUE,FALSE,1176387,10,0
6497,zdmomo,ctg_394852,FALSE,FALSE,2982684,0,0
6498,zdmomo,ctg_421154,FALSE,FALSE,1532101,8,7
6499,zdmomo,ctg_465967,FALSE,FALSE,1415910,0,0
6500,zdmomo,ctg_474481,FALSE,FALSE,1492805,0,3
6501,zdmomo,ctg_574547,FALSE,FALSE,1052383,0,0
6502,zdmomo,ctg_578180,FALSE,FALSE,1860014,8,1
6503,zdmomo,ctg_608269,FALSE,FALSE,1210562,0,0
6504,zdmomo,ctg_609808,FALSE,FALSE,1439660,0,0
6505,zdmomo,ctg_624947,FALSE,FALSE,1114734,4,0
6506,zdmomo,ctg_628350,FALSE,TRUE,2066621,0,944
6507,zdmomo,ctg_636115,FALSE,FALSE,1091461,0,1
6508,zluxur,alt-scaf_26,FALSE,FALSE,18581445,7,3
6509,zluxur,alt-scaf_27,FALSE,FALSE,9928210,0,0
6510,zluxur,alt-scaf_28,TRUE,FALSE,9628545,989,0
6511,zluxur,alt-scaf_33,FALSE,FALSE,7804538,2,0
6512,zluxur,alt-scaf_34,FALSE,FALSE,7377821,0,0
6513,zluxur,alt-scaf_37,FALSE,FALSE,3585467,5,5
6514,zluxur,alt-scaf_39,FALSE,FALSE,3239915,3,6
6515,zluxur,alt-scaf_40,FALSE,FALSE,1800793,3,4
6516,zluxur,alt-scaf_41,FALSE,FALSE,1699148,3,1
6517,zluxur,alt-scaf_42,FALSE,FALSE,1679081,4,5
6518,zluxur,alt-scaf_43,FALSE,FALSE,1522211,3,3
6519,zluxur,alt-scaf_44,FALSE,FALSE,1507326,2,2
6520,zluxur,alt-scaf_47,FALSE,FALSE,1109641,3,3
6521,zluxur,chr1,TRUE,TRUE,415396870,11,204
6522,zluxur,chr10,TRUE,FALSE,213060334,1148,1
6523,zluxur,chr2,FALSE,FALSE,358993799,0,2
6524,zluxur,chr3,FALSE,TRUE,340229334,2,49
6525,zluxur,chr4,FALSE,FALSE,360650899,2,1
6526,zluxur,chr5,FALSE,FALSE,317362834,0,0
6527,zluxur,chr6,TRUE,FALSE,263433339,1376,0
6528,zluxur,chr7,TRUE,FALSE,250745288,858,0
6529,zluxur,chr8,TRUE,FALSE,256828789,880,1
6530,zluxur,chr9,FALSE,FALSE,230559705,0,0
6531,zluxur,scaf_29,FALSE,FALSE,8664840,1,0
6532,zluxur,scaf_35,FALSE,FALSE,6440397,0,0
6533,zluxur,scaf_38,FALSE,FALSE,3385863,0,1
6534,zluxur,scaf_45,FALSE,FALSE,1482520,0,1
6535,zluxur,scaf_46,FALSE,FALSE,1433160,0,1
6536,zmB735,chr1,FALSE,TRUE,308452471,3,251
6537,zmB735,chr10,TRUE,TRUE,152435371,337,371
6538,zmB735,chr2,FALSE,TRUE,243675191,4,317
6539,zmB735,chr3,TRUE,TRUE,238017767,354,288
6540,zmB735,chr4,TRUE,TRUE,250330460,265,218
6541,zmB735,chr5,TRUE,TRUE,226353449,41,217
6542,zmB735,chr6,TRUE,TRUE,181357234,276,336
6543,zmB735,chr7,TRUE,TRUE,185808916,383,329
6544,zmB735,chr8,TRUE,TRUE,182411202,254,171
6545,zmB735,chr9,FALSE,TRUE,163004744,1,426
6546,zmhuet,alt-ctg_306320,FALSE,FALSE,11894902,1,4
6547,zmhuet,alt-ctg_425391,FALSE,FALSE,18734542,5,2
6548,zmhuet,alt-ctg_429208,FALSE,FALSE,5086187,4,1
6549,zmhuet,alt-ctg_430234,FALSE,FALSE,6747278,5,7
6550,zmhuet,alt-ctg_448829,FALSE,FALSE,1399593,2,3
6551,zmhuet,alt-ctg_473960,FALSE,FALSE,2778425,4,4
6552,zmhuet,alt-ctg_488906,FALSE,TRUE,2848070,3,10
6553,zmhuet,alt-ctg_489508,FALSE,FALSE,1840150,9,2
6554,zmhuet,alt-ctg_490610,FALSE,FALSE,2484354,1,7
6555,zmhuet,alt-ctg_492280,FALSE,FALSE,1573224,3,2
6556,zmhuet,alt-ctg_495623,FALSE,FALSE,2947688,2,2
6557,zmhuet,alt-ctg_496642,FALSE,FALSE,6771694,6,3
6558,zmhuet,alt-ctg_497999,FALSE,FALSE,2325092,1,5
6559,zmhuet,chr1,FALSE,TRUE,313422734,5,410
6560,zmhuet,chr10,TRUE,TRUE,162138524,1159,1137
6561,zmhuet,chr2,FALSE,TRUE,223005831,2,815
6562,zmhuet,chr3,FALSE,FALSE,242636214,3,1
6563,zmhuet,chr4,FALSE,FALSE,256097615,2,2
6564,zmhuet,chr5,FALSE,FALSE,263114285,5,0
6565,zmhuet,chr6,FALSE,TRUE,181640671,2,488
6566,zmhuet,chr7,FALSE,FALSE,191309653,0,5
6567,zmhuet,chr8,FALSE,TRUE,186730600,0,449
6568,zmhuet,chr9,FALSE,TRUE,169242056,0,342
6569,zmhuet,ctg_501994,FALSE,FALSE,1208866,0,2
6570,zmhuet,ctg_505059,FALSE,FALSE,1023881,2,3
6571,znicar,alt-ctg_100353,FALSE,FALSE,1335590,1,1
6572,znicar,alt-ctg_124603,FALSE,FALSE,1789704,1,0
6573,znicar,alt-ctg_124997,FALSE,FALSE,1139262,3,6
6574,znicar,alt-ctg_125242,FALSE,FALSE,2278611,0,0
6575,znicar,alt-ctg_128150,FALSE,FALSE,1117658,1,2
6576,znicar,alt-ctg_141730,FALSE,FALSE,1123692,3,2
6577,znicar,alt-ctg_198435,FALSE,FALSE,2206364,2,2
6578,znicar,alt-ctg_205000,FALSE,FALSE,1610666,3,3
6579,znicar,alt-ctg_205739,FALSE,FALSE,1099237,3,5
6580,znicar,alt-ctg_216469,FALSE,FALSE,1362776,3,4
6581,znicar,alt-ctg_227513,FALSE,FALSE,1596124,9,3
6582,znicar,alt-ctg_231319,FALSE,FALSE,1746456,4,3
6583,znicar,alt-ctg_247478,FALSE,FALSE,1920022,2,3
6584,znicar,alt-ctg_250036,FALSE,FALSE,1386879,3,3
6585,znicar,alt-ctg_269291,FALSE,FALSE,1509258,5,5
6586,znicar,alt-ctg_269603,FALSE,FALSE,1524171,1,5
6587,znicar,alt-ctg_284469,FALSE,FALSE,998809,4,2
6588,znicar,alt-ctg_299116,FALSE,FALSE,1733843,4,3
6589,znicar,alt-ctg_312294,FALSE,FALSE,1414202,2,2
6590,znicar,alt-ctg_312547,FALSE,FALSE,1807520,8,8
6591,znicar,alt-ctg_312964,FALSE,FALSE,1549956,3,1
6592,znicar,alt-ctg_329226,FALSE,FALSE,1668773,3,5
6593,znicar,alt-ctg_348481,FALSE,FALSE,2970480,0,0
6594,znicar,alt-ctg_349176,FALSE,FALSE,1280007,5,3
6595,znicar,alt-ctg_358933,FALSE,FALSE,1341330,2,3
6596,znicar,alt-ctg_374694,FALSE,FALSE,1188501,8,4
6597,znicar,alt-ctg_374918,FALSE,FALSE,1520213,7,4
6598,znicar,alt-ctg_383252,FALSE,FALSE,1318472,3,3
6599,znicar,alt-ctg_400326,FALSE,FALSE,1482199,4,3
6600,znicar,alt-ctg_400633,FALSE,FALSE,1388499,0,0
6601,znicar,alt-ctg_411739,FALSE,FALSE,1325867,3,3
6602,znicar,alt-ctg_417145,FALSE,FALSE,1221715,2,3
6603,znicar,alt-ctg_419635,FALSE,FALSE,1259348,2,5
6604,znicar,alt-ctg_420530,FALSE,FALSE,1489142,8,3
6605,znicar,alt-ctg_421094,TRUE,FALSE,1468210,12,4
6606,znicar,alt-ctg_430541,FALSE,FALSE,1842993,2,4
6607,znicar,alt-ctg_430934,FALSE,FALSE,1905711,3,3
6608,znicar,alt-ctg_434634,FALSE,FALSE,1298112,3,4
6609,znicar,alt-ctg_439281,FALSE,FALSE,1122843,8,3
6610,znicar,alt-ctg_444072,FALSE,FALSE,1454615,5,3
6611,znicar,alt-ctg_452892,FALSE,FALSE,1352892,2,3
6612,znicar,alt-ctg_454269,FALSE,FALSE,1866939,1,3
6613,znicar,alt-ctg_456246,FALSE,FALSE,1141142,3,4
6614,znicar,alt-ctg_464215,FALSE,FALSE,1788726,4,3
6615,znicar,alt-ctg_466245,FALSE,FALSE,1678473,3,3
6616,znicar,alt-ctg_470829,FALSE,FALSE,1229115,2,4
6617,znicar,alt-ctg_471079,FALSE,FALSE,1258596,3,3
6618,znicar,alt-ctg_471402,FALSE,FALSE,2472359,8,2
6619,znicar,alt-ctg_473276,FALSE,FALSE,1190169,4,2
6620,znicar,alt-ctg_473509,FALSE,FALSE,1008321,2,3
6621,znicar,alt-ctg_477007,FALSE,FALSE,1252238,0,1
6622,znicar,alt-ctg_483276,FALSE,FALSE,1761147,2,5
6623,znicar,alt-ctg_483909,FALSE,FALSE,1022656,0,0
6624,znicar,alt-ctg_488409,FALSE,FALSE,1412186,2,6
6625,znicar,alt-ctg_488784,FALSE,FALSE,1570249,2,2
6626,znicar,alt-ctg_499537,FALSE,FALSE,1501966,3,3
6627,znicar,alt-ctg_502655,FALSE,FALSE,2143795,6,4
6628,znicar,alt-ctg_503282,FALSE,FALSE,1213496,6,1
6629,znicar,alt-ctg_505177,FALSE,FALSE,1497957,5,8
6630,znicar,alt-ctg_511822,FALSE,FALSE,1404217,4,3
6631,znicar,alt-ctg_512191,FALSE,FALSE,1456717,4,3
6632,znicar,alt-ctg_512518,FALSE,FALSE,1143668,0,0
6633,znicar,alt-ctg_514986,FALSE,FALSE,1595342,4,3
6634,znicar,alt-ctg_519221,FALSE,FALSE,1537041,5,4
6635,znicar,alt-ctg_524658,FALSE,FALSE,1516779,9,2
6636,znicar,alt-ctg_528417,FALSE,FALSE,1153026,2,3
6637,znicar,alt-ctg_528801,FALSE,FALSE,1310486,3,3
6638,znicar,alt-ctg_531506,FALSE,FALSE,1033110,4,4
6639,znicar,alt-ctg_534252,FALSE,FALSE,1015943,5,4
6640,znicar,alt-ctg_537278,FALSE,FALSE,1018879,2,5
6641,znicar,alt-ctg_538392,FALSE,FALSE,1041762,5,7
6642,znicar,alt-ctg_538613,FALSE,FALSE,1226728,3,4
6643,znicar,alt-ctg_540460,FALSE,FALSE,1287050,3,3
6644,znicar,alt-ctg_540712,FALSE,FALSE,1516133,6,6
6645,znicar,alt-ctg_542930,FALSE,FALSE,1302111,1,0
6646,znicar,alt-ctg_543230,FALSE,FALSE,1463678,0,0
6647,znicar,alt-ctg_543535,FALSE,FALSE,1259081,8,4
6648,znicar,alt-ctg_543908,FALSE,FALSE,1582504,5,4
6649,znicar,alt-ctg_546723,FALSE,FALSE,1032078,4,0
6650,znicar,alt-ctg_546936,TRUE,FALSE,1385925,10,3
6651,znicar,alt-ctg_548005,FALSE,FALSE,1073626,0,0
6652,znicar,alt-ctg_551397,FALSE,FALSE,1656189,3,2
6653,znicar,alt-ctg_552212,FALSE,FALSE,1991746,2,0
6654,znicar,alt-ctg_555214,FALSE,FALSE,1455791,4,4
6655,znicar,alt-ctg_556239,FALSE,FALSE,1640407,3,4
6656,znicar,alt-ctg_560867,FALSE,FALSE,1553980,2,4
6657,znicar,alt-ctg_561252,FALSE,FALSE,1432371,4,4
6658,znicar,alt-ctg_561683,FALSE,FALSE,1618486,3,2
6659,znicar,alt-ctg_562004,FALSE,FALSE,1296704,3,2
6660,znicar,alt-ctg_562356,FALSE,FALSE,1801633,3,1
6661,znicar,alt-ctg_565490,FALSE,FALSE,1241295,2,3
6662,znicar,alt-ctg_565838,FALSE,FALSE,1350711,4,2
6663,znicar,alt-ctg_569627,FALSE,FALSE,1485802,3,2
6664,znicar,alt-ctg_570608,FALSE,FALSE,1408056,2,2
6665,znicar,alt-ctg_570989,FALSE,FALSE,1415764,4,2
6666,znicar,alt-ctg_571600,FALSE,FALSE,1018662,4,6
6667,znicar,alt-ctg_571974,FALSE,FALSE,1481620,2,3
6668,znicar,alt-ctg_572300,FALSE,FALSE,1618079,2,3
6669,znicar,alt-ctg_572644,FALSE,FALSE,1951752,4,3
6670,znicar,alt-ctg_573446,FALSE,FALSE,1499313,6,2
6671,znicar,alt-ctg_573746,FALSE,FALSE,1352966,9,3
6672,znicar,alt-ctg_574147,FALSE,FALSE,1664655,3,0
6673,znicar,alt-ctg_575170,FALSE,FALSE,2751437,4,1
6674,znicar,alt-ctg_576020,FALSE,FALSE,1101865,4,1
6675,znicar,alt-ctg_577039,FALSE,FALSE,1178458,0,2
6676,znicar,alt-ctg_577763,FALSE,FALSE,1200219,3,4
6677,znicar,alt-ctg_579676,FALSE,FALSE,1577949,5,6
6678,znicar,alt-ctg_580629,FALSE,FALSE,992056,1,4
6679,znicar,alt-ctg_581478,FALSE,FALSE,1298446,5,3
6680,znicar,alt-ctg_582003,FALSE,FALSE,1538954,4,3
6681,znicar,alt-ctg_582344,FALSE,FALSE,1314027,3,8
6682,znicar,alt-ctg_583012,FALSE,FALSE,1993824,2,4
6683,znicar,alt-ctg_584729,FALSE,FALSE,1330673,4,8
6684,znicar,alt-ctg_585983,FALSE,FALSE,1112285,2,2
6685,znicar,alt-ctg_586991,FALSE,FALSE,1380577,3,4
6686,znicar,alt-ctg_588790,FALSE,FALSE,1497128,8,1
6687,znicar,alt-ctg_589732,FALSE,FALSE,1761525,2,2
6688,znicar,alt-ctg_590366,FALSE,FALSE,1422308,4,5
6689,znicar,alt-ctg_594116,FALSE,FALSE,1818365,4,3
6690,znicar,alt-ctg_597059,FALSE,FALSE,1065929,4,3
6691,znicar,alt-ctg_599792,FALSE,FALSE,1288549,4,2
6692,znicar,alt-ctg_600445,FALSE,FALSE,1356983,0,0
6693,znicar,alt-ctg_601041,FALSE,FALSE,2063343,0,2
6694,znicar,alt-ctg_602054,FALSE,FALSE,1017211,7,4
6695,znicar,alt-ctg_602262,FALSE,FALSE,1173112,1,2
6696,znicar,alt-ctg_603379,FALSE,FALSE,1296505,2,2
6697,znicar,alt-ctg_604905,FALSE,FALSE,1096535,3,9
6698,znicar,alt-ctg_607231,FALSE,FALSE,1448203,1,0
6699,znicar,alt-ctg_608286,FALSE,FALSE,1120649,2,3
6700,znicar,alt-ctg_608503,FALSE,FALSE,1241491,2,3
6701,znicar,alt-ctg_609092,FALSE,FALSE,1989901,4,2
6702,znicar,alt-ctg_610224,FALSE,FALSE,1337257,2,2
6703,znicar,alt-ctg_610607,FALSE,FALSE,1226240,3,3
6704,znicar,alt-ctg_613491,FALSE,FALSE,1548465,7,3
6705,znicar,alt-ctg_615626,FALSE,FALSE,1634838,4,4
6706,znicar,alt-ctg_616122,FALSE,FALSE,1394585,4,2
6707,znicar,alt-ctg_616406,FALSE,FALSE,1755025,7,5
6708,znicar,alt-ctg_616762,FALSE,FALSE,1056568,4,0
6709,znicar,alt-ctg_617038,FALSE,FALSE,1540057,4,4
6710,znicar,alt-ctg_619703,FALSE,FALSE,1779171,4,4
6711,znicar,alt-ctg_621482,FALSE,FALSE,1176943,6,2
6712,znicar,alt-ctg_623104,FALSE,FALSE,1063852,2,2
6713,znicar,alt-ctg_625007,FALSE,FALSE,1355806,4,3
6714,znicar,alt-ctg_627,FALSE,FALSE,993200,3,5
6715,znicar,alt-ctg_627898,FALSE,FALSE,1386313,2,5
6716,znicar,alt-ctg_628689,FALSE,FALSE,991745,4,7
6717,znicar,alt-ctg_630440,FALSE,FALSE,1566066,2,3
6718,znicar,alt-ctg_633452,FALSE,FALSE,1380701,3,2
6719,znicar,alt-ctg_637482,FALSE,FALSE,1256184,5,6
6720,znicar,alt-ctg_637829,FALSE,FALSE,1268728,3,7
6721,znicar,alt-ctg_639384,FALSE,FALSE,1330740,4,3
6722,znicar,alt-ctg_640289,FALSE,FALSE,1343226,2,2
6723,znicar,alt-ctg_640666,FALSE,FALSE,1084562,6,3
6724,znicar,alt-ctg_645272,FALSE,FALSE,1544537,8,4
6725,znicar,alt-ctg_645667,FALSE,FALSE,1272495,7,3
6726,znicar,alt-ctg_648542,FALSE,FALSE,1229425,4,5
6727,znicar,alt-ctg_648954,FALSE,FALSE,1252888,4,1
6728,znicar,alt-ctg_649204,FALSE,FALSE,1500645,3,3
6729,znicar,alt-ctg_650903,FALSE,FALSE,2037374,6,2
6730,znicar,alt-ctg_651336,FALSE,FALSE,1010815,3,1
6731,znicar,alt-ctg_652361,FALSE,FALSE,1117826,2,3
6732,znicar,alt-ctg_652692,FALSE,FALSE,1358569,3,5
6733,znicar,alt-ctg_653257,FALSE,FALSE,1694635,3,2
6734,znicar,alt-ctg_653769,FALSE,FALSE,1094358,8,2
6735,znicar,alt-ctg_653992,FALSE,FALSE,1393543,5,5
6736,znicar,alt-ctg_654467,FALSE,FALSE,1130749,4,4
6737,znicar,alt-ctg_656962,FALSE,FALSE,1667194,2,4
6738,znicar,alt-ctg_657369,FALSE,FALSE,1619344,5,9
6739,znicar,alt-ctg_658110,FALSE,FALSE,1040206,2,4
6740,znicar,alt-ctg_658833,FALSE,FALSE,1008838,2,3
6741,znicar,alt-ctg_659087,FALSE,FALSE,1917825,3,4
6742,znicar,alt-ctg_659600,FALSE,FALSE,1244994,4,3
6743,znicar,alt-ctg_659886,FALSE,FALSE,1311207,5,5
6744,znicar,alt-ctg_660244,FALSE,FALSE,1444023,2,2
6745,znicar,alt-ctg_661101,FALSE,FALSE,1050295,3,1
6746,znicar,alt-ctg_664005,FALSE,FALSE,2425913,3,5
6747,znicar,alt-ctg_664524,FALSE,FALSE,1212478,4,3
6748,znicar,alt-ctg_664793,FALSE,FALSE,1527286,3,2
6749,znicar,alt-ctg_665385,FALSE,FALSE,1068508,2,2
6750,znicar,alt-ctg_665928,FALSE,FALSE,1426035,3,3
6751,znicar,alt-ctg_668390,FALSE,FALSE,1018640,2,2
6752,znicar,alt-ctg_669819,FALSE,FALSE,1468140,5,6
6753,znicar,alt-ctg_670573,FALSE,FALSE,1026953,3,8
6754,znicar,alt-ctg_671068,FALSE,FALSE,1349372,9,3
6755,znicar,alt-ctg_671919,FALSE,FALSE,1519082,4,3
6756,znicar,alt-ctg_672715,FALSE,FALSE,1043001,1,4
6757,znicar,alt-ctg_673014,FALSE,FALSE,1549809,1,8
6758,znicar,alt-ctg_675169,FALSE,FALSE,1025276,2,2
6759,znicar,alt-ctg_675375,FALSE,FALSE,1516343,2,6
6760,znicar,alt-ctg_676193,FALSE,FALSE,1305687,1,3
6761,znicar,alt-ctg_676553,FALSE,FALSE,1078898,3,2
6762,znicar,alt-ctg_677393,FALSE,FALSE,1136646,1,4
6763,znicar,alt-ctg_677962,FALSE,FALSE,1126955,6,3
6764,znicar,alt-ctg_678198,FALSE,FALSE,1525694,5,2
6765,znicar,alt-ctg_679658,FALSE,FALSE,1532530,2,5
6766,znicar,alt-ctg_680687,FALSE,FALSE,1156611,3,3
6767,znicar,alt-ctg_681012,FALSE,FALSE,1093557,4,2
6768,znicar,alt-ctg_681693,FALSE,FALSE,1105662,6,9
6769,znicar,alt-ctg_684078,FALSE,FALSE,1096256,6,2
6770,znicar,alt-ctg_68524,FALSE,FALSE,1045058,6,6
6771,znicar,alt-ctg_687460,FALSE,FALSE,1164824,2,3
6772,znicar,alt-ctg_687718,FALSE,FALSE,1102645,4,5
6773,znicar,alt-ctg_688620,FALSE,FALSE,1296007,3,1
6774,znicar,alt-ctg_688870,FALSE,FALSE,1007472,3,5
6775,znicar,alt-ctg_690510,FALSE,FALSE,1229806,2,2
6776,znicar,alt-ctg_690791,FALSE,FALSE,1601289,3,3
6777,znicar,alt-ctg_691146,FALSE,FALSE,1007029,3,7
6778,znicar,alt-ctg_691371,FALSE,FALSE,1860551,2,1
6779,znicar,alt-ctg_693339,FALSE,FALSE,1317764,3,2
6780,znicar,alt-ctg_693617,FALSE,FALSE,1386344,4,2
6781,znicar,alt-ctg_695378,FALSE,FALSE,1812105,2,3
6782,znicar,alt-ctg_696210,FALSE,FALSE,1803700,2,1
6783,znicar,alt-ctg_698293,FALSE,FALSE,1782384,3,3
6784,znicar,alt-ctg_698692,FALSE,FALSE,1793505,4,4
6785,znicar,alt-ctg_700816,FALSE,FALSE,1501550,3,2
6786,znicar,alt-ctg_701533,FALSE,FALSE,995490,4,7
6787,znicar,alt-ctg_702611,FALSE,FALSE,1491501,4,5
6788,znicar,alt-ctg_703229,FALSE,FALSE,1705921,2,5
6789,znicar,alt-ctg_704529,FALSE,FALSE,1280564,2,1
6790,znicar,alt-ctg_705855,FALSE,FALSE,1049149,4,3
6791,znicar,alt-ctg_706285,FALSE,FALSE,1111707,5,3
6792,znicar,alt-ctg_706545,FALSE,FALSE,1133381,4,6
6793,znicar,alt-ctg_706892,FALSE,FALSE,1060128,4,2
6794,znicar,alt-ctg_708459,FALSE,FALSE,1708214,7,1
6795,znicar,alt-ctg_708790,FALSE,FALSE,1047982,4,6
6796,znicar,alt-ctg_709399,FALSE,FALSE,3153179,5,4
6797,znicar,alt-ctg_714471,FALSE,FALSE,1331646,3,1
6798,znicar,alt-ctg_715461,FALSE,FALSE,1033984,6,4
6799,znicar,alt-ctg_717179,FALSE,FALSE,2164317,6,2
6800,znicar,alt-ctg_717625,FALSE,FALSE,1930184,3,4
6801,znicar,alt-ctg_718180,FALSE,FALSE,2060015,5,4
6802,znicar,alt-ctg_718761,FALSE,FALSE,1360187,6,3
6803,znicar,alt-ctg_721771,TRUE,FALSE,1049206,11,8
6804,znicar,alt-ctg_726228,FALSE,FALSE,1502436,1,6
6805,znicar,alt-ctg_730687,FALSE,FALSE,2974673,3,4
6806,znicar,alt-ctg_731518,FALSE,FALSE,1428604,3,4
6807,znicar,alt-ctg_732752,FALSE,FALSE,1198319,3,3
6808,znicar,alt-ctg_733562,FALSE,FALSE,1079967,4,4
6809,znicar,alt-ctg_735546,FALSE,FALSE,1340925,4,2
6810,znicar,alt-ctg_735881,FALSE,FALSE,1353371,6,5
6811,znicar,alt-ctg_736842,FALSE,FALSE,1301107,8,8
6812,znicar,alt-ctg_737915,FALSE,FALSE,1100982,1,5
6813,znicar,alt-ctg_738978,FALSE,FALSE,996282,7,6
6814,znicar,alt-ctg_742521,FALSE,FALSE,1130691,5,1
6815,znicar,alt-ctg_742833,FALSE,FALSE,1344566,3,4
6816,znicar,alt-ctg_743107,FALSE,FALSE,1074587,4,2
6817,znicar,alt-ctg_743907,FALSE,FALSE,1172138,8,0
6818,znicar,alt-ctg_746824,FALSE,FALSE,1110947,3,2
6819,znicar,alt-ctg_7485,FALSE,FALSE,1193067,4,3
6820,znicar,alt-ctg_749061,FALSE,FALSE,1749157,3,1
6821,znicar,alt-ctg_753761,FALSE,FALSE,994704,5,3
6822,znicar,alt-ctg_754080,FALSE,FALSE,1363974,5,5
6823,znicar,alt-ctg_755817,FALSE,FALSE,999886,1,3
6824,znicar,alt-ctg_756715,FALSE,FALSE,1123712,3,3
6825,znicar,alt-ctg_756926,FALSE,FALSE,1429178,8,3
6826,znicar,alt-ctg_758718,FALSE,FALSE,1381073,5,2
6827,znicar,alt-ctg_761150,FALSE,FALSE,1399189,4,4
6828,znicar,alt-ctg_761668,FALSE,FALSE,1693516,2,3
6829,znicar,alt-ctg_762579,FALSE,FALSE,1126848,2,2
6830,znicar,alt-ctg_764284,TRUE,FALSE,1248760,10,3
6831,znicar,alt-ctg_766127,FALSE,FALSE,1878737,3,2
6832,znicar,alt-ctg_768532,TRUE,FALSE,1430762,10,2
6833,znicar,alt-ctg_769811,FALSE,FALSE,1373898,5,4
6834,znicar,alt-ctg_770458,FALSE,FALSE,1104433,0,0
6835,znicar,alt-ctg_771087,FALSE,FALSE,1093496,7,5
6836,znicar,alt-ctg_771624,FALSE,FALSE,1436516,2,2
6837,znicar,alt-ctg_773717,FALSE,FALSE,1265980,3,3
6838,znicar,alt-ctg_774394,FALSE,FALSE,1451316,7,2
6839,znicar,alt-ctg_775963,FALSE,FALSE,1046851,3,1
6840,znicar,alt-ctg_776788,FALSE,FALSE,2150706,5,6
6841,znicar,alt-ctg_777501,FALSE,FALSE,1714357,7,3
6842,znicar,alt-ctg_779651,FALSE,FALSE,1885534,4,9
6843,znicar,alt-ctg_780198,FALSE,FALSE,1039132,3,2
6844,znicar,alt-ctg_780916,FALSE,FALSE,1315605,3,2
6845,znicar,alt-ctg_783046,FALSE,FALSE,1414964,2,3
6846,znicar,alt-ctg_784013,FALSE,FALSE,1306294,4,4
6847,znicar,alt-ctg_792354,FALSE,FALSE,1027888,5,4
6848,znicar,alt-ctg_794555,FALSE,FALSE,1092188,4,3
6849,znicar,alt-ctg_796869,FALSE,FALSE,1059711,1,2
6850,znicar,alt-ctg_797501,FALSE,FALSE,1569499,8,3
6851,znicar,alt-ctg_800136,FALSE,FALSE,1593741,4,6
6852,znicar,alt-ctg_814867,FALSE,FALSE,1033118,5,3
6853,znicar,chr1,FALSE,FALSE,355829828,3,2
6854,znicar,chr10,TRUE,FALSE,130157774,705,0
6855,znicar,chr2,FALSE,FALSE,303263372,3,3
6856,znicar,chr3,FALSE,TRUE,336926206,0,1029
6857,znicar,chr4,FALSE,FALSE,328646443,0,3
6858,znicar,chr5,FALSE,FALSE,174511167,5,4
6859,znicar,chr6,TRUE,FALSE,220124023,1280,0
6860,znicar,chr7,FALSE,FALSE,153817061,3,1
6861,znicar,chr8,TRUE,FALSE,180938672,783,2
6862,znicar,chr9,FALSE,FALSE,192433533,7,3
6863,znicar,ctg_128388,FALSE,FALSE,1565452,0,1
6864,znicar,ctg_269023,FALSE,FALSE,1394934,0,0
6865,znicar,ctg_298813,FALSE,FALSE,1589772,0,0
6866,znicar,ctg_420835,FALSE,FALSE,1386176,0,0
6867,znicar,ctg_518177,FALSE,FALSE,1159863,6,6
6868,znicar,ctg_557776,FALSE,FALSE,1795591,0,0
6869,znicar,ctg_585482,FALSE,FALSE,1624709,2,0
6870,znicar,ctg_599406,FALSE,FALSE,1526247,0,0
6871,znicar,ctg_624024,FALSE,FALSE,1001427,0,0
6872,znicar,ctg_627195,FALSE,FALSE,2918976,3,0
6873,znicar,ctg_660515,FALSE,FALSE,1851991,0,0
6874,znicar,ctg_671431,FALSE,FALSE,1598141,0,0
6875,znicar,ctg_680190,FALSE,FALSE,2235365,0,0
6876,znicar,ctg_694405,FALSE,FALSE,1868507,0,0
6877,znicar,ctg_694781,FALSE,FALSE,1350351,0,2
6878,znicar,ctg_712757,FALSE,FALSE,1688859,2,0
6879,znicar,ctg_736227,FALSE,FALSE,1110288,1,0
6880,znicar,ctg_738743,FALSE,FALSE,1400617,1,0
6881,znicar,ctg_755072,FALSE,FALSE,1384834,0,1
6882,znicar,ctg_765562,FALSE,FALSE,1986008,0,0
6883,znicar,ctg_786666,FALSE,FALSE,1292651,1,0
6884,znicar,ctg_799320,FALSE,FALSE,999610,3,0
